student_id,term,week,date,attendance_rate
S2000,Term1,1,2024-01-10,90.17015206203696
S2000,Term1,2,2024-01-17,87.83850632337835
S2000,Term1,3,2024-01-24,94.20475227387642
S2000,Term1,4,2024-01-31,91.4558040658113
S2000,Term1,5,2024-02-07,93.6141547479552
S2000,Term1,6,2024-02-14,100.0
S2000,Term1,7,2024-02-21,95.60349458765167
S2000,Term1,8,2024-02-28,83.07416535605725
S2000,Term1,9,2024-03-06,71.525186127078
S2000,Term1,10,2024-03-13,100.0
S2000,Term1,11,2024-03-20,82.14731951983465
S2000,Term1,12,2024-03-27,79.32271103967373
S2000,Term2,1,2024-04-03,64.15927818682673
S2000,Term2,2,2024-04-10,89.06167726374534
S2000,Term2,3,2024-04-17,86.78663924744524
S2000,Term2,4,2024-04-24,66.81862076500623
S2000,Term2,5,2024-05-01,90.43928850559811
S2000,Term2,6,2024-05-08,79.02169695158273
S2000,Term2,7,2024-05-15,100.0
S2000,Term2,8,2024-05-22,78.16766569490959
S2000,Term2,9,2024-05-29,79.77768001362648
S2000,Term2,10,2024-06-05,74.50268530894759
S2000,Term2,11,2024-06-12,100.0
S2000,Term2,12,2024-06-19,80.52669046642296
S2000,Term3,1,2024-06-26,76.30103015481404
S2000,Term3,2,2024-07-03,93.48346011904651
S2000,Term3,3,2024-07-10,68.43576477504178
S2000,Term3,4,2024-07-17,92.50132655498737
S2000,Term3,5,2024-07-24,100.0
S2000,Term3,6,2024-07-31,91.79929399402107
S2000,Term3,7,2024-08-07,92.6547797951191
S2000,Term3,8,2024-08-14,95.4407226028898
S2000,Term3,9,2024-08-21,100.0
S2000,Term3,10,2024-08-28,99.51872752022925
S2000,Term3,11,2024-09-04,90.27603666727629
S2000,Term3,12,2024-09-11,95.84669680763201
S2001,Term1,1,2024-01-10,74.36878089441868
S2001,Term1,2,2024-01-17,94.31552308896786
S2001,Term1,3,2024-01-24,72.93332834579503
S2001,Term1,4,2024-01-31,80.59573097642048
S2001,Term1,5,2024-02-07,48.00925389828115
S2001,Term1,6,2024-02-14,89.81715591240955
S2001,Term1,7,2024-02-21,77.27353586669977
S2001,Term1,8,2024-02-28,98.33374258245355
S2001,Term1,9,2024-03-06,89.68231132726483
S2001,Term1,10,2024-03-13,98.4891507364195
S2001,Term1,11,2024-03-20,71.99684146392954
S2001,Term1,12,2024-03-27,97.46063244591559
S2001,Term2,1,2024-04-03,100.0
S2001,Term2,2,2024-04-10,94.16989959918273
S2001,Term2,3,2024-04-17,94.48418810430746
S2001,Term2,4,2024-04-24,87.03517211673922
S2001,Term2,5,2024-05-01,78.70397463321562
S2001,Term2,6,2024-05-08,94.1343084724181
S2001,Term2,7,2024-05-15,66.92700507517517
S2001,Term2,8,2024-05-22,79.9869385009502
S2001,Term2,9,2024-05-29,63.74731837195381
S2001,Term2,10,2024-06-05,76.556123472219
S2001,Term2,11,2024-06-12,92.70454110272273
S2001,Term2,12,2024-06-19,91.06472051464556
S2001,Term3,1,2024-06-26,85.61096434642567
S2001,Term3,2,2024-07-03,87.04481192874412
S2001,Term3,3,2024-07-10,62.36962458562949
S2001,Term3,4,2024-07-17,80.52925263314901
S2001,Term3,5,2024-07-24,76.82378072277749
S2001,Term3,6,2024-07-31,77.0912837138255
S2001,Term3,7,2024-08-07,92.19494353376504
S2001,Term3,8,2024-08-14,74.67391208193628
S2001,Term3,9,2024-08-21,77.74382979847107
S2001,Term3,10,2024-08-28,59.955169051485804
S2001,Term3,11,2024-09-04,81.47052183548597
S2001,Term3,12,2024-09-11,71.94594942743656
S2002,Term1,1,2024-01-10,85.95043514427573
S2002,Term1,2,2024-01-17,73.58670343909043
S2002,Term1,3,2024-01-24,86.2545069465906
S2002,Term1,4,2024-01-31,83.26377087109188
S2002,Term1,5,2024-02-07,100.0
S2002,Term1,6,2024-02-14,90.96661576543832
S2002,Term1,7,2024-02-21,62.92434552925236
S2002,Term1,8,2024-02-28,69.8213338707675
S2002,Term1,9,2024-03-06,85.662496107908
S2002,Term1,10,2024-03-13,73.84182461928819
S2002,Term1,11,2024-03-20,49.379578837169774
S2002,Term1,12,2024-03-27,100.0
S2002,Term2,1,2024-04-03,93.64268820286489
S2002,Term2,2,2024-04-10,91.25172248190125
S2002,Term2,3,2024-04-17,77.71212345434901
S2002,Term2,4,2024-04-24,90.13212125211916
S2002,Term2,5,2024-05-01,76.54767610934942
S2002,Term2,6,2024-05-08,87.45828760261229
S2002,Term2,7,2024-05-15,73.95300128996227
S2002,Term2,8,2024-05-22,100.0
S2002,Term2,9,2024-05-29,66.15716015101786
S2002,Term2,10,2024-06-05,99.78740595412998
S2002,Term2,11,2024-06-12,85.46698993620797
S2002,Term2,12,2024-06-19,79.12639605589611
S2002,Term3,1,2024-06-26,87.00403506034885
S2002,Term3,2,2024-07-03,93.80017608613817
S2002,Term3,3,2024-07-10,100.0
S2002,Term3,4,2024-07-17,88.75771627760238
S2002,Term3,5,2024-07-24,74.31164697685267
S2002,Term3,6,2024-07-31,85.66756148518947
S2002,Term3,7,2024-08-07,100.0
S2002,Term3,8,2024-08-14,100.0
S2002,Term3,9,2024-08-21,95.9051617374923
S2002,Term3,10,2024-08-28,94.54824424146864
S2002,Term3,11,2024-09-04,93.3934010872785
S2002,Term3,12,2024-09-11,98.90505801411844
S2003,Term1,1,2024-01-10,79.52045457133714
S2003,Term1,2,2024-01-17,68.73896721069993
S2003,Term1,3,2024-01-24,85.82804200884473
S2003,Term1,4,2024-01-31,75.18902095866771
S2003,Term1,5,2024-02-07,72.33975093547379
S2003,Term1,6,2024-02-14,76.35665708094481
S2003,Term1,7,2024-02-21,100.0
S2003,Term1,8,2024-02-28,86.63349560891012
S2003,Term1,9,2024-03-06,89.34289403633186
S2003,Term1,10,2024-03-13,70.33164631594894
S2003,Term1,11,2024-03-20,62.87496449448844
S2003,Term1,12,2024-03-27,75.17136828257433
S2003,Term2,1,2024-04-03,100.0
S2003,Term2,2,2024-04-10,89.01130559291825
S2003,Term2,3,2024-04-17,92.18314109733271
S2003,Term2,4,2024-04-24,93.86279247042474
S2003,Term2,5,2024-05-01,77.90380744242067
S2003,Term2,6,2024-05-08,100.0
S2003,Term2,7,2024-05-15,77.40630880933381
S2003,Term2,8,2024-05-22,100.0
S2003,Term2,9,2024-05-29,90.30762587362409
S2003,Term2,10,2024-06-05,63.531458149044134
S2003,Term2,11,2024-06-12,76.02388616079358
S2003,Term2,12,2024-06-19,63.58073760553474
S2003,Term3,1,2024-06-26,98.9593855935305
S2003,Term3,2,2024-07-03,84.70317495037119
S2003,Term3,3,2024-07-10,58.25989072060264
S2003,Term3,4,2024-07-17,89.5089625806359
S2003,Term3,5,2024-07-24,78.55402885134016
S2003,Term3,6,2024-07-31,67.19432973960012
S2003,Term3,7,2024-08-07,100.0
S2003,Term3,8,2024-08-14,86.28743039315894
S2003,Term3,9,2024-08-21,81.47882317224025
S2003,Term3,10,2024-08-28,80.2069026281678
S2003,Term3,11,2024-09-04,66.84064637010673
S2003,Term3,12,2024-09-11,69.34541320499069
S2004,Term1,1,2024-01-10,100.0
S2004,Term1,2,2024-01-17,79.31340556257138
S2004,Term1,3,2024-01-24,85.26481241124236
S2004,Term1,4,2024-01-31,60.46803428558711
S2004,Term1,5,2024-02-07,69.18289557045394
S2004,Term1,6,2024-02-14,92.31775023849704
S2004,Term1,7,2024-02-21,89.53254112136601
S2004,Term1,8,2024-02-28,100.0
S2004,Term1,9,2024-03-06,100.0
S2004,Term1,10,2024-03-13,82.23146833018212
S2004,Term1,11,2024-03-20,90.67544277655925
S2004,Term1,12,2024-03-27,81.20075868516311
S2004,Term2,1,2024-04-03,100.0
S2004,Term2,2,2024-04-10,98.7881763526288
S2004,Term2,3,2024-04-17,87.03622109029301
S2004,Term2,4,2024-04-24,87.40473741851622
S2004,Term2,5,2024-05-01,100.0
S2004,Term2,6,2024-05-08,91.95493416536617
S2004,Term2,7,2024-05-15,100.0
S2004,Term2,8,2024-05-22,58.676224884893514
S2004,Term2,9,2024-05-29,90.53473913798558
S2004,Term2,10,2024-06-05,78.81478162382338
S2004,Term2,11,2024-06-12,100.0
S2004,Term2,12,2024-06-19,100.0
S2004,Term3,1,2024-06-26,85.39402970921569
S2004,Term3,2,2024-07-03,100.0
S2004,Term3,3,2024-07-10,100.0
S2004,Term3,4,2024-07-17,85.89288006311376
S2004,Term3,5,2024-07-24,100.0
S2004,Term3,6,2024-07-31,84.62390616796333
S2004,Term3,7,2024-08-07,82.4257485959691
S2004,Term3,8,2024-08-14,95.39047106301211
S2004,Term3,9,2024-08-21,80.75451122629224
S2004,Term3,10,2024-08-28,86.02407730953873
S2004,Term3,11,2024-09-04,100.0
S2004,Term3,12,2024-09-11,85.23062622660724
S2005,Term1,1,2024-01-10,64.6597864842963
S2005,Term1,2,2024-01-17,89.40783265419036
S2005,Term1,3,2024-01-24,76.64447705137127
S2005,Term1,4,2024-01-31,95.38325388753455
S2005,Term1,5,2024-02-07,93.35427658991495
S2005,Term1,6,2024-02-14,100.0
S2005,Term1,7,2024-02-21,95.89038760951236
S2005,Term1,8,2024-02-28,98.08293140389678
S2005,Term1,9,2024-03-06,76.97083887834744
S2005,Term1,10,2024-03-13,94.64783795068603
S2005,Term1,11,2024-03-20,100.0
S2005,Term1,12,2024-03-27,76.7362010963588
S2005,Term2,1,2024-04-03,100.0
S2005,Term2,2,2024-04-10,78.40779890558403
S2005,Term2,3,2024-04-17,74.77634505940031
S2005,Term2,4,2024-04-24,88.55440532025806
S2005,Term2,5,2024-05-01,93.59092499354571
S2005,Term2,6,2024-05-08,95.94100148766718
S2005,Term2,7,2024-05-15,73.45885095072158
S2005,Term2,8,2024-05-22,90.21448116705149
S2005,Term2,9,2024-05-29,76.77334514219794
S2005,Term2,10,2024-06-05,67.13293292715308
S2005,Term2,11,2024-06-12,73.85516421360659
S2005,Term2,12,2024-06-19,75.98919560853018
S2005,Term3,1,2024-06-26,91.25914192423008
S2005,Term3,2,2024-07-03,98.82656395682402
S2005,Term3,3,2024-07-10,67.3215204414968
S2005,Term3,4,2024-07-17,89.22353289049667
S2005,Term3,5,2024-07-24,70.87962177074913
S2005,Term3,6,2024-07-31,92.54902490816801
S2005,Term3,7,2024-08-07,77.52723302795502
S2005,Term3,8,2024-08-14,72.38405178372065
S2005,Term3,9,2024-08-21,94.5959741841709
S2005,Term3,10,2024-08-28,77.95692873465886
S2005,Term3,11,2024-09-04,81.20843258376762
S2005,Term3,12,2024-09-11,58.360130949323484
S2006,Term1,1,2024-01-10,96.35861633708168
S2006,Term1,2,2024-01-17,94.85090225402928
S2006,Term1,3,2024-01-24,85.06549413137577
S2006,Term1,4,2024-01-31,66.66902870373089
S2006,Term1,5,2024-02-07,99.51243014001716
S2006,Term1,6,2024-02-14,77.0048393636705
S2006,Term1,7,2024-02-21,79.55975859879294
S2006,Term1,8,2024-02-28,100.0
S2006,Term1,9,2024-03-06,76.55636267068924
S2006,Term1,10,2024-03-13,93.906519549118
S2006,Term1,11,2024-03-20,91.74510714499141
S2006,Term1,12,2024-03-27,89.68206631456103
S2006,Term2,1,2024-04-03,88.38400651065413
S2006,Term2,2,2024-04-10,89.51666274267039
S2006,Term2,3,2024-04-17,88.26328709128649
S2006,Term2,4,2024-04-24,84.37697969468726
S2006,Term2,5,2024-05-01,100.0
S2006,Term2,6,2024-05-08,69.24807327040867
S2006,Term2,7,2024-05-15,97.25749724818452
S2006,Term2,8,2024-05-22,94.86810758425062
S2006,Term2,9,2024-05-29,93.38078945595282
S2006,Term2,10,2024-06-05,98.40375313168154
S2006,Term2,11,2024-06-12,83.88880725677929
S2006,Term2,12,2024-06-19,62.57231109007748
S2006,Term3,1,2024-06-26,84.13248808342617
S2006,Term3,2,2024-07-03,73.10566938850535
S2006,Term3,3,2024-07-10,76.21768948170323
S2006,Term3,4,2024-07-17,70.09096391401106
S2006,Term3,5,2024-07-24,79.27186169867399
S2006,Term3,6,2024-07-31,77.8405156721986
S2006,Term3,7,2024-08-07,56.46916204087477
S2006,Term3,8,2024-08-14,93.40266293538747
S2006,Term3,9,2024-08-21,100.0
S2006,Term3,10,2024-08-28,92.27484632195547
S2006,Term3,11,2024-09-04,82.56491252158926
S2006,Term3,12,2024-09-11,84.34304325188542
S2007,Term1,1,2024-01-10,79.94816958384189
S2007,Term1,2,2024-01-17,86.0804990064035
S2007,Term1,3,2024-01-24,84.55590287112119
S2007,Term1,4,2024-01-31,74.90741883522047
S2007,Term1,5,2024-02-07,100.0
S2007,Term1,6,2024-02-14,67.15414917148274
S2007,Term1,7,2024-02-21,93.61997851833095
S2007,Term1,8,2024-02-28,83.78562847218961
S2007,Term1,9,2024-03-06,100.0
S2007,Term1,10,2024-03-13,89.09037519097866
S2007,Term1,11,2024-03-20,80.68113355380102
S2007,Term1,12,2024-03-27,82.02751361878603
S2007,Term2,1,2024-04-03,85.47888033423713
S2007,Term2,2,2024-04-10,71.28651166004319
S2007,Term2,3,2024-04-17,75.79756569858506
S2007,Term2,4,2024-04-24,63.58067236969771
S2007,Term2,5,2024-05-01,73.92427721951087
S2007,Term2,6,2024-05-08,86.1268777799254
S2007,Term2,7,2024-05-15,88.60210059141426
S2007,Term2,8,2024-05-22,61.24804366004318
S2007,Term2,9,2024-05-29,83.3534595634696
S2007,Term2,10,2024-06-05,91.7609194098656
S2007,Term2,11,2024-06-12,83.04505367948518
S2007,Term2,12,2024-06-19,77.39453625066639
S2007,Term3,1,2024-06-26,80.05406625942143
S2007,Term3,2,2024-07-03,78.51083974027334
S2007,Term3,3,2024-07-10,77.35923329070332
S2007,Term3,4,2024-07-17,87.08588230293817
S2007,Term3,5,2024-07-24,100.0
S2007,Term3,6,2024-07-31,76.0756009971378
S2007,Term3,7,2024-08-07,81.18228840806287
S2007,Term3,8,2024-08-14,84.37962472749722
S2007,Term3,9,2024-08-21,76.75174678770048
S2007,Term3,10,2024-08-28,98.17882964228112
S2007,Term3,11,2024-09-04,56.54937552032274
S2007,Term3,12,2024-09-11,78.6272899554559
S2008,Term1,1,2024-01-10,94.81976483583955
S2008,Term1,2,2024-01-17,81.47086829933639
S2008,Term1,3,2024-01-24,75.1499324937965
S2008,Term1,4,2024-01-31,90.28908105326516
S2008,Term1,5,2024-02-07,95.87611882476583
S2008,Term1,6,2024-02-14,87.5276253425807
S2008,Term1,7,2024-02-21,75.3853556822454
S2008,Term1,8,2024-02-28,90.47443982982092
S2008,Term1,9,2024-03-06,80.17540839670252
S2008,Term1,10,2024-03-13,93.94224258272594
S2008,Term1,11,2024-03-20,100.0
S2008,Term1,12,2024-03-27,53.73307893173761
S2008,Term2,1,2024-04-03,86.33280967834759
S2008,Term2,2,2024-04-10,64.17119275662847
S2008,Term2,3,2024-04-17,100.0
S2008,Term2,4,2024-04-24,79.38250559444572
S2008,Term2,5,2024-05-01,93.95647890190446
S2008,Term2,6,2024-05-08,84.57619768486126
S2008,Term2,7,2024-05-15,75.36298503137128
S2008,Term2,8,2024-05-22,73.93536343387088
S2008,Term2,9,2024-05-29,100.0
S2008,Term2,10,2024-06-05,96.47125672213973
S2008,Term2,11,2024-06-12,100.0
S2008,Term2,12,2024-06-19,85.6654400218924
S2008,Term3,1,2024-06-26,88.455035454952
S2008,Term3,2,2024-07-03,81.79370121213654
S2008,Term3,3,2024-07-10,81.55501356261989
S2008,Term3,4,2024-07-17,72.49735681027158
S2008,Term3,5,2024-07-24,86.00812229109222
S2008,Term3,6,2024-07-31,75.52904086136563
S2008,Term3,7,2024-08-07,90.30290706597043
S2008,Term3,8,2024-08-14,87.04012262776251
S2008,Term3,9,2024-08-21,88.45218452410867
S2008,Term3,10,2024-08-28,100.0
S2008,Term3,11,2024-09-04,84.54738460281291
S2008,Term3,12,2024-09-11,94.08072403424114
S2009,Term1,1,2024-01-10,100.0
S2009,Term1,2,2024-01-17,100.0
S2009,Term1,3,2024-01-24,98.83803638145814
S2009,Term1,4,2024-01-31,81.319741413754
S2009,Term1,5,2024-02-07,87.75571666681356
S2009,Term1,6,2024-02-14,69.18068449564069
S2009,Term1,7,2024-02-21,90.98697281157297
S2009,Term1,8,2024-02-28,88.2935221313661
S2009,Term1,9,2024-03-06,85.28062150187418
S2009,Term1,10,2024-03-13,97.32633745891432
S2009,Term1,11,2024-03-20,70.50670213090724
S2009,Term1,12,2024-03-27,100.0
S2009,Term2,1,2024-04-03,95.8211762552834
S2009,Term2,2,2024-04-10,84.15239224417631
S2009,Term2,3,2024-04-17,83.21524494619128
S2009,Term2,4,2024-04-24,90.76733458298312
S2009,Term2,5,2024-05-01,100.0
S2009,Term2,6,2024-05-08,86.21929262428013
S2009,Term2,7,2024-05-15,86.72837082375071
S2009,Term2,8,2024-05-22,85.21742173151046
S2009,Term2,9,2024-05-29,100.0
S2009,Term2,10,2024-06-05,80.57340276475571
S2009,Term2,11,2024-06-12,84.64590881657115
S2009,Term2,12,2024-06-19,100.0
S2009,Term3,1,2024-06-26,86.76413000335437
S2009,Term3,2,2024-07-03,98.64470632054626
S2009,Term3,3,2024-07-10,74.06463931716449
S2009,Term3,4,2024-07-17,82.53648974045782
S2009,Term3,5,2024-07-24,100.0
S2009,Term3,6,2024-07-31,76.88392341083745
S2009,Term3,7,2024-08-07,83.18441152276351
S2009,Term3,8,2024-08-14,88.08022277069774
S2009,Term3,9,2024-08-21,73.13014578408416
S2009,Term3,10,2024-08-28,80.03427857653723
S2009,Term3,11,2024-09-04,86.35164018190768
S2009,Term3,12,2024-09-11,85.56018080994353
S2010,Term1,1,2024-01-10,100.0
S2010,Term1,2,2024-01-17,100.0
S2010,Term1,3,2024-01-24,74.72698153598907
S2010,Term1,4,2024-01-31,86.33522223000988
S2010,Term1,5,2024-02-07,93.09097970109718
S2010,Term1,6,2024-02-14,100.0
S2010,Term1,7,2024-02-21,93.62188356780555
S2010,Term1,8,2024-02-28,88.49096081910798
S2010,Term1,9,2024-03-06,92.99851038379157
S2010,Term1,10,2024-03-13,93.08522601203512
S2010,Term1,11,2024-03-20,73.86742849258758
S2010,Term1,12,2024-03-27,87.31358551007523
S2010,Term2,1,2024-04-03,100.0
S2010,Term2,2,2024-04-10,82.51171877567194
S2010,Term2,3,2024-04-17,86.55335971056932
S2010,Term2,4,2024-04-24,82.08980260568774
S2010,Term2,5,2024-05-01,57.2336860527175
S2010,Term2,6,2024-05-08,85.24708212681615
S2010,Term2,7,2024-05-15,88.62150316783448
S2010,Term2,8,2024-05-22,78.85007930942918
S2010,Term2,9,2024-05-29,71.14435661338327
S2010,Term2,10,2024-06-05,74.4327224826202
S2010,Term2,11,2024-06-12,94.17025139362677
S2010,Term2,12,2024-06-19,100.0
S2010,Term3,1,2024-06-26,100.0
S2010,Term3,2,2024-07-03,68.86784794203338
S2010,Term3,3,2024-07-10,95.25552772660843
S2010,Term3,4,2024-07-17,77.04205149028851
S2010,Term3,5,2024-07-24,78.01279524989468
S2010,Term3,6,2024-07-31,79.45629282434459
S2010,Term3,7,2024-08-07,93.47280339826517
S2010,Term3,8,2024-08-14,96.51104051738847
S2010,Term3,9,2024-08-21,83.82362714464254
S2010,Term3,10,2024-08-28,84.0271511079037
S2010,Term3,11,2024-09-04,90.57116491882951
S2010,Term3,12,2024-09-11,91.8159344742909
S2011,Term1,1,2024-01-10,99.11470848110235
S2011,Term1,2,2024-01-17,69.58753629388961
S2011,Term1,3,2024-01-24,85.24032807764836
S2011,Term1,4,2024-01-31,72.18370748930587
S2011,Term1,5,2024-02-07,84.38869265123917
S2011,Term1,6,2024-02-14,82.28589654783087
S2011,Term1,7,2024-02-21,84.43900655316757
S2011,Term1,8,2024-02-28,75.40308534267362
S2011,Term1,9,2024-03-06,67.15252248151086
S2011,Term1,10,2024-03-13,59.86674967942116
S2011,Term1,11,2024-03-20,83.42583814882191
S2011,Term1,12,2024-03-27,79.82798673000472
S2011,Term2,1,2024-04-03,76.88874802235408
S2011,Term2,2,2024-04-10,100.0
S2011,Term2,3,2024-04-17,74.68674175845626
S2011,Term2,4,2024-04-24,100.0
S2011,Term2,5,2024-05-01,100.0
S2011,Term2,6,2024-05-08,61.589194398527425
S2011,Term2,7,2024-05-15,86.10857750798763
S2011,Term2,8,2024-05-22,80.20364210996811
S2011,Term2,9,2024-05-29,50.05835266339281
S2011,Term2,10,2024-06-05,67.66430496317903
S2011,Term2,11,2024-06-12,94.2992332853017
S2011,Term2,12,2024-06-19,100.0
S2011,Term3,1,2024-06-26,95.83213771239099
S2011,Term3,2,2024-07-03,88.88358967015573
S2011,Term3,3,2024-07-10,84.74401142042694
S2011,Term3,4,2024-07-17,100.0
S2011,Term3,5,2024-07-24,100.0
S2011,Term3,6,2024-07-31,77.95788784570976
S2011,Term3,7,2024-08-07,61.00016127627651
S2011,Term3,8,2024-08-14,59.82175044074558
S2011,Term3,9,2024-08-21,100.0
S2011,Term3,10,2024-08-28,84.43529751070736
S2011,Term3,11,2024-09-04,87.19890292550463
S2011,Term3,12,2024-09-11,63.512188084519444
S2012,Term1,1,2024-01-10,75.9617330465384
S2012,Term1,2,2024-01-17,81.45423023319061
S2012,Term1,3,2024-01-24,87.49406060036884
S2012,Term1,4,2024-01-31,80.21689553303489
S2012,Term1,5,2024-02-07,72.55208562038389
S2012,Term1,6,2024-02-14,75.58519608876972
S2012,Term1,7,2024-02-21,99.4998794313668
S2012,Term1,8,2024-02-28,87.937415435242
S2012,Term1,9,2024-03-06,92.34588168346662
S2012,Term1,10,2024-03-13,74.21351426947204
S2012,Term1,11,2024-03-20,49.55411817519251
S2012,Term1,12,2024-03-27,78.72274831738605
S2012,Term2,1,2024-04-03,74.60115334689404
S2012,Term2,2,2024-04-10,89.18814722353696
S2012,Term2,3,2024-04-17,100.0
S2012,Term2,4,2024-04-24,93.34199221141907
S2012,Term2,5,2024-05-01,100.0
S2012,Term2,6,2024-05-08,91.82523634407339
S2012,Term2,7,2024-05-15,77.44136514912742
S2012,Term2,8,2024-05-22,89.1749929374506
S2012,Term2,9,2024-05-29,100.0
S2012,Term2,10,2024-06-05,100.0
S2012,Term2,11,2024-06-12,78.09595158348306
S2012,Term2,12,2024-06-19,88.03820434839159
S2012,Term3,1,2024-06-26,67.84879744394625
S2012,Term3,2,2024-07-03,94.89602349629716
S2012,Term3,3,2024-07-10,100.0
S2012,Term3,4,2024-07-17,85.47759344939219
S2012,Term3,5,2024-07-24,76.99139134767846
S2012,Term3,6,2024-07-31,89.32157141533075
S2012,Term3,7,2024-08-07,90.00950837635799
S2012,Term3,8,2024-08-14,85.97372598219545
S2012,Term3,9,2024-08-21,87.14458149203143
S2012,Term3,10,2024-08-28,82.91422179436755
S2012,Term3,11,2024-09-04,96.95145913871687
S2012,Term3,12,2024-09-11,93.83472934198153
S2013,Term1,1,2024-01-10,73.20276223427021
S2013,Term1,2,2024-01-17,72.87291276209686
S2013,Term1,3,2024-01-24,81.94750699568125
S2013,Term1,4,2024-01-31,93.84204548926215
S2013,Term1,5,2024-02-07,86.77668896668978
S2013,Term1,6,2024-02-14,77.28219507852813
S2013,Term1,7,2024-02-21,88.13822316070996
S2013,Term1,8,2024-02-28,81.03027376573273
S2013,Term1,9,2024-03-06,95.56583752268958
S2013,Term1,10,2024-03-13,88.99670122080457
S2013,Term1,11,2024-03-20,81.21666175057427
S2013,Term1,12,2024-03-27,87.77822526455753
S2013,Term2,1,2024-04-03,100.0
S2013,Term2,2,2024-04-10,78.16443908144348
S2013,Term2,3,2024-04-17,89.83188377976593
S2013,Term2,4,2024-04-24,84.15447591440805
S2013,Term2,5,2024-05-01,90.1238042063452
S2013,Term2,6,2024-05-08,77.14522070085124
S2013,Term2,7,2024-05-15,86.3240251979125
S2013,Term2,8,2024-05-22,98.2938793890016
S2013,Term2,9,2024-05-29,73.75591622504672
S2013,Term2,10,2024-06-05,69.04713876009902
S2013,Term2,11,2024-06-12,69.50253322615643
S2013,Term2,12,2024-06-19,70.95204963759772
S2013,Term3,1,2024-06-26,92.14387945471196
S2013,Term3,2,2024-07-03,68.12968376961442
S2013,Term3,3,2024-07-10,81.42525586307764
S2013,Term3,4,2024-07-17,92.4194716397285
S2013,Term3,5,2024-07-24,89.99990872658313
S2013,Term3,6,2024-07-31,80.37329224045018
S2013,Term3,7,2024-08-07,87.29108478106127
S2013,Term3,8,2024-08-14,86.28574395685082
S2013,Term3,9,2024-08-21,82.30910853342176
S2013,Term3,10,2024-08-28,82.46998337614504
S2013,Term3,11,2024-09-04,100.0
S2013,Term3,12,2024-09-11,94.7117308471756
S2014,Term1,1,2024-01-10,100.0
S2014,Term1,2,2024-01-17,79.03644240495399
S2014,Term1,3,2024-01-24,83.98040083734223
S2014,Term1,4,2024-01-31,69.01449081668024
S2014,Term1,5,2024-02-07,75.28519837492513
S2014,Term1,6,2024-02-14,100.0
S2014,Term1,7,2024-02-21,78.73558852189892
S2014,Term1,8,2024-02-28,100.0
S2014,Term1,9,2024-03-06,70.07965287184132
S2014,Term1,10,2024-03-13,72.35837159112067
S2014,Term1,11,2024-03-20,80.90522534771895
S2014,Term1,12,2024-03-27,84.23500093984987
S2014,Term2,1,2024-04-03,96.07704750940155
S2014,Term2,2,2024-04-10,90.4092450062352
S2014,Term2,3,2024-04-17,80.00421691187167
S2014,Term2,4,2024-04-24,83.40021032178272
S2014,Term2,5,2024-05-01,81.1712449625836
S2014,Term2,6,2024-05-08,74.02415517609124
S2014,Term2,7,2024-05-15,74.34444476078053
S2014,Term2,8,2024-05-22,97.33460669720091
S2014,Term2,9,2024-05-29,63.06202086487432
S2014,Term2,10,2024-06-05,100.0
S2014,Term2,11,2024-06-12,80.88406929277322
S2014,Term2,12,2024-06-19,75.72989672329408
S2014,Term3,1,2024-06-26,93.87711148836723
S2014,Term3,2,2024-07-03,100.0
S2014,Term3,3,2024-07-10,98.41158929924748
S2014,Term3,4,2024-07-17,91.0222245923187
S2014,Term3,5,2024-07-24,98.04236187666203
S2014,Term3,6,2024-07-31,64.4020290742736
S2014,Term3,7,2024-08-07,78.73803350214222
S2014,Term3,8,2024-08-14,74.06595927970187
S2014,Term3,9,2024-08-21,99.6956647745821
S2014,Term3,10,2024-08-28,80.39826377291335
S2014,Term3,11,2024-09-04,95.14487868138467
S2014,Term3,12,2024-09-11,91.43028330986365
S2015,Term1,1,2024-01-10,74.65231676603582
S2015,Term1,2,2024-01-17,77.95650148028459
S2015,Term1,3,2024-01-24,100.0
S2015,Term1,4,2024-01-31,75.69420821578704
S2015,Term1,5,2024-02-07,86.49841132234575
S2015,Term1,6,2024-02-14,75.60950456408266
S2015,Term1,7,2024-02-21,81.23257375700967
S2015,Term1,8,2024-02-28,84.44605667236034
S2015,Term1,9,2024-03-06,75.6056018764301
S2015,Term1,10,2024-03-13,73.47463655219342
S2015,Term1,11,2024-03-20,88.4352800413293
S2015,Term1,12,2024-03-27,74.86315109450588
S2015,Term2,1,2024-04-03,75.27210933161592
S2015,Term2,2,2024-04-10,73.73136227557634
S2015,Term2,3,2024-04-17,84.06510344402417
S2015,Term2,4,2024-04-24,96.3244196127981
S2015,Term2,5,2024-05-01,100.0
S2015,Term2,6,2024-05-08,76.28898296807466
S2015,Term2,7,2024-05-15,100.0
S2015,Term2,8,2024-05-22,72.94354167151845
S2015,Term2,9,2024-05-29,98.00258227993444
S2015,Term2,10,2024-06-05,76.33964255181469
S2015,Term2,11,2024-06-12,74.54892076155987
S2015,Term2,12,2024-06-19,76.06292611858734
S2015,Term3,1,2024-06-26,84.37062760421057
S2015,Term3,2,2024-07-03,91.95966605240332
S2015,Term3,3,2024-07-10,93.03841645485787
S2015,Term3,4,2024-07-17,73.67217981582534
S2015,Term3,5,2024-07-24,73.12408854986478
S2015,Term3,6,2024-07-31,74.00033567963743
S2015,Term3,7,2024-08-07,83.66374717137387
S2015,Term3,8,2024-08-14,82.4781327497095
S2015,Term3,9,2024-08-21,73.59789445516246
S2015,Term3,10,2024-08-28,88.23524432875892
S2015,Term3,11,2024-09-04,100.0
S2015,Term3,12,2024-09-11,78.94341445797818
S2016,Term1,1,2024-01-10,79.7978581455576
S2016,Term1,2,2024-01-17,91.71593884389242
S2016,Term1,3,2024-01-24,78.29420449915847
S2016,Term1,4,2024-01-31,93.02757378061818
S2016,Term1,5,2024-02-07,76.37748751865152
S2016,Term1,6,2024-02-14,100.0
S2016,Term1,7,2024-02-21,89.13729967110754
S2016,Term1,8,2024-02-28,77.55972461107946
S2016,Term1,9,2024-03-06,77.93569960636871
S2016,Term1,10,2024-03-13,78.83440296750358
S2016,Term1,11,2024-03-20,100.0
S2016,Term1,12,2024-03-27,69.7749879087846
S2016,Term2,1,2024-04-03,76.98469995448595
S2016,Term2,2,2024-04-10,78.26007331689489
S2016,Term2,3,2024-04-17,84.81174439891674
S2016,Term2,4,2024-04-24,81.74668368823846
S2016,Term2,5,2024-05-01,67.10526602331444
S2016,Term2,6,2024-05-08,80.20212779685438
S2016,Term2,7,2024-05-15,83.80539180178037
S2016,Term2,8,2024-05-22,77.4628259790426
S2016,Term2,9,2024-05-29,93.24130586857197
S2016,Term2,10,2024-06-05,96.03290114504377
S2016,Term2,11,2024-06-12,84.05935960324729
S2016,Term2,12,2024-06-19,87.76649904220875
S2016,Term3,1,2024-06-26,59.06732803180875
S2016,Term3,2,2024-07-03,79.94676673405802
S2016,Term3,3,2024-07-10,97.05786030109495
S2016,Term3,4,2024-07-17,79.91876100184867
S2016,Term3,5,2024-07-24,76.15285988329647
S2016,Term3,6,2024-07-31,100.0
S2016,Term3,7,2024-08-07,100.0
S2016,Term3,8,2024-08-14,90.61089894978589
S2016,Term3,9,2024-08-21,98.66692733776057
S2016,Term3,10,2024-08-28,58.288774984503064
S2016,Term3,11,2024-09-04,75.54938271245553
S2016,Term3,12,2024-09-11,79.36050552192218
S2017,Term1,1,2024-01-10,82.16823881359664
S2017,Term1,2,2024-01-17,79.12067174831245
S2017,Term1,3,2024-01-24,54.39968450180384
S2017,Term1,4,2024-01-31,89.63229542450271
S2017,Term1,5,2024-02-07,91.52384953936728
S2017,Term1,6,2024-02-14,100.0
S2017,Term1,7,2024-02-21,75.54028882270043
S2017,Term1,8,2024-02-28,74.55804210664118
S2017,Term1,9,2024-03-06,52.84018616842637
S2017,Term1,10,2024-03-13,81.47719796090936
S2017,Term1,11,2024-03-20,95.81334137274607
S2017,Term1,12,2024-03-27,77.65878565368737
S2017,Term2,1,2024-04-03,100.0
S2017,Term2,2,2024-04-10,81.92086197052572
S2017,Term2,3,2024-04-17,86.76390741146267
S2017,Term2,4,2024-04-24,68.64276303302087
S2017,Term2,5,2024-05-01,88.44664414210335
S2017,Term2,6,2024-05-08,61.248162461767656
S2017,Term2,7,2024-05-15,93.32437546015774
S2017,Term2,8,2024-05-22,93.69313811482495
S2017,Term2,9,2024-05-29,100.0
S2017,Term2,10,2024-06-05,72.76037537478774
S2017,Term2,11,2024-06-12,86.92674541956903
S2017,Term2,12,2024-06-19,91.76579871263804
S2017,Term3,1,2024-06-26,90.30737965996371
S2017,Term3,2,2024-07-03,74.61640869838179
S2017,Term3,3,2024-07-10,56.29621732532632
S2017,Term3,4,2024-07-17,89.16352356261378
S2017,Term3,5,2024-07-24,83.17000386028097
S2017,Term3,6,2024-07-31,78.19995288446272
S2017,Term3,7,2024-08-07,94.16734436458559
S2017,Term3,8,2024-08-14,84.46096554214681
S2017,Term3,9,2024-08-21,69.1696593667864
S2017,Term3,10,2024-08-28,61.82257253084534
S2017,Term3,11,2024-09-04,71.45244081840201
S2017,Term3,12,2024-09-11,100.0
S2018,Term1,1,2024-01-10,93.67332128719327
S2018,Term1,2,2024-01-17,87.26334810370014
S2018,Term1,3,2024-01-24,82.82006887377034
S2018,Term1,4,2024-01-31,82.03128472063077
S2018,Term1,5,2024-02-07,99.00635180030913
S2018,Term1,6,2024-02-14,79.11285109715882
S2018,Term1,7,2024-02-21,91.92304492821151
S2018,Term1,8,2024-02-28,80.81886459650087
S2018,Term1,9,2024-03-06,100.0
S2018,Term1,10,2024-03-13,93.90746209093965
S2018,Term1,11,2024-03-20,99.9466817762035
S2018,Term1,12,2024-03-27,77.98708270374114
S2018,Term2,1,2024-04-03,97.69763335080906
S2018,Term2,2,2024-04-10,81.24907089526371
S2018,Term2,3,2024-04-17,86.3204178871942
S2018,Term2,4,2024-04-24,100.0
S2018,Term2,5,2024-05-01,72.48669931892297
S2018,Term2,6,2024-05-08,87.43897277566481
S2018,Term2,7,2024-05-15,90.25606310222472
S2018,Term2,8,2024-05-22,91.24005256960972
S2018,Term2,9,2024-05-29,79.59058608287842
S2018,Term2,10,2024-06-05,100.0
S2018,Term2,11,2024-06-12,69.46081737591687
S2018,Term2,12,2024-06-19,100.0
S2018,Term3,1,2024-06-26,99.58078726709967
S2018,Term3,2,2024-07-03,100.0
S2018,Term3,3,2024-07-10,65.94127481550616
S2018,Term3,4,2024-07-17,74.57402214532348
S2018,Term3,5,2024-07-24,100.0
S2018,Term3,6,2024-07-31,62.47553014443629
S2018,Term3,7,2024-08-07,65.72249318751503
S2018,Term3,8,2024-08-14,79.1403065594621
S2018,Term3,9,2024-08-21,87.30392546346721
S2018,Term3,10,2024-08-28,100.0
S2018,Term3,11,2024-09-04,82.7768090208357
S2018,Term3,12,2024-09-11,77.70113022322553
S2019,Term1,1,2024-01-10,88.73667925235712
S2019,Term1,2,2024-01-17,90.6351577995328
S2019,Term1,3,2024-01-24,90.29487786604325
S2019,Term1,4,2024-01-31,82.86416550458387
S2019,Term1,5,2024-02-07,61.5389666329822
S2019,Term1,6,2024-02-14,73.98860813072402
S2019,Term1,7,2024-02-21,100.0
S2019,Term1,8,2024-02-28,87.2448272557192
S2019,Term1,9,2024-03-06,81.12973457071531
S2019,Term1,10,2024-03-13,98.4180225804877
S2019,Term1,11,2024-03-20,71.43860041157262
S2019,Term1,12,2024-03-27,82.2958223954439
S2019,Term2,1,2024-04-03,86.65310086208845
S2019,Term2,2,2024-04-10,79.70346996046445
S2019,Term2,3,2024-04-17,86.20915387481918
S2019,Term2,4,2024-04-24,82.74767282293882
S2019,Term2,5,2024-05-01,68.2078834265695
S2019,Term2,6,2024-05-08,87.17773458254867
S2019,Term2,7,2024-05-15,69.05977850184559
S2019,Term2,8,2024-05-22,86.98738150116067
S2019,Term2,9,2024-05-29,100.0
S2019,Term2,10,2024-06-05,81.62772163268735
S2019,Term2,11,2024-06-12,70.94220244034817
S2019,Term2,12,2024-06-19,83.47614624154023
S2019,Term3,1,2024-06-26,75.01634670305762
S2019,Term3,2,2024-07-03,92.13410803157764
S2019,Term3,3,2024-07-10,83.22413502972576
S2019,Term3,4,2024-07-17,100.0
S2019,Term3,5,2024-07-24,98.95587514812806
S2019,Term3,6,2024-07-31,83.16303394622317
S2019,Term3,7,2024-08-07,93.58730881567709
S2019,Term3,8,2024-08-14,80.28116309004585
S2019,Term3,9,2024-08-21,85.40748262198201
S2019,Term3,10,2024-08-28,80.66278964379626
S2019,Term3,11,2024-09-04,94.19747151819651
S2019,Term3,12,2024-09-11,100.0
S2020,Term1,1,2024-01-10,94.58377848629372
S2020,Term1,2,2024-01-17,96.06323921542428
S2020,Term1,3,2024-01-24,96.07640124682875
S2020,Term1,4,2024-01-31,91.61507106801652
S2020,Term1,5,2024-02-07,71.32856608947678
S2020,Term1,6,2024-02-14,100.0
S2020,Term1,7,2024-02-21,100.0
S2020,Term1,8,2024-02-28,82.19344476023957
S2020,Term1,9,2024-03-06,80.55162501740581
S2020,Term1,10,2024-03-13,92.3489398349845
S2020,Term1,11,2024-03-20,91.60975402220205
S2020,Term1,12,2024-03-27,82.57664717496377
S2020,Term2,1,2024-04-03,69.99969213294875
S2020,Term2,2,2024-04-10,88.66841428899733
S2020,Term2,3,2024-04-17,91.61723845810654
S2020,Term2,4,2024-04-24,93.70985377646556
S2020,Term2,5,2024-05-01,89.19151326825049
S2020,Term2,6,2024-05-08,81.7466182196571
S2020,Term2,7,2024-05-15,96.92802447407534
S2020,Term2,8,2024-05-22,85.79018197079102
S2020,Term2,9,2024-05-29,79.42092382762335
S2020,Term2,10,2024-06-05,82.83215941545134
S2020,Term2,11,2024-06-12,64.04837161030022
S2020,Term2,12,2024-06-19,82.81309810985753
S2020,Term3,1,2024-06-26,93.26123823849602
S2020,Term3,2,2024-07-03,89.07739626567076
S2020,Term3,3,2024-07-10,100.0
S2020,Term3,4,2024-07-17,81.84430103181155
S2020,Term3,5,2024-07-24,90.8477579566398
S2020,Term3,6,2024-07-31,94.51288211566927
S2020,Term3,7,2024-08-07,100.0
S2020,Term3,8,2024-08-14,86.73718589341169
S2020,Term3,9,2024-08-21,72.46975385363172
S2020,Term3,10,2024-08-28,95.17514504026339
S2020,Term3,11,2024-09-04,100.0
S2020,Term3,12,2024-09-11,81.12941547728055
S2021,Term1,1,2024-01-10,95.09297846327699
S2021,Term1,2,2024-01-17,99.74473666274704
S2021,Term1,3,2024-01-24,97.20478652764184
S2021,Term1,4,2024-01-31,86.50670226968293
S2021,Term1,5,2024-02-07,76.61831490144225
S2021,Term1,6,2024-02-14,84.02464542383697
S2021,Term1,7,2024-02-21,90.50320544653157
S2021,Term1,8,2024-02-28,95.89867028910075
S2021,Term1,9,2024-03-06,89.00734057598847
S2021,Term1,10,2024-03-13,80.44110440151307
S2021,Term1,11,2024-03-20,91.66455587379723
S2021,Term1,12,2024-03-27,95.32102081291384
S2021,Term2,1,2024-04-03,89.55532067697376
S2021,Term2,2,2024-04-10,74.9657546255401
S2021,Term2,3,2024-04-17,82.82312758339373
S2021,Term2,4,2024-04-24,96.3738493169496
S2021,Term2,5,2024-05-01,68.40378629506631
S2021,Term2,6,2024-05-08,59.88186373130609
S2021,Term2,7,2024-05-15,100.0
S2021,Term2,8,2024-05-22,91.13698306026255
S2021,Term2,9,2024-05-29,92.28076003024128
S2021,Term2,10,2024-06-05,72.07819631647533
S2021,Term2,11,2024-06-12,93.85033676159846
S2021,Term2,12,2024-06-19,88.30298425082037
S2021,Term3,1,2024-06-26,65.98806906581923
S2021,Term3,2,2024-07-03,100.0
S2021,Term3,3,2024-07-10,86.90419988342475
S2021,Term3,4,2024-07-17,80.24699240704878
S2021,Term3,5,2024-07-24,80.46412304817738
S2021,Term3,6,2024-07-31,60.81733713481148
S2021,Term3,7,2024-08-07,92.12003919557637
S2021,Term3,8,2024-08-14,88.1422864869487
S2021,Term3,9,2024-08-21,82.67103841200286
S2021,Term3,10,2024-08-28,100.0
S2021,Term3,11,2024-09-04,68.39369177204985
S2021,Term3,12,2024-09-11,77.83873028358862
S2022,Term1,1,2024-01-10,74.79990094287537
S2022,Term1,2,2024-01-17,81.65446024274137
S2022,Term1,3,2024-01-24,85.80964030308668
S2022,Term1,4,2024-01-31,90.16016228573626
S2022,Term1,5,2024-02-07,80.8363185627386
S2022,Term1,6,2024-02-14,74.47173117814128
S2022,Term1,7,2024-02-21,100.0
S2022,Term1,8,2024-02-28,100.0
S2022,Term1,9,2024-03-06,86.7194400625843
S2022,Term1,10,2024-03-13,75.91863559574959
S2022,Term1,11,2024-03-20,100.0
S2022,Term1,12,2024-03-27,67.63891472405842
S2022,Term2,1,2024-04-03,80.98272010354206
S2022,Term2,2,2024-04-10,76.64659538384439
S2022,Term2,3,2024-04-17,71.08557339459414
S2022,Term2,4,2024-04-24,81.63970920493877
S2022,Term2,5,2024-05-01,74.62993504991242
S2022,Term2,6,2024-05-08,85.15185356978385
S2022,Term2,7,2024-05-15,85.32612601206957
S2022,Term2,8,2024-05-22,77.54401931773624
S2022,Term2,9,2024-05-29,80.55383972087357
S2022,Term2,10,2024-06-05,82.22981238515547
S2022,Term2,11,2024-06-12,94.71815273343313
S2022,Term2,12,2024-06-19,83.21884718722977
S2022,Term3,1,2024-06-26,94.89642088943317
S2022,Term3,2,2024-07-03,92.02975580265587
S2022,Term3,3,2024-07-10,91.8583683628089
S2022,Term3,4,2024-07-17,100.0
S2022,Term3,5,2024-07-24,71.56730944304908
S2022,Term3,6,2024-07-31,79.32180272431464
S2022,Term3,7,2024-08-07,100.0
S2022,Term3,8,2024-08-14,81.91220199292879
S2022,Term3,9,2024-08-21,51.218515721129805
S2022,Term3,10,2024-08-28,82.56437988222538
S2022,Term3,11,2024-09-04,86.619274361959
S2022,Term3,12,2024-09-11,53.59464259082547
S2023,Term1,1,2024-01-10,100.0
S2023,Term1,2,2024-01-17,76.43545043361277
S2023,Term1,3,2024-01-24,88.94275738225019
S2023,Term1,4,2024-01-31,82.28822145587125
S2023,Term1,5,2024-02-07,69.53978296955151
S2023,Term1,6,2024-02-14,72.15390238437496
S2023,Term1,7,2024-02-21,73.77900596286943
S2023,Term1,8,2024-02-28,98.02806291020366
S2023,Term1,9,2024-03-06,83.22954174279818
S2023,Term1,10,2024-03-13,78.73761380137904
S2023,Term1,11,2024-03-20,73.78469304891722
S2023,Term1,12,2024-03-27,99.35380265831351
S2023,Term2,1,2024-04-03,100.0
S2023,Term2,2,2024-04-10,99.21692678448017
S2023,Term2,3,2024-04-17,90.90924806985
S2023,Term2,4,2024-04-24,88.47796050244854
S2023,Term2,5,2024-05-01,70.40874618428919
S2023,Term2,6,2024-05-08,82.05017047946731
S2023,Term2,7,2024-05-15,76.79367755984276
S2023,Term2,8,2024-05-22,63.093854692183484
S2023,Term2,9,2024-05-29,97.68452102998438
S2023,Term2,10,2024-06-05,76.6500406432927
S2023,Term2,11,2024-06-12,99.35130288922369
S2023,Term2,12,2024-06-19,95.58095680912015
S2023,Term3,1,2024-06-26,91.68061571960102
S2023,Term3,2,2024-07-03,92.3546088611582
S2023,Term3,3,2024-07-10,77.6162334151155
S2023,Term3,4,2024-07-17,100.0
S2023,Term3,5,2024-07-24,85.5175051714366
S2023,Term3,6,2024-07-31,88.62318022142445
S2023,Term3,7,2024-08-07,77.21108399720033
S2023,Term3,8,2024-08-14,73.82601687067648
S2023,Term3,9,2024-08-21,90.72755210571307
S2023,Term3,10,2024-08-28,87.61016195126543
S2023,Term3,11,2024-09-04,75.52777160916906
S2023,Term3,12,2024-09-11,67.73887937469516
S2024,Term1,1,2024-01-10,69.76092295206944
S2024,Term1,2,2024-01-17,99.35360460509328
S2024,Term1,3,2024-01-24,77.64095422419913
S2024,Term1,4,2024-01-31,80.93309745188999
S2024,Term1,5,2024-02-07,100.0
S2024,Term1,6,2024-02-14,71.53419326216303
S2024,Term1,7,2024-02-21,76.27606209139532
S2024,Term1,8,2024-02-28,75.77479805727168
S2024,Term1,9,2024-03-06,100.0
S2024,Term1,10,2024-03-13,100.0
S2024,Term1,11,2024-03-20,94.01875870482606
S2024,Term1,12,2024-03-27,94.40061668985088
S2024,Term2,1,2024-04-03,78.03573996576722
S2024,Term2,2,2024-04-10,100.0
S2024,Term2,3,2024-04-17,88.21235505230395
S2024,Term2,4,2024-04-24,95.23732317339687
S2024,Term2,5,2024-05-01,83.73370073474855
S2024,Term2,6,2024-05-08,81.78360895206868
S2024,Term2,7,2024-05-15,100.0
S2024,Term2,8,2024-05-22,91.47668415685969
S2024,Term2,9,2024-05-29,100.0
S2024,Term2,10,2024-06-05,88.06393806094053
S2024,Term2,11,2024-06-12,74.81960156292291
S2024,Term2,12,2024-06-19,77.99988480545815
S2024,Term3,1,2024-06-26,86.23558290957533
S2024,Term3,2,2024-07-03,77.48199740748008
S2024,Term3,3,2024-07-10,71.71046309646772
S2024,Term3,4,2024-07-17,99.4170043814443
S2024,Term3,5,2024-07-24,78.46155915011785
S2024,Term3,6,2024-07-31,86.65831297349584
S2024,Term3,7,2024-08-07,88.55360307862726
S2024,Term3,8,2024-08-14,77.94216249615317
S2024,Term3,9,2024-08-21,100.0
S2024,Term3,10,2024-08-28,71.59429886554464
S2024,Term3,11,2024-09-04,88.13950316296925
S2024,Term3,12,2024-09-11,87.953412476519
S2025,Term1,1,2024-01-10,84.34894476563022
S2025,Term1,2,2024-01-17,69.43704864073621
S2025,Term1,3,2024-01-24,95.44981062236157
S2025,Term1,4,2024-01-31,93.92212804401515
S2025,Term1,5,2024-02-07,76.89317765690541
S2025,Term1,6,2024-02-14,93.48984648646434
S2025,Term1,7,2024-02-21,89.4988922356093
S2025,Term1,8,2024-02-28,69.6326542556667
S2025,Term1,9,2024-03-06,74.75285302514371
S2025,Term1,10,2024-03-13,98.65937733867494
S2025,Term1,11,2024-03-20,88.7129942217046
S2025,Term1,12,2024-03-27,78.22836465027248
S2025,Term2,1,2024-04-03,74.6982893059283
S2025,Term2,2,2024-04-10,78.81527442261495
S2025,Term2,3,2024-04-17,79.66624564146754
S2025,Term2,4,2024-04-24,74.84844360844897
S2025,Term2,5,2024-05-01,64.09883065140038
S2025,Term2,6,2024-05-08,98.68015943680942
S2025,Term2,7,2024-05-15,96.64760407133731
S2025,Term2,8,2024-05-22,69.72093457831768
S2025,Term2,9,2024-05-29,86.63573554676401
S2025,Term2,10,2024-06-05,74.1731415674228
S2025,Term2,11,2024-06-12,81.86119332128158
S2025,Term2,12,2024-06-19,80.86280104151612
S2025,Term3,1,2024-06-26,79.86598941138553
S2025,Term3,2,2024-07-03,100.0
S2025,Term3,3,2024-07-10,79.71609178388572
S2025,Term3,4,2024-07-17,75.3008340991969
S2025,Term3,5,2024-07-24,75.84902284603542
S2025,Term3,6,2024-07-31,97.52532347682106
S2025,Term3,7,2024-08-07,65.17477201968478
S2025,Term3,8,2024-08-14,75.84852500277375
S2025,Term3,9,2024-08-21,100.0
S2025,Term3,10,2024-08-28,87.92783425597176
S2025,Term3,11,2024-09-04,87.30306406043336
S2025,Term3,12,2024-09-11,100.0
S2026,Term1,1,2024-01-10,87.95617543538198
S2026,Term1,2,2024-01-17,76.50176606368501
S2026,Term1,3,2024-01-24,81.61507531748381
S2026,Term1,4,2024-01-31,71.37481229163318
S2026,Term1,5,2024-02-07,100.0
S2026,Term1,6,2024-02-14,91.89474061044058
S2026,Term1,7,2024-02-21,98.49296979965067
S2026,Term1,8,2024-02-28,99.55580714259244
S2026,Term1,9,2024-03-06,80.0294706288696
S2026,Term1,10,2024-03-13,73.66296577589333
S2026,Term1,11,2024-03-20,84.37944266430345
S2026,Term1,12,2024-03-27,74.52686715053754
S2026,Term2,1,2024-04-03,86.97948250490829
S2026,Term2,2,2024-04-10,98.58516257001627
S2026,Term2,3,2024-04-17,82.98232424740999
S2026,Term2,4,2024-04-24,86.79994107889287
S2026,Term2,5,2024-05-01,83.8738526053196
S2026,Term2,6,2024-05-08,94.63273086925237
S2026,Term2,7,2024-05-15,76.98661126854051
S2026,Term2,8,2024-05-22,58.642644860282815
S2026,Term2,9,2024-05-29,90.65042631250456
S2026,Term2,10,2024-06-05,96.85401305569593
S2026,Term2,11,2024-06-12,90.35649093710242
S2026,Term2,12,2024-06-19,77.31723405438383
S2026,Term3,1,2024-06-26,71.37985482176717
S2026,Term3,2,2024-07-03,90.93397038136385
S2026,Term3,3,2024-07-10,86.69774743521609
S2026,Term3,4,2024-07-17,83.49048846810004
S2026,Term3,5,2024-07-24,100.0
S2026,Term3,6,2024-07-31,73.63839886982402
S2026,Term3,7,2024-08-07,100.0
S2026,Term3,8,2024-08-14,85.38140685844768
S2026,Term3,9,2024-08-21,62.973154277549504
S2026,Term3,10,2024-08-28,82.8495681481703
S2026,Term3,11,2024-09-04,96.51395291919329
S2026,Term3,12,2024-09-11,80.61933960634035
S2027,Term1,1,2024-01-10,67.30265750513927
S2027,Term1,2,2024-01-17,83.02582561844596
S2027,Term1,3,2024-01-24,74.71393151329953
S2027,Term1,4,2024-01-31,90.90177281305554
S2027,Term1,5,2024-02-07,94.28079779281134
S2027,Term1,6,2024-02-14,72.32475510702272
S2027,Term1,7,2024-02-21,76.5303513386122
S2027,Term1,8,2024-02-28,94.07970958128325
S2027,Term1,9,2024-03-06,74.69386866041249
S2027,Term1,10,2024-03-13,72.01410237006405
S2027,Term1,11,2024-03-20,70.85570641844494
S2027,Term1,12,2024-03-27,89.22446335549745
S2027,Term2,1,2024-04-03,88.70989263420957
S2027,Term2,2,2024-04-10,76.7914476354515
S2027,Term2,3,2024-04-17,85.0610247535388
S2027,Term2,4,2024-04-24,100.0
S2027,Term2,5,2024-05-01,73.31127811698134
S2027,Term2,6,2024-05-08,61.5790886918746
S2027,Term2,7,2024-05-15,90.46090690864445
S2027,Term2,8,2024-05-22,83.67518603318094
S2027,Term2,9,2024-05-29,76.47969895821879
S2027,Term2,10,2024-06-05,92.82496284825889
S2027,Term2,11,2024-06-12,95.07070173602548
S2027,Term2,12,2024-06-19,58.50066376143889
S2027,Term3,1,2024-06-26,77.16882508802215
S2027,Term3,2,2024-07-03,100.0
S2027,Term3,3,2024-07-10,92.00085898957829
S2027,Term3,4,2024-07-17,93.1132436595658
S2027,Term3,5,2024-07-24,99.07473134357774
S2027,Term3,6,2024-07-31,85.20482590239672
S2027,Term3,7,2024-08-07,94.56020992109944
S2027,Term3,8,2024-08-14,93.61674452604643
S2027,Term3,9,2024-08-21,91.46849796103311
S2027,Term3,10,2024-08-28,81.13585635259115
S2027,Term3,11,2024-09-04,87.06470706839511
S2027,Term3,12,2024-09-11,77.93966122831866
S2028,Term1,1,2024-01-10,85.15377165479794
S2028,Term1,2,2024-01-17,70.9781092948088
S2028,Term1,3,2024-01-24,75.51251210472458
S2028,Term1,4,2024-01-31,81.61225549690084
S2028,Term1,5,2024-02-07,73.67553482283908
S2028,Term1,6,2024-02-14,78.93979275105788
S2028,Term1,7,2024-02-21,83.03288827893381
S2028,Term1,8,2024-02-28,89.82714813597252
S2028,Term1,9,2024-03-06,96.3910876222349
S2028,Term1,10,2024-03-13,79.4345875434627
S2028,Term1,11,2024-03-20,100.0
S2028,Term1,12,2024-03-27,96.26333294350592
S2028,Term2,1,2024-04-03,91.0491259833273
S2028,Term2,2,2024-04-10,86.84378955155942
S2028,Term2,3,2024-04-17,88.8294501024225
S2028,Term2,4,2024-04-24,99.24461380799659
S2028,Term2,5,2024-05-01,99.68295591711129
S2028,Term2,6,2024-05-08,100.0
S2028,Term2,7,2024-05-15,85.49592198252404
S2028,Term2,8,2024-05-22,91.65960597998335
S2028,Term2,9,2024-05-29,100.0
S2028,Term2,10,2024-06-05,77.51540758100329
S2028,Term2,11,2024-06-12,81.17899775538035
S2028,Term2,12,2024-06-19,85.19243995616173
S2028,Term3,1,2024-06-26,95.79518485575288
S2028,Term3,2,2024-07-03,95.98206580862347
S2028,Term3,3,2024-07-10,82.22963066562478
S2028,Term3,4,2024-07-17,66.89668654744348
S2028,Term3,5,2024-07-24,87.9542073315516
S2028,Term3,6,2024-07-31,73.98020635205918
S2028,Term3,7,2024-08-07,67.12076554431732
S2028,Term3,8,2024-08-14,69.8335412711954
S2028,Term3,9,2024-08-21,88.91657209414673
S2028,Term3,10,2024-08-28,100.0
S2028,Term3,11,2024-09-04,85.46673419483493
S2028,Term3,12,2024-09-11,87.53656785575157
S2029,Term1,1,2024-01-10,99.19473926653511
S2029,Term1,2,2024-01-17,66.46654109099735
S2029,Term1,3,2024-01-24,91.24211705920325
S2029,Term1,4,2024-01-31,84.86092258817415
S2029,Term1,5,2024-02-07,91.79268950598481
S2029,Term1,6,2024-02-14,79.19819309915421
S2029,Term1,7,2024-02-21,75.1847525148822
S2029,Term1,8,2024-02-28,86.68610685142727
S2029,Term1,9,2024-03-06,100.0
S2029,Term1,10,2024-03-13,95.33092125449755
S2029,Term1,11,2024-03-20,78.9076867578389
S2029,Term1,12,2024-03-27,68.90833556822464
S2029,Term2,1,2024-04-03,64.81519259562657
S2029,Term2,2,2024-04-10,100.0
S2029,Term2,3,2024-04-17,73.53901254237007
S2029,Term2,4,2024-04-24,81.09383904406076
S2029,Term2,5,2024-05-01,100.0
S2029,Term2,6,2024-05-08,65.6331825342521
S2029,Term2,7,2024-05-15,100.0
S2029,Term2,8,2024-05-22,81.95631455328997
S2029,Term2,9,2024-05-29,71.21700021713514
S2029,Term2,10,2024-06-05,82.03178887421304
S2029,Term2,11,2024-06-12,76.32883862318226
S2029,Term2,12,2024-06-19,90.28983758686859
S2029,Term3,1,2024-06-26,77.22241079334667
S2029,Term3,2,2024-07-03,62.06029346897148
S2029,Term3,3,2024-07-10,82.35324958709212
S2029,Term3,4,2024-07-17,68.72145937256153
S2029,Term3,5,2024-07-24,87.45183860785984
S2029,Term3,6,2024-07-31,70.75443601260011
S2029,Term3,7,2024-08-07,79.14384636193498
S2029,Term3,8,2024-08-14,87.19105365057203
S2029,Term3,9,2024-08-21,82.45049529958877
S2029,Term3,10,2024-08-28,88.00516339601253
S2029,Term3,11,2024-09-04,93.16344598861308
S2029,Term3,12,2024-09-11,71.10479560322433
S2030,Term1,1,2024-01-10,84.2272295125035
S2030,Term1,2,2024-01-17,45.04595442990245
S2030,Term1,3,2024-01-24,87.96799962019028
S2030,Term1,4,2024-01-31,81.39023043550189
S2030,Term1,5,2024-02-07,73.19860283826435
S2030,Term1,6,2024-02-14,88.7886330675583
S2030,Term1,7,2024-02-21,99.07237092622081
S2030,Term1,8,2024-02-28,79.28778702881269
S2030,Term1,9,2024-03-06,73.66222611709935
S2030,Term1,10,2024-03-13,86.98030314926454
S2030,Term1,11,2024-03-20,68.97272000024367
S2030,Term1,12,2024-03-27,77.07542355357353
S2030,Term2,1,2024-04-03,99.66882593980603
S2030,Term2,2,2024-04-10,85.74615075774746
S2030,Term2,3,2024-04-17,62.446396432646004
S2030,Term2,4,2024-04-24,63.43610023264719
S2030,Term2,5,2024-05-01,86.9450283117613
S2030,Term2,6,2024-05-08,95.34868691101225
S2030,Term2,7,2024-05-15,65.5885424964862
S2030,Term2,8,2024-05-22,90.3965512899581
S2030,Term2,9,2024-05-29,100.0
S2030,Term2,10,2024-06-05,100.0
S2030,Term2,11,2024-06-12,88.97467311831852
S2030,Term2,12,2024-06-19,91.08163113462969
S2030,Term3,1,2024-06-26,59.401786868462274
S2030,Term3,2,2024-07-03,100.0
S2030,Term3,3,2024-07-10,78.09411744284654
S2030,Term3,4,2024-07-17,73.7983460988995
S2030,Term3,5,2024-07-24,81.9375263867245
S2030,Term3,6,2024-07-31,100.0
S2030,Term3,7,2024-08-07,100.0
S2030,Term3,8,2024-08-14,86.50490415371013
S2030,Term3,9,2024-08-21,96.97701007124387
S2030,Term3,10,2024-08-28,85.51844858422605
S2030,Term3,11,2024-09-04,72.54645432378179
S2030,Term3,12,2024-09-11,100.0
S2031,Term1,1,2024-01-10,77.53447023572333
S2031,Term1,2,2024-01-17,100.0
S2031,Term1,3,2024-01-24,100.0
S2031,Term1,4,2024-01-31,92.3684351674865
S2031,Term1,5,2024-02-07,100.0
S2031,Term1,6,2024-02-14,100.0
S2031,Term1,7,2024-02-21,82.89707964442826
S2031,Term1,8,2024-02-28,75.29447057900282
S2031,Term1,9,2024-03-06,62.62876195292233
S2031,Term1,10,2024-03-13,100.0
S2031,Term1,11,2024-03-20,79.7238158929786
S2031,Term1,12,2024-03-27,98.62044228522088
S2031,Term2,1,2024-04-03,76.1049355898862
S2031,Term2,2,2024-04-10,100.0
S2031,Term2,3,2024-04-17,76.59858889821504
S2031,Term2,4,2024-04-24,70.69937039659189
S2031,Term2,5,2024-05-01,82.49792282855499
S2031,Term2,6,2024-05-08,78.61869158846035
S2031,Term2,7,2024-05-15,92.15559742553455
S2031,Term2,8,2024-05-22,84.38326087368972
S2031,Term2,9,2024-05-29,92.53242873462305
S2031,Term2,10,2024-06-05,81.50774232297647
S2031,Term2,11,2024-06-12,77.01871154777433
S2031,Term2,12,2024-06-19,77.99727342524712
S2031,Term3,1,2024-06-26,100.0
S2031,Term3,2,2024-07-03,87.70205118672322
S2031,Term3,3,2024-07-10,61.19485348656347
S2031,Term3,4,2024-07-17,78.75749183855103
S2031,Term3,5,2024-07-24,86.1623923897105
S2031,Term3,6,2024-07-31,100.0
S2031,Term3,7,2024-08-07,97.3443845906788
S2031,Term3,8,2024-08-14,73.93938596221702
S2031,Term3,9,2024-08-21,100.0
S2031,Term3,10,2024-08-28,84.62607562238227
S2031,Term3,11,2024-09-04,99.95595773289934
S2031,Term3,12,2024-09-11,71.13989803120117
S2032,Term1,1,2024-01-10,56.222042856989226
S2032,Term1,2,2024-01-17,68.09882211557968
S2032,Term1,3,2024-01-24,45.99599828565153
S2032,Term1,4,2024-01-31,100.0
S2032,Term1,5,2024-02-07,87.57439502663699
S2032,Term1,6,2024-02-14,73.90427177862362
S2032,Term1,7,2024-02-21,90.43148835976145
S2032,Term1,8,2024-02-28,87.27200843416199
S2032,Term1,9,2024-03-06,92.45120074736789
S2032,Term1,10,2024-03-13,99.51437681363522
S2032,Term1,11,2024-03-20,81.52094616369982
S2032,Term1,12,2024-03-27,74.44192832678816
S2032,Term2,1,2024-04-03,94.93330257246302
S2032,Term2,2,2024-04-10,94.62799333461359
S2032,Term2,3,2024-04-17,86.20882969745614
S2032,Term2,4,2024-04-24,100.0
S2032,Term2,5,2024-05-01,79.74613452566017
S2032,Term2,6,2024-05-08,74.20170434037678
S2032,Term2,7,2024-05-15,90.01709713007922
S2032,Term2,8,2024-05-22,76.90074571703802
S2032,Term2,9,2024-05-29,90.94619828973875
S2032,Term2,10,2024-06-05,75.00390092992671
S2032,Term2,11,2024-06-12,80.19709260481737
S2032,Term2,12,2024-06-19,100.0
S2032,Term3,1,2024-06-26,80.13295171902786
S2032,Term3,2,2024-07-03,75.41378147179245
S2032,Term3,3,2024-07-10,99.048145464478
S2032,Term3,4,2024-07-17,72.38749659655967
S2032,Term3,5,2024-07-24,76.68468123823519
S2032,Term3,6,2024-07-31,91.91873344610794
S2032,Term3,7,2024-08-07,96.2609370864795
S2032,Term3,8,2024-08-14,99.6457166929729
S2032,Term3,9,2024-08-21,76.03333801335418
S2032,Term3,10,2024-08-28,92.15210407583344
S2032,Term3,11,2024-09-04,79.40670160546985
S2032,Term3,12,2024-09-11,77.73213239787242
S2033,Term1,1,2024-01-10,99.43855338750743
S2033,Term1,2,2024-01-17,78.40534724968497
S2033,Term1,3,2024-01-24,88.33845515225175
S2033,Term1,4,2024-01-31,86.86695363076767
S2033,Term1,5,2024-02-07,72.15094748393797
S2033,Term1,6,2024-02-14,96.59311426427585
S2033,Term1,7,2024-02-21,91.72337072414744
S2033,Term1,8,2024-02-28,61.16451265755495
S2033,Term1,9,2024-03-06,88.32905333484811
S2033,Term1,10,2024-03-13,75.72431879000055
S2033,Term1,11,2024-03-20,98.16490367695152
S2033,Term1,12,2024-03-27,67.6552019586309
S2033,Term2,1,2024-04-03,80.72227637644548
S2033,Term2,2,2024-04-10,89.34429461186159
S2033,Term2,3,2024-04-17,85.65208352970251
S2033,Term2,4,2024-04-24,94.15549908056767
S2033,Term2,5,2024-05-01,66.77893616788853
S2033,Term2,6,2024-05-08,100.0
S2033,Term2,7,2024-05-15,91.30173590545925
S2033,Term2,8,2024-05-22,100.0
S2033,Term2,9,2024-05-29,95.4908820307989
S2033,Term2,10,2024-06-05,84.86067862653948
S2033,Term2,11,2024-06-12,69.58962146906607
S2033,Term2,12,2024-06-19,78.23736182501558
S2033,Term3,1,2024-06-26,100.0
S2033,Term3,2,2024-07-03,100.0
S2033,Term3,3,2024-07-10,77.56480023875572
S2033,Term3,4,2024-07-17,51.18034856557385
S2033,Term3,5,2024-07-24,82.44772318833857
S2033,Term3,6,2024-07-31,81.5475653424506
S2033,Term3,7,2024-08-07,82.0027286555154
S2033,Term3,8,2024-08-14,91.34247042197681
S2033,Term3,9,2024-08-21,95.51455095185996
S2033,Term3,10,2024-08-28,96.88359456519429
S2033,Term3,11,2024-09-04,90.3485096816244
S2033,Term3,12,2024-09-11,63.390751576928366
S2034,Term1,1,2024-01-10,80.90560320768046
S2034,Term1,2,2024-01-17,100.0
S2034,Term1,3,2024-01-24,89.49060081762974
S2034,Term1,4,2024-01-31,89.41383482132639
S2034,Term1,5,2024-02-07,89.3138312772863
S2034,Term1,6,2024-02-14,89.98455547007188
S2034,Term1,7,2024-02-21,56.40265382696892
S2034,Term1,8,2024-02-28,82.12570819706718
S2034,Term1,9,2024-03-06,84.54528601846373
S2034,Term1,10,2024-03-13,100.0
S2034,Term1,11,2024-03-20,85.57207473546755
S2034,Term1,12,2024-03-27,65.2418633607767
S2034,Term2,1,2024-04-03,90.16106987406103
S2034,Term2,2,2024-04-10,75.35410422108706
S2034,Term2,3,2024-04-17,70.39857230702299
S2034,Term2,4,2024-04-24,74.99009143940103
S2034,Term2,5,2024-05-01,91.51005075597419
S2034,Term2,6,2024-05-08,100.0
S2034,Term2,7,2024-05-15,90.79515934213104
S2034,Term2,8,2024-05-22,92.58427868340425
S2034,Term2,9,2024-05-29,90.67654327405602
S2034,Term2,10,2024-06-05,86.21592612232563
S2034,Term2,11,2024-06-12,93.3631676195531
S2034,Term2,12,2024-06-19,55.97469439516695
S2034,Term3,1,2024-06-26,86.333060215658
S2034,Term3,2,2024-07-03,72.46089958453298
S2034,Term3,3,2024-07-10,98.95483087052968
S2034,Term3,4,2024-07-17,83.23413633739767
S2034,Term3,5,2024-07-24,85.37137705921396
S2034,Term3,6,2024-07-31,66.93913750895436
S2034,Term3,7,2024-08-07,97.20197066815422
S2034,Term3,8,2024-08-14,92.52793744328571
S2034,Term3,9,2024-08-21,91.68337458808604
S2034,Term3,10,2024-08-28,75.24372577397413
S2034,Term3,11,2024-09-04,75.71632186074244
S2034,Term3,12,2024-09-11,87.68319345335087
S2035,Term1,1,2024-01-10,76.66601907702338
S2035,Term1,2,2024-01-17,90.21871555212806
S2035,Term1,3,2024-01-24,59.069048766799334
S2035,Term1,4,2024-01-31,79.14946532312089
S2035,Term1,5,2024-02-07,100.0
S2035,Term1,6,2024-02-14,90.27382993594918
S2035,Term1,7,2024-02-21,87.0015239743719
S2035,Term1,8,2024-02-28,100.0
S2035,Term1,9,2024-03-06,56.968556574382774
S2035,Term1,10,2024-03-13,75.2162666225427
S2035,Term1,11,2024-03-20,80.18592193903133
S2035,Term1,12,2024-03-27,95.30021479606468
S2035,Term2,1,2024-04-03,95.50787635873884
S2035,Term2,2,2024-04-10,74.60791949220848
S2035,Term2,3,2024-04-17,96.9754518657106
S2035,Term2,4,2024-04-24,80.1602227921395
S2035,Term2,5,2024-05-01,99.53967550779001
S2035,Term2,6,2024-05-08,72.6082876225353
S2035,Term2,7,2024-05-15,83.52026081120607
S2035,Term2,8,2024-05-22,79.11799221548128
S2035,Term2,9,2024-05-29,97.67236445878856
S2035,Term2,10,2024-06-05,78.72662540120595
S2035,Term2,11,2024-06-12,84.49061765185893
S2035,Term2,12,2024-06-19,91.08173677195659
S2035,Term3,1,2024-06-26,91.54310179631344
S2035,Term3,2,2024-07-03,95.64343128967806
S2035,Term3,3,2024-07-10,87.533497322136
S2035,Term3,4,2024-07-17,79.98101301664202
S2035,Term3,5,2024-07-24,80.80361505569499
S2035,Term3,6,2024-07-31,85.30806778249135
S2035,Term3,7,2024-08-07,87.9951097128926
S2035,Term3,8,2024-08-14,83.23394022581877
S2035,Term3,9,2024-08-21,85.23044105158657
S2035,Term3,10,2024-08-28,66.79295367313473
S2035,Term3,11,2024-09-04,93.00826341345613
S2035,Term3,12,2024-09-11,87.17334746667316
S2036,Term1,1,2024-01-10,97.02244496249305
S2036,Term1,2,2024-01-17,85.00192608888501
S2036,Term1,3,2024-01-24,64.13922905773856
S2036,Term1,4,2024-01-31,80.6986457283199
S2036,Term1,5,2024-02-07,82.600840922579
S2036,Term1,6,2024-02-14,93.91483966520319
S2036,Term1,7,2024-02-21,60.15671746583926
S2036,Term1,8,2024-02-28,85.49415420338723
S2036,Term1,9,2024-03-06,91.16410258951967
S2036,Term1,10,2024-03-13,77.06214537662177
S2036,Term1,11,2024-03-20,85.89553611780217
S2036,Term1,12,2024-03-27,77.47556189020186
S2036,Term2,1,2024-04-03,76.24512480135532
S2036,Term2,2,2024-04-10,80.0989617984242
S2036,Term2,3,2024-04-17,76.47169609039587
S2036,Term2,4,2024-04-24,93.203419743236
S2036,Term2,5,2024-05-01,76.18057747797546
S2036,Term2,6,2024-05-08,74.16507991542487
S2036,Term2,7,2024-05-15,100.0
S2036,Term2,8,2024-05-22,96.52888014188842
S2036,Term2,9,2024-05-29,62.6618396720896
S2036,Term2,10,2024-06-05,75.8227805217696
S2036,Term2,11,2024-06-12,87.90955566067252
S2036,Term2,12,2024-06-19,88.88506080677791
S2036,Term3,1,2024-06-26,67.11408561115728
S2036,Term3,2,2024-07-03,98.90278591386786
S2036,Term3,3,2024-07-10,94.9026930301795
S2036,Term3,4,2024-07-17,90.78281958448406
S2036,Term3,5,2024-07-24,100.0
S2036,Term3,6,2024-07-31,90.42747991085102
S2036,Term3,7,2024-08-07,90.38297055102217
S2036,Term3,8,2024-08-14,100.0
S2036,Term3,9,2024-08-21,98.2146349687325
S2036,Term3,10,2024-08-28,74.90191049306162
S2036,Term3,11,2024-09-04,92.59834214406298
S2036,Term3,12,2024-09-11,77.02878562049702
S2037,Term1,1,2024-01-10,91.04985461140333
S2037,Term1,2,2024-01-17,90.71936208423777
S2037,Term1,3,2024-01-24,68.39839225052816
S2037,Term1,4,2024-01-31,83.53785266426758
S2037,Term1,5,2024-02-07,88.18308428296483
S2037,Term1,6,2024-02-14,79.76451770807012
S2037,Term1,7,2024-02-21,88.77651930868912
S2037,Term1,8,2024-02-28,94.67077332401283
S2037,Term1,9,2024-03-06,84.63288322923093
S2037,Term1,10,2024-03-13,87.69519372049912
S2037,Term1,11,2024-03-20,100.0
S2037,Term1,12,2024-03-27,90.67835899870272
S2037,Term2,1,2024-04-03,87.40989147609369
S2037,Term2,2,2024-04-10,73.50304744430368
S2037,Term2,3,2024-04-17,93.05231213666619
S2037,Term2,4,2024-04-24,88.96179939270326
S2037,Term2,5,2024-05-01,100.0
S2037,Term2,6,2024-05-08,85.56254251963973
S2037,Term2,7,2024-05-15,63.20480199839205
S2037,Term2,8,2024-05-22,64.59854957406085
S2037,Term2,9,2024-05-29,93.8281691651168
S2037,Term2,10,2024-06-05,78.15767682762217
S2037,Term2,11,2024-06-12,90.24121301332596
S2037,Term2,12,2024-06-19,86.37079173402827
S2037,Term3,1,2024-06-26,82.99792398767295
S2037,Term3,2,2024-07-03,83.84366457294132
S2037,Term3,3,2024-07-10,74.61532593945728
S2037,Term3,4,2024-07-17,84.81066773320396
S2037,Term3,5,2024-07-24,77.98607880646722
S2037,Term3,6,2024-07-31,80.53292175849154
S2037,Term3,7,2024-08-07,81.11621146349006
S2037,Term3,8,2024-08-14,82.27968076121537
S2037,Term3,9,2024-08-21,96.06608147808504
S2037,Term3,10,2024-08-28,83.44251004954369
S2037,Term3,11,2024-09-04,97.28442803908118
S2037,Term3,12,2024-09-11,100.0
S2038,Term1,1,2024-01-10,95.2593358126738
S2038,Term1,2,2024-01-17,91.41362242082214
S2038,Term1,3,2024-01-24,88.92198651380224
S2038,Term1,4,2024-01-31,95.38430450860083
S2038,Term1,5,2024-02-07,86.07232886315488
S2038,Term1,6,2024-02-14,96.81483815148638
S2038,Term1,7,2024-02-21,92.36926966347622
S2038,Term1,8,2024-02-28,80.68191447063535
S2038,Term1,9,2024-03-06,95.75021056123367
S2038,Term1,10,2024-03-13,86.09776007173082
S2038,Term1,11,2024-03-20,83.72641590865221
S2038,Term1,12,2024-03-27,79.28561007521215
S2038,Term2,1,2024-04-03,86.99222617449487
S2038,Term2,2,2024-04-10,96.9575513849558
S2038,Term2,3,2024-04-17,95.66728006711645
S2038,Term2,4,2024-04-24,89.24072556950748
S2038,Term2,5,2024-05-01,92.19572368870043
S2038,Term2,6,2024-05-08,100.0
S2038,Term2,7,2024-05-15,83.20040450594966
S2038,Term2,8,2024-05-22,71.61495995763752
S2038,Term2,9,2024-05-29,100.0
S2038,Term2,10,2024-06-05,78.64266097563137
S2038,Term2,11,2024-06-12,76.71594251987314
S2038,Term2,12,2024-06-19,63.44562693598539
S2038,Term3,1,2024-06-26,91.85539663797155
S2038,Term3,2,2024-07-03,65.54256850537334
S2038,Term3,3,2024-07-10,75.99689430769916
S2038,Term3,4,2024-07-17,92.0588415341807
S2038,Term3,5,2024-07-24,93.66305502890046
S2038,Term3,6,2024-07-31,77.17955022138119
S2038,Term3,7,2024-08-07,83.39016007609114
S2038,Term3,8,2024-08-14,74.52886568312616
S2038,Term3,9,2024-08-21,78.4192385462658
S2038,Term3,10,2024-08-28,88.19458312183488
S2038,Term3,11,2024-09-04,78.98023985444252
S2038,Term3,12,2024-09-11,82.06941951789197
S2039,Term1,1,2024-01-10,67.4235198205892
S2039,Term1,2,2024-01-17,98.59547397767365
S2039,Term1,3,2024-01-24,91.12079911805279
S2039,Term1,4,2024-01-31,94.51486446204642
S2039,Term1,5,2024-02-07,100.0
S2039,Term1,6,2024-02-14,75.0974454934514
S2039,Term1,7,2024-02-21,80.69926620366371
S2039,Term1,8,2024-02-28,62.26198758901347
S2039,Term1,9,2024-03-06,100.0
S2039,Term1,10,2024-03-13,83.20497621619148
S2039,Term1,11,2024-03-20,97.46473479897895
S2039,Term1,12,2024-03-27,70.1420662679745
S2039,Term2,1,2024-04-03,96.95666110771612
S2039,Term2,2,2024-04-10,100.0
S2039,Term2,3,2024-04-17,84.27663101166422
S2039,Term2,4,2024-04-24,72.86942204092479
S2039,Term2,5,2024-05-01,83.33444318865357
S2039,Term2,6,2024-05-08,58.27886170051328
S2039,Term2,7,2024-05-15,84.54535958773789
S2039,Term2,8,2024-05-22,94.85160567175595
S2039,Term2,9,2024-05-29,84.57090826751782
S2039,Term2,10,2024-06-05,81.59032534373239
S2039,Term2,11,2024-06-12,91.3308173933444
S2039,Term2,12,2024-06-19,92.24829816339464
S2039,Term3,1,2024-06-26,65.0811332499378
S2039,Term3,2,2024-07-03,86.06587554734546
S2039,Term3,3,2024-07-10,100.0
S2039,Term3,4,2024-07-17,68.97980505222371
S2039,Term3,5,2024-07-24,83.97497400600321
S2039,Term3,6,2024-07-31,100.0
S2039,Term3,7,2024-08-07,98.2501018785241
S2039,Term3,8,2024-08-14,78.83923983068726
S2039,Term3,9,2024-08-21,87.47362455547125
S2039,Term3,10,2024-08-28,84.97465984018211
S2039,Term3,11,2024-09-04,76.02313834814
S2039,Term3,12,2024-09-11,84.10897471008302
S2040,Term1,1,2024-01-10,81.64040640632165
S2040,Term1,2,2024-01-17,86.352987256921
S2040,Term1,3,2024-01-24,76.0194018317076
S2040,Term1,4,2024-01-31,69.68058159706406
S2040,Term1,5,2024-02-07,84.50463071929155
S2040,Term1,6,2024-02-14,100.0
S2040,Term1,7,2024-02-21,85.98643511515355
S2040,Term1,8,2024-02-28,81.02087465282146
S2040,Term1,9,2024-03-06,94.04902966046198
S2040,Term1,10,2024-03-13,83.10016464885545
S2040,Term1,11,2024-03-20,100.0
S2040,Term1,12,2024-03-27,84.95304988845906
S2040,Term2,1,2024-04-03,93.40596475789796
S2040,Term2,2,2024-04-10,75.94474741128073
S2040,Term2,3,2024-04-17,91.03707104003995
S2040,Term2,4,2024-04-24,88.30112172332505
S2040,Term2,5,2024-05-01,84.3219265040895
S2040,Term2,6,2024-05-08,78.97890686596335
S2040,Term2,7,2024-05-15,77.34363801217151
S2040,Term2,8,2024-05-22,88.38823196775583
S2040,Term2,9,2024-05-29,92.54726931635768
S2040,Term2,10,2024-06-05,83.47404644447042
S2040,Term2,11,2024-06-12,88.4472151494495
S2040,Term2,12,2024-06-19,84.54502386240677
S2040,Term3,1,2024-06-26,86.18231229886466
S2040,Term3,2,2024-07-03,82.5946602078733
S2040,Term3,3,2024-07-10,85.2156709524197
S2040,Term3,4,2024-07-17,100.0
S2040,Term3,5,2024-07-24,88.7396115856891
S2040,Term3,6,2024-07-31,92.74356350117252
S2040,Term3,7,2024-08-07,90.25628326393716
S2040,Term3,8,2024-08-14,81.84619812043529
S2040,Term3,9,2024-08-21,100.0
S2040,Term3,10,2024-08-28,81.5060347548839
S2040,Term3,11,2024-09-04,97.66065458731062
S2040,Term3,12,2024-09-11,80.98951602320261
S2041,Term1,1,2024-01-10,73.48032977027151
S2041,Term1,2,2024-01-17,89.38475449883431
S2041,Term1,3,2024-01-24,71.74397972677473
S2041,Term1,4,2024-01-31,91.42768270019931
S2041,Term1,5,2024-02-07,70.6700961269042
S2041,Term1,6,2024-02-14,81.17190363432576
S2041,Term1,7,2024-02-21,67.81924364170311
S2041,Term1,8,2024-02-28,100.0
S2041,Term1,9,2024-03-06,65.15248528460423
S2041,Term1,10,2024-03-13,85.11776488475685
S2041,Term1,11,2024-03-20,98.71965129196016
S2041,Term1,12,2024-03-27,97.4366309030443
S2041,Term2,1,2024-04-03,95.21610546607765
S2041,Term2,2,2024-04-10,81.1932593413423
S2041,Term2,3,2024-04-17,100.0
S2041,Term2,4,2024-04-24,95.96069308962619
S2041,Term2,5,2024-05-01,87.54759541192571
S2041,Term2,6,2024-05-08,87.8869690927191
S2041,Term2,7,2024-05-15,81.35292822861553
S2041,Term2,8,2024-05-22,74.08417569000353
S2041,Term2,9,2024-05-29,99.8458117057446
S2041,Term2,10,2024-06-05,100.0
S2041,Term2,11,2024-06-12,74.39069030764094
S2041,Term2,12,2024-06-19,83.1545780182457
S2041,Term3,1,2024-06-26,83.27892140249286
S2041,Term3,2,2024-07-03,84.60812915511629
S2041,Term3,3,2024-07-10,85.77153854305098
S2041,Term3,4,2024-07-17,96.36233753975415
S2041,Term3,5,2024-07-24,76.03339229815907
S2041,Term3,6,2024-07-31,74.84383610184808
S2041,Term3,7,2024-08-07,99.8394369057157
S2041,Term3,8,2024-08-14,79.44826309742442
S2041,Term3,9,2024-08-21,69.8435757570752
S2041,Term3,10,2024-08-28,79.17844069480157
S2041,Term3,11,2024-09-04,81.039367177072
S2041,Term3,12,2024-09-11,100.0
S2042,Term1,1,2024-01-10,96.09791454852085
S2042,Term1,2,2024-01-17,98.7702473995869
S2042,Term1,3,2024-01-24,94.83968370816143
S2042,Term1,4,2024-01-31,96.35492405938376
S2042,Term1,5,2024-02-07,76.74301448103618
S2042,Term1,6,2024-02-14,82.61677413575819
S2042,Term1,7,2024-02-21,73.1210162437174
S2042,Term1,8,2024-02-28,82.4741436335556
S2042,Term1,9,2024-03-06,93.20925989121689
S2042,Term1,10,2024-03-13,86.61499941774696
S2042,Term1,11,2024-03-20,100.0
S2042,Term1,12,2024-03-27,71.30301049327338
S2042,Term2,1,2024-04-03,91.00286020837888
S2042,Term2,2,2024-04-10,70.02036637756818
S2042,Term2,3,2024-04-17,86.1301176300837
S2042,Term2,4,2024-04-24,93.88400107067774
S2042,Term2,5,2024-05-01,82.42596919810937
S2042,Term2,6,2024-05-08,91.61351924904346
S2042,Term2,7,2024-05-15,73.48321198200479
S2042,Term2,8,2024-05-22,65.0357202616434
S2042,Term2,9,2024-05-29,91.68435546985364
S2042,Term2,10,2024-06-05,100.0
S2042,Term2,11,2024-06-12,73.0474607179613
S2042,Term2,12,2024-06-19,99.66633016128154
S2042,Term3,1,2024-06-26,85.52108090579694
S2042,Term3,2,2024-07-03,68.97170173968308
S2042,Term3,3,2024-07-10,71.42193638377405
S2042,Term3,4,2024-07-17,85.1894172803278
S2042,Term3,5,2024-07-24,80.14645254491076
S2042,Term3,6,2024-07-31,69.24504427890113
S2042,Term3,7,2024-08-07,64.67152862529514
S2042,Term3,8,2024-08-14,74.83936806488192
S2042,Term3,9,2024-08-21,87.32570809997343
S2042,Term3,10,2024-08-28,84.92319096876234
S2042,Term3,11,2024-09-04,78.98514450999906
S2042,Term3,12,2024-09-11,87.42264633149779
S2043,Term1,1,2024-01-10,97.48032063835225
S2043,Term1,2,2024-01-17,89.72951812520978
S2043,Term1,3,2024-01-24,83.54429594332503
S2043,Term1,4,2024-01-31,96.13686407992827
S2043,Term1,5,2024-02-07,73.48179637340446
S2043,Term1,6,2024-02-14,82.30096552533578
S2043,Term1,7,2024-02-21,82.58694477279558
S2043,Term1,8,2024-02-28,70.15656089868585
S2043,Term1,9,2024-03-06,79.96151005258771
S2043,Term1,10,2024-03-13,60.10048382925636
S2043,Term1,11,2024-03-20,100.0
S2043,Term1,12,2024-03-27,73.75103453876424
S2043,Term2,1,2024-04-03,100.0
S2043,Term2,2,2024-04-10,85.45701406863391
S2043,Term2,3,2024-04-17,91.7783695858715
S2043,Term2,4,2024-04-24,79.13440241978883
S2043,Term2,5,2024-05-01,87.49515630354009
S2043,Term2,6,2024-05-08,92.80587567986123
S2043,Term2,7,2024-05-15,92.97462897273019
S2043,Term2,8,2024-05-22,94.29728068089229
S2043,Term2,9,2024-05-29,80.58000747952988
S2043,Term2,10,2024-06-05,79.23568393010373
S2043,Term2,11,2024-06-12,65.86988409678875
S2043,Term2,12,2024-06-19,91.27862813412324
S2043,Term3,1,2024-06-26,97.98854453588132
S2043,Term3,2,2024-07-03,100.0
S2043,Term3,3,2024-07-10,88.6620716149661
S2043,Term3,4,2024-07-17,75.80224272509717
S2043,Term3,5,2024-07-24,64.63484628052653
S2043,Term3,6,2024-07-31,97.50000079700021
S2043,Term3,7,2024-08-07,63.44468119866957
S2043,Term3,8,2024-08-14,80.9127510670748
S2043,Term3,9,2024-08-21,82.30831806467624
S2043,Term3,10,2024-08-28,84.16653834578777
S2043,Term3,11,2024-09-04,85.42963120043008
S2043,Term3,12,2024-09-11,86.6577706764109
S2044,Term1,1,2024-01-10,56.01564085505764
S2044,Term1,2,2024-01-17,85.17587091844152
S2044,Term1,3,2024-01-24,58.24509311065747
S2044,Term1,4,2024-01-31,93.78661687709194
S2044,Term1,5,2024-02-07,78.33849813035665
S2044,Term1,6,2024-02-14,59.11555929731979
S2044,Term1,7,2024-02-21,75.22954387137548
S2044,Term1,8,2024-02-28,78.15909592978416
S2044,Term1,9,2024-03-06,99.28839541066006
S2044,Term1,10,2024-03-13,87.35965290100295
S2044,Term1,11,2024-03-20,89.13333933220696
S2044,Term1,12,2024-03-27,99.17465961064721
S2044,Term2,1,2024-04-03,83.84626854490612
S2044,Term2,2,2024-04-10,94.05025553238883
S2044,Term2,3,2024-04-17,93.2063333671839
S2044,Term2,4,2024-04-24,69.56236607716706
S2044,Term2,5,2024-05-01,100.0
S2044,Term2,6,2024-05-08,67.95637863915167
S2044,Term2,7,2024-05-15,96.00839979373418
S2044,Term2,8,2024-05-22,66.7951235571324
S2044,Term2,9,2024-05-29,92.21484145782009
S2044,Term2,10,2024-06-05,100.0
S2044,Term2,11,2024-06-12,82.44425612139746
S2044,Term2,12,2024-06-19,81.92373228576224
S2044,Term3,1,2024-06-26,92.32527999180219
S2044,Term3,2,2024-07-03,81.04724252844949
S2044,Term3,3,2024-07-10,100.0
S2044,Term3,4,2024-07-17,87.30630699350435
S2044,Term3,5,2024-07-24,81.15796590135129
S2044,Term3,6,2024-07-31,78.5165736652518
S2044,Term3,7,2024-08-07,73.80461835792376
S2044,Term3,8,2024-08-14,77.46694015891012
S2044,Term3,9,2024-08-21,80.79191927609685
S2044,Term3,10,2024-08-28,79.14833111801704
S2044,Term3,11,2024-09-04,77.10189671035475
S2044,Term3,12,2024-09-11,100.0
S2045,Term1,1,2024-01-10,72.63885908212612
S2045,Term1,2,2024-01-17,86.7595910517541
S2045,Term1,3,2024-01-24,92.11025211713046
S2045,Term1,4,2024-01-31,92.5612959470048
S2045,Term1,5,2024-02-07,84.29671509061033
S2045,Term1,6,2024-02-14,82.11156913783229
S2045,Term1,7,2024-02-21,90.41856989487408
S2045,Term1,8,2024-02-28,88.19825979973841
S2045,Term1,9,2024-03-06,81.89249398278984
S2045,Term1,10,2024-03-13,66.25745713930684
S2045,Term1,11,2024-03-20,79.38491533200103
S2045,Term1,12,2024-03-27,71.24139803551051
S2045,Term2,1,2024-04-03,76.99408539920408
S2045,Term2,2,2024-04-10,85.39867886220351
S2045,Term2,3,2024-04-17,89.30483372795939
S2045,Term2,4,2024-04-24,100.0
S2045,Term2,5,2024-05-01,78.55112345315423
S2045,Term2,6,2024-05-08,94.2955076233018
S2045,Term2,7,2024-05-15,88.67152029325403
S2045,Term2,8,2024-05-22,100.0
S2045,Term2,9,2024-05-29,91.91474463514751
S2045,Term2,10,2024-06-05,72.8982228725642
S2045,Term2,11,2024-06-12,64.32344764850522
S2045,Term2,12,2024-06-19,88.73514039601005
S2045,Term3,1,2024-06-26,78.65858802519531
S2045,Term3,2,2024-07-03,73.23623504859283
S2045,Term3,3,2024-07-10,69.78906754560307
S2045,Term3,4,2024-07-17,86.93170597104587
S2045,Term3,5,2024-07-24,100.0
S2045,Term3,6,2024-07-31,80.0959318515275
S2045,Term3,7,2024-08-07,92.08324373290387
S2045,Term3,8,2024-08-14,83.77280379738889
S2045,Term3,9,2024-08-21,69.52741493075928
S2045,Term3,10,2024-08-28,93.81773612212501
S2045,Term3,11,2024-09-04,71.86369547167155
S2045,Term3,12,2024-09-11,85.25951956712278
S2046,Term1,1,2024-01-10,80.90175501993633
S2046,Term1,2,2024-01-17,95.71692921478831
S2046,Term1,3,2024-01-24,72.30218809035176
S2046,Term1,4,2024-01-31,89.69043889362352
S2046,Term1,5,2024-02-07,74.92243111181558
S2046,Term1,6,2024-02-14,78.86673745205458
S2046,Term1,7,2024-02-21,41.37759726951877
S2046,Term1,8,2024-02-28,100.0
S2046,Term1,9,2024-03-06,91.60668319391478
S2046,Term1,10,2024-03-13,75.79183016874202
S2046,Term1,11,2024-03-20,71.50413174000407
S2046,Term1,12,2024-03-27,79.05221496544792
S2046,Term2,1,2024-04-03,93.60255441783342
S2046,Term2,2,2024-04-10,62.294980892980895
S2046,Term2,3,2024-04-17,83.30098696846794
S2046,Term2,4,2024-04-24,100.0
S2046,Term2,5,2024-05-01,71.39264396838635
S2046,Term2,6,2024-05-08,85.96462046516386
S2046,Term2,7,2024-05-15,100.0
S2046,Term2,8,2024-05-22,92.58581955628927
S2046,Term2,9,2024-05-29,86.51108584582546
S2046,Term2,10,2024-06-05,91.07963745890804
S2046,Term2,11,2024-06-12,80.18961597988357
S2046,Term2,12,2024-06-19,100.0
S2046,Term3,1,2024-06-26,80.20803972519745
S2046,Term3,2,2024-07-03,61.48982069516828
S2046,Term3,3,2024-07-10,80.30436275271448
S2046,Term3,4,2024-07-17,73.39918564147956
S2046,Term3,5,2024-07-24,81.62567185363085
S2046,Term3,6,2024-07-31,81.89099129103244
S2046,Term3,7,2024-08-07,99.36907839765888
S2046,Term3,8,2024-08-14,93.34351271997262
S2046,Term3,9,2024-08-21,88.15918585090476
S2046,Term3,10,2024-08-28,84.96465506400885
S2046,Term3,11,2024-09-04,72.29370389370406
S2046,Term3,12,2024-09-11,58.82589714801187
S2047,Term1,1,2024-01-10,86.3579201367134
S2047,Term1,2,2024-01-17,94.53569444288391
S2047,Term1,3,2024-01-24,83.69999340106493
S2047,Term1,4,2024-01-31,78.5817481265596
S2047,Term1,5,2024-02-07,90.57402598257055
S2047,Term1,6,2024-02-14,84.00001359250784
S2047,Term1,7,2024-02-21,100.0
S2047,Term1,8,2024-02-28,99.79274010481942
S2047,Term1,9,2024-03-06,96.51409668427995
S2047,Term1,10,2024-03-13,94.09280937051885
S2047,Term1,11,2024-03-20,69.51799102658252
S2047,Term1,12,2024-03-27,92.95592442463119
S2047,Term2,1,2024-04-03,89.5159114917589
S2047,Term2,2,2024-04-10,92.27709674069396
S2047,Term2,3,2024-04-17,90.91131384175662
S2047,Term2,4,2024-04-24,90.43315105417679
S2047,Term2,5,2024-05-01,100.0
S2047,Term2,6,2024-05-08,84.08577196057698
S2047,Term2,7,2024-05-15,96.23604856995196
S2047,Term2,8,2024-05-22,79.34812227683196
S2047,Term2,9,2024-05-29,94.48769900665206
S2047,Term2,10,2024-06-05,96.27183868278946
S2047,Term2,11,2024-06-12,89.37311292562417
S2047,Term2,12,2024-06-19,100.0
S2047,Term3,1,2024-06-26,74.38868756367499
S2047,Term3,2,2024-07-03,79.15334869998134
S2047,Term3,3,2024-07-10,87.54856103228188
S2047,Term3,4,2024-07-17,95.56968224181067
S2047,Term3,5,2024-07-24,87.15315425553919
S2047,Term3,6,2024-07-31,100.0
S2047,Term3,7,2024-08-07,77.05972154840417
S2047,Term3,8,2024-08-14,71.31305812613735
S2047,Term3,9,2024-08-21,88.69754003843805
S2047,Term3,10,2024-08-28,84.07383668663564
S2047,Term3,11,2024-09-04,91.51436464429864
S2047,Term3,12,2024-09-11,84.67117250960196
S2048,Term1,1,2024-01-10,80.91976251251852
S2048,Term1,2,2024-01-17,84.10074913931531
S2048,Term1,3,2024-01-24,85.34618673751822
S2048,Term1,4,2024-01-31,81.34022440182004
S2048,Term1,5,2024-02-07,82.56241544411887
S2048,Term1,6,2024-02-14,80.15687995615708
S2048,Term1,7,2024-02-21,95.27998143843288
S2048,Term1,8,2024-02-28,87.3282520540696
S2048,Term1,9,2024-03-06,100.0
S2048,Term1,10,2024-03-13,86.92845461534154
S2048,Term1,11,2024-03-20,78.38971035605606
S2048,Term1,12,2024-03-27,100.0
S2048,Term2,1,2024-04-03,89.96351653257203
S2048,Term2,2,2024-04-10,96.8814974427138
S2048,Term2,3,2024-04-17,92.1052357984299
S2048,Term2,4,2024-04-24,92.47613235157299
S2048,Term2,5,2024-05-01,91.4278486162297
S2048,Term2,6,2024-05-08,71.77498522268722
S2048,Term2,7,2024-05-15,89.41034857073694
S2048,Term2,8,2024-05-22,69.10166435379713
S2048,Term2,9,2024-05-29,82.90764596304959
S2048,Term2,10,2024-06-05,76.29259052124056
S2048,Term2,11,2024-06-12,89.28964223018468
S2048,Term2,12,2024-06-19,89.00951496805881
S2048,Term3,1,2024-06-26,90.77375068918224
S2048,Term3,2,2024-07-03,88.44755887298905
S2048,Term3,3,2024-07-10,77.71809589856322
S2048,Term3,4,2024-07-17,81.86795812777984
S2048,Term3,5,2024-07-24,96.04475393505382
S2048,Term3,6,2024-07-31,97.8142801275328
S2048,Term3,7,2024-08-07,71.2386028164814
S2048,Term3,8,2024-08-14,66.62886840984825
S2048,Term3,9,2024-08-21,76.27732740154346
S2048,Term3,10,2024-08-28,97.542490984387
S2048,Term3,11,2024-09-04,99.5786083621964
S2048,Term3,12,2024-09-11,73.90345743518594
S2049,Term1,1,2024-01-10,88.68771224483606
S2049,Term1,2,2024-01-17,100.0
S2049,Term1,3,2024-01-24,89.983737726884
S2049,Term1,4,2024-01-31,100.0
S2049,Term1,5,2024-02-07,96.98471884099717
S2049,Term1,6,2024-02-14,74.07761552526507
S2049,Term1,7,2024-02-21,82.72022291803506
S2049,Term1,8,2024-02-28,85.41705373950218
S2049,Term1,9,2024-03-06,86.24960065625608
S2049,Term1,10,2024-03-13,95.99594744126286
S2049,Term1,11,2024-03-20,89.9042171473049
S2049,Term1,12,2024-03-27,49.76558867466262
S2049,Term2,1,2024-04-03,69.24591672288729
S2049,Term2,2,2024-04-10,58.75142902028748
S2049,Term2,3,2024-04-17,87.104382887864
S2049,Term2,4,2024-04-24,87.88585179361313
S2049,Term2,5,2024-05-01,88.39869950332861
S2049,Term2,6,2024-05-08,73.4928607874246
S2049,Term2,7,2024-05-15,93.08972806143987
S2049,Term2,8,2024-05-22,93.59514995762235
S2049,Term2,9,2024-05-29,69.93821119353811
S2049,Term2,10,2024-06-05,67.40754158261353
S2049,Term2,11,2024-06-12,84.99841976527675
S2049,Term2,12,2024-06-19,100.0
S2049,Term3,1,2024-06-26,100.0
S2049,Term3,2,2024-07-03,91.76085232537663
S2049,Term3,3,2024-07-10,76.24003994103909
S2049,Term3,4,2024-07-17,95.64211191386302
S2049,Term3,5,2024-07-24,79.5709088222915
S2049,Term3,6,2024-07-31,75.78991555991428
S2049,Term3,7,2024-08-07,59.27239802053607
S2049,Term3,8,2024-08-14,86.22858638017183
S2049,Term3,9,2024-08-21,77.4415918103515
S2049,Term3,10,2024-08-28,86.15716455434205
S2049,Term3,11,2024-09-04,57.40770764515526
S2049,Term3,12,2024-09-11,87.03792007100425
S2050,Term1,1,2024-01-10,55.82654603234047
S2050,Term1,2,2024-01-17,98.05528303922263
S2050,Term1,3,2024-01-24,91.26269480962101
S2050,Term1,4,2024-01-31,81.65602274290495
S2050,Term1,5,2024-02-07,91.75263832098494
S2050,Term1,6,2024-02-14,73.26310884803738
S2050,Term1,7,2024-02-21,85.86850618737871
S2050,Term1,8,2024-02-28,94.53728846152403
S2050,Term1,9,2024-03-06,47.86852901090332
S2050,Term1,10,2024-03-13,79.63330768386972
S2050,Term1,11,2024-03-20,84.72827043836351
S2050,Term1,12,2024-03-27,82.6444765870508
S2050,Term2,1,2024-04-03,100.0
S2050,Term2,2,2024-04-10,71.51318650092539
S2050,Term2,3,2024-04-17,77.54608907865725
S2050,Term2,4,2024-04-24,62.00957168429862
S2050,Term2,5,2024-05-01,100.0
S2050,Term2,6,2024-05-08,82.0445182886944
S2050,Term2,7,2024-05-15,79.73909334355952
S2050,Term2,8,2024-05-22,84.37020781227143
S2050,Term2,9,2024-05-29,92.63482994116389
S2050,Term2,10,2024-06-05,89.1683608421935
S2050,Term2,11,2024-06-12,100.0
S2050,Term2,12,2024-06-19,90.44723066084529
S2050,Term3,1,2024-06-26,79.41705484997102
S2050,Term3,2,2024-07-03,78.26371914971264
S2050,Term3,3,2024-07-10,80.28689257099829
S2050,Term3,4,2024-07-17,66.97795690444195
S2050,Term3,5,2024-07-24,85.47837048989904
S2050,Term3,6,2024-07-31,94.401617274507
S2050,Term3,7,2024-08-07,77.63963679252117
S2050,Term3,8,2024-08-14,75.31143932459067
S2050,Term3,9,2024-08-21,100.0
S2050,Term3,10,2024-08-28,67.88220212054603
S2050,Term3,11,2024-09-04,60.18617948227239
S2050,Term3,12,2024-09-11,71.16517667623141
S2051,Term1,1,2024-01-10,66.51480739450844
S2051,Term1,2,2024-01-17,89.63471276925497
S2051,Term1,3,2024-01-24,80.67154599460511
S2051,Term1,4,2024-01-31,82.36375545971393
S2051,Term1,5,2024-02-07,98.83521012369728
S2051,Term1,6,2024-02-14,76.70398166604669
S2051,Term1,7,2024-02-21,94.30107294094769
S2051,Term1,8,2024-02-28,100.0
S2051,Term1,9,2024-03-06,79.53205002383608
S2051,Term1,10,2024-03-13,93.84427426667577
S2051,Term1,11,2024-03-20,82.09818504965224
S2051,Term1,12,2024-03-27,96.08917754608947
S2051,Term2,1,2024-04-03,66.14212974908472
S2051,Term2,2,2024-04-10,65.25385305849585
S2051,Term2,3,2024-04-17,80.30478742110951
S2051,Term2,4,2024-04-24,74.33290229128275
S2051,Term2,5,2024-05-01,78.79949068684138
S2051,Term2,6,2024-05-08,82.36568101063432
S2051,Term2,7,2024-05-15,93.64016238203502
S2051,Term2,8,2024-05-22,80.10807305720878
S2051,Term2,9,2024-05-29,75.11366427252295
S2051,Term2,10,2024-06-05,80.78183947889322
S2051,Term2,11,2024-06-12,75.77025664232059
S2051,Term2,12,2024-06-19,73.79193397524743
S2051,Term3,1,2024-06-26,65.64379823707637
S2051,Term3,2,2024-07-03,85.83373739465294
S2051,Term3,3,2024-07-10,78.17553152083536
S2051,Term3,4,2024-07-17,96.59534487081606
S2051,Term3,5,2024-07-24,67.63124689529272
S2051,Term3,6,2024-07-31,78.49499733942545
S2051,Term3,7,2024-08-07,100.0
S2051,Term3,8,2024-08-14,73.7246857948258
S2051,Term3,9,2024-08-21,82.16160097484651
S2051,Term3,10,2024-08-28,70.40987220609557
S2051,Term3,11,2024-09-04,68.81886984662823
S2051,Term3,12,2024-09-11,100.0
S2052,Term1,1,2024-01-10,87.05247391164576
S2052,Term1,2,2024-01-17,86.60414605885148
S2052,Term1,3,2024-01-24,64.64420517860533
S2052,Term1,4,2024-01-31,89.30489665729964
S2052,Term1,5,2024-02-07,98.88906335192591
S2052,Term1,6,2024-02-14,98.79372472994235
S2052,Term1,7,2024-02-21,93.01999875527393
S2052,Term1,8,2024-02-28,71.44617306885516
S2052,Term1,9,2024-03-06,88.7574810063159
S2052,Term1,10,2024-03-13,93.01101952571929
S2052,Term1,11,2024-03-20,63.46667697893318
S2052,Term1,12,2024-03-27,71.54464490221858
S2052,Term2,1,2024-04-03,95.6578878609213
S2052,Term2,2,2024-04-10,95.51254932006314
S2052,Term2,3,2024-04-17,66.4170035965433
S2052,Term2,4,2024-04-24,94.54025751123007
S2052,Term2,5,2024-05-01,86.14364078984342
S2052,Term2,6,2024-05-08,94.37210745528581
S2052,Term2,7,2024-05-15,77.3857441187927
S2052,Term2,8,2024-05-22,92.74220195777082
S2052,Term2,9,2024-05-29,95.1259452938275
S2052,Term2,10,2024-06-05,80.78398077453146
S2052,Term2,11,2024-06-12,85.21303055407944
S2052,Term2,12,2024-06-19,77.21774044594416
S2052,Term3,1,2024-06-26,100.0
S2052,Term3,2,2024-07-03,83.55673672809081
S2052,Term3,3,2024-07-10,73.93570809787381
S2052,Term3,4,2024-07-17,76.410089033503
S2052,Term3,5,2024-07-24,86.52124721370535
S2052,Term3,6,2024-07-31,94.03997406133854
S2052,Term3,7,2024-08-07,68.97007785819375
S2052,Term3,8,2024-08-14,100.0
S2052,Term3,9,2024-08-21,88.7041035286674
S2052,Term3,10,2024-08-28,90.59747167563295
S2052,Term3,11,2024-09-04,83.83372547411876
S2052,Term3,12,2024-09-11,85.2311076082135
S2053,Term1,1,2024-01-10,83.22060234487117
S2053,Term1,2,2024-01-17,97.21355162843153
S2053,Term1,3,2024-01-24,84.90485695055955
S2053,Term1,4,2024-01-31,94.20460262191251
S2053,Term1,5,2024-02-07,79.79382971976914
S2053,Term1,6,2024-02-14,87.3476863397478
S2053,Term1,7,2024-02-21,75.35295586912694
S2053,Term1,8,2024-02-28,99.59833879059444
S2053,Term1,9,2024-03-06,74.99503311137062
S2053,Term1,10,2024-03-13,81.10024666886409
S2053,Term1,11,2024-03-20,81.22047505054306
S2053,Term1,12,2024-03-27,80.75258334791478
S2053,Term2,1,2024-04-03,93.66994923331524
S2053,Term2,2,2024-04-10,81.20010682316027
S2053,Term2,3,2024-04-17,100.0
S2053,Term2,4,2024-04-24,75.17829896643798
S2053,Term2,5,2024-05-01,87.03252963931249
S2053,Term2,6,2024-05-08,75.6905681282488
S2053,Term2,7,2024-05-15,90.0516733903776
S2053,Term2,8,2024-05-22,84.80860327627876
S2053,Term2,9,2024-05-29,83.13925546361826
S2053,Term2,10,2024-06-05,99.26169959804228
S2053,Term2,11,2024-06-12,77.14789754733876
S2053,Term2,12,2024-06-19,92.038181891416
S2053,Term3,1,2024-06-26,75.77248104790249
S2053,Term3,2,2024-07-03,86.35222240192448
S2053,Term3,3,2024-07-10,70.65309606131865
S2053,Term3,4,2024-07-17,77.04979424431912
S2053,Term3,5,2024-07-24,84.01428345312561
S2053,Term3,6,2024-07-31,100.0
S2053,Term3,7,2024-08-07,86.2096464455173
S2053,Term3,8,2024-08-14,100.0
S2053,Term3,9,2024-08-21,87.64387950029102
S2053,Term3,10,2024-08-28,80.35498906630073
S2053,Term3,11,2024-09-04,100.0
S2053,Term3,12,2024-09-11,90.24421146488103
S2054,Term1,1,2024-01-10,77.28734087340743
S2054,Term1,2,2024-01-17,90.64685751280356
S2054,Term1,3,2024-01-24,81.48886300110868
S2054,Term1,4,2024-01-31,61.13158964594445
S2054,Term1,5,2024-02-07,96.2316779111874
S2054,Term1,6,2024-02-14,98.13920866770314
S2054,Term1,7,2024-02-21,100.0
S2054,Term1,8,2024-02-28,90.06572430634316
S2054,Term1,9,2024-03-06,82.01531891100962
S2054,Term1,10,2024-03-13,95.01987312854303
S2054,Term1,11,2024-03-20,95.19784438382688
S2054,Term1,12,2024-03-27,100.0
S2054,Term2,1,2024-04-03,84.4644685232027
S2054,Term2,2,2024-04-10,83.01305232918887
S2054,Term2,3,2024-04-17,76.41346696289767
S2054,Term2,4,2024-04-24,91.44954504070242
S2054,Term2,5,2024-05-01,66.42085998122998
S2054,Term2,6,2024-05-08,94.31304847435078
S2054,Term2,7,2024-05-15,92.05402146238947
S2054,Term2,8,2024-05-22,92.02084242950046
S2054,Term2,9,2024-05-29,86.65870283802208
S2054,Term2,10,2024-06-05,100.0
S2054,Term2,11,2024-06-12,95.46392158512236
S2054,Term2,12,2024-06-19,77.7150737034916
S2054,Term3,1,2024-06-26,77.92985140362823
S2054,Term3,2,2024-07-03,74.44391423902437
S2054,Term3,3,2024-07-10,91.61539999330705
S2054,Term3,4,2024-07-17,72.99833294512052
S2054,Term3,5,2024-07-24,98.00070572300022
S2054,Term3,6,2024-07-31,100.0
S2054,Term3,7,2024-08-07,74.45180477259458
S2054,Term3,8,2024-08-14,82.77341758488575
S2054,Term3,9,2024-08-21,85.19945177634897
S2054,Term3,10,2024-08-28,95.607797925636
S2054,Term3,11,2024-09-04,100.0
S2054,Term3,12,2024-09-11,64.77409128557707
S2055,Term1,1,2024-01-10,81.1818313896798
S2055,Term1,2,2024-01-17,81.80779965327584
S2055,Term1,3,2024-01-24,68.19196174136142
S2055,Term1,4,2024-01-31,79.17867976835126
S2055,Term1,5,2024-02-07,90.13322733220733
S2055,Term1,6,2024-02-14,81.65585316592531
S2055,Term1,7,2024-02-21,66.46454597671104
S2055,Term1,8,2024-02-28,100.0
S2055,Term1,9,2024-03-06,88.19413438245016
S2055,Term1,10,2024-03-13,86.3403295612801
S2055,Term1,11,2024-03-20,71.82488364319545
S2055,Term1,12,2024-03-27,88.12847394365531
S2055,Term2,1,2024-04-03,83.02943459150207
S2055,Term2,2,2024-04-10,62.33771904741512
S2055,Term2,3,2024-04-17,72.156934719827
S2055,Term2,4,2024-04-24,94.53911221208733
S2055,Term2,5,2024-05-01,100.0
S2055,Term2,6,2024-05-08,89.40598486051654
S2055,Term2,7,2024-05-15,98.23699933952041
S2055,Term2,8,2024-05-22,83.13093629700148
S2055,Term2,9,2024-05-29,83.96144607183277
S2055,Term2,10,2024-06-05,98.09174833143358
S2055,Term2,11,2024-06-12,100.0
S2055,Term2,12,2024-06-19,100.0
S2055,Term3,1,2024-06-26,72.20364309538218
S2055,Term3,2,2024-07-03,84.19649331621704
S2055,Term3,3,2024-07-10,88.33029621371554
S2055,Term3,4,2024-07-17,81.88386443790965
S2055,Term3,5,2024-07-24,89.65429052098715
S2055,Term3,6,2024-07-31,94.84692174002737
S2055,Term3,7,2024-08-07,97.03371702346169
S2055,Term3,8,2024-08-14,100.0
S2055,Term3,9,2024-08-21,81.04670674330198
S2055,Term3,10,2024-08-28,68.63160202192823
S2055,Term3,11,2024-09-04,89.29881512817343
S2055,Term3,12,2024-09-11,100.0
S2056,Term1,1,2024-01-10,79.27628968055129
S2056,Term1,2,2024-01-17,93.24216372476464
S2056,Term1,3,2024-01-24,93.34894950967171
S2056,Term1,4,2024-01-31,87.2973045681353
S2056,Term1,5,2024-02-07,85.08309665252457
S2056,Term1,6,2024-02-14,73.91884953134328
S2056,Term1,7,2024-02-21,57.62005513095307
S2056,Term1,8,2024-02-28,71.65779152003165
S2056,Term1,9,2024-03-06,80.3163502106596
S2056,Term1,10,2024-03-13,98.16907224907249
S2056,Term1,11,2024-03-20,83.76246325178349
S2056,Term1,12,2024-03-27,78.77169137298222
S2056,Term2,1,2024-04-03,74.30817469655884
S2056,Term2,2,2024-04-10,92.88166994211376
S2056,Term2,3,2024-04-17,100.0
S2056,Term2,4,2024-04-24,97.76122866240951
S2056,Term2,5,2024-05-01,92.27379639710163
S2056,Term2,6,2024-05-08,67.29264704340471
S2056,Term2,7,2024-05-15,80.77990908587475
S2056,Term2,8,2024-05-22,100.0
S2056,Term2,9,2024-05-29,98.4634059029827
S2056,Term2,10,2024-06-05,66.5499613811833
S2056,Term2,11,2024-06-12,84.33291372160875
S2056,Term2,12,2024-06-19,89.35718119193247
S2056,Term3,1,2024-06-26,75.85409844368536
S2056,Term3,2,2024-07-03,57.28955174309382
S2056,Term3,3,2024-07-10,86.18588854019718
S2056,Term3,4,2024-07-17,75.54690090855473
S2056,Term3,5,2024-07-24,75.59389913098379
S2056,Term3,6,2024-07-31,80.7438356808309
S2056,Term3,7,2024-08-07,83.39588902414226
S2056,Term3,8,2024-08-14,84.89100647085176
S2056,Term3,9,2024-08-21,74.39212121293599
S2056,Term3,10,2024-08-28,82.35748564439108
S2056,Term3,11,2024-09-04,63.91091955516694
S2056,Term3,12,2024-09-11,88.73246878441694
S2057,Term1,1,2024-01-10,50.72469503990611
S2057,Term1,2,2024-01-17,81.52611903479657
S2057,Term1,3,2024-01-24,96.03023384412344
S2057,Term1,4,2024-01-31,72.28791175270209
S2057,Term1,5,2024-02-07,93.5971624438888
S2057,Term1,6,2024-02-14,98.8687925454507
S2057,Term1,7,2024-02-21,45.30520057003134
S2057,Term1,8,2024-02-28,83.18364515709109
S2057,Term1,9,2024-03-06,50.4907188684607
S2057,Term1,10,2024-03-13,83.58149865314864
S2057,Term1,11,2024-03-20,84.91394546822409
S2057,Term1,12,2024-03-27,55.20947216906994
S2057,Term2,1,2024-04-03,100.0
S2057,Term2,2,2024-04-10,88.4321896916155
S2057,Term2,3,2024-04-17,74.81171881501558
S2057,Term2,4,2024-04-24,100.0
S2057,Term2,5,2024-05-01,63.4526413522922
S2057,Term2,6,2024-05-08,70.24994759778019
S2057,Term2,7,2024-05-15,57.40653371596122
S2057,Term2,8,2024-05-22,100.0
S2057,Term2,9,2024-05-29,88.98815645766405
S2057,Term2,10,2024-06-05,92.91282147818194
S2057,Term2,11,2024-06-12,88.61201480702171
S2057,Term2,12,2024-06-19,91.88521313373502
S2057,Term3,1,2024-06-26,85.93693256675188
S2057,Term3,2,2024-07-03,88.2510561124893
S2057,Term3,3,2024-07-10,86.29124123467541
S2057,Term3,4,2024-07-17,77.69689833316866
S2057,Term3,5,2024-07-24,84.44050281742398
S2057,Term3,6,2024-07-31,88.28313487914014
S2057,Term3,7,2024-08-07,86.32658943462557
S2057,Term3,8,2024-08-14,67.2667347069602
S2057,Term3,9,2024-08-21,68.8601599766991
S2057,Term3,10,2024-08-28,97.9940972069967
S2057,Term3,11,2024-09-04,81.31607144939917
S2057,Term3,12,2024-09-11,92.01670416443129
S2058,Term1,1,2024-01-10,71.89456108333124
S2058,Term1,2,2024-01-17,67.32224948024164
S2058,Term1,3,2024-01-24,74.87684064961944
S2058,Term1,4,2024-01-31,82.32921915074304
S2058,Term1,5,2024-02-07,77.01831640858705
S2058,Term1,6,2024-02-14,100.0
S2058,Term1,7,2024-02-21,87.15427961844954
S2058,Term1,8,2024-02-28,100.0
S2058,Term1,9,2024-03-06,89.85289784885701
S2058,Term1,10,2024-03-13,56.04939018496227
S2058,Term1,11,2024-03-20,97.67249927750265
S2058,Term1,12,2024-03-27,66.88538053036055
S2058,Term2,1,2024-04-03,87.76640400653606
S2058,Term2,2,2024-04-10,75.70379130803386
S2058,Term2,3,2024-04-17,100.0
S2058,Term2,4,2024-04-24,100.0
S2058,Term2,5,2024-05-01,76.0981522995789
S2058,Term2,6,2024-05-08,83.47170798254666
S2058,Term2,7,2024-05-15,87.93517683579061
S2058,Term2,8,2024-05-22,95.36096885873933
S2058,Term2,9,2024-05-29,85.34982294790015
S2058,Term2,10,2024-06-05,72.7012612074296
S2058,Term2,11,2024-06-12,76.38929632959936
S2058,Term2,12,2024-06-19,84.9462184434785
S2058,Term3,1,2024-06-26,99.81348374517628
S2058,Term3,2,2024-07-03,90.13405432643253
S2058,Term3,3,2024-07-10,75.71902088061981
S2058,Term3,4,2024-07-17,92.78047333251747
S2058,Term3,5,2024-07-24,80.35618193346208
S2058,Term3,6,2024-07-31,95.6848960622421
S2058,Term3,7,2024-08-07,100.0
S2058,Term3,8,2024-08-14,80.69408354867741
S2058,Term3,9,2024-08-21,94.61926191671645
S2058,Term3,10,2024-08-28,76.05528001554724
S2058,Term3,11,2024-09-04,83.65283479370443
S2058,Term3,12,2024-09-11,85.35474744246521
S2059,Term1,1,2024-01-10,82.67579607946743
S2059,Term1,2,2024-01-17,100.0
S2059,Term1,3,2024-01-24,81.32088310385942
S2059,Term1,4,2024-01-31,92.04221846541842
S2059,Term1,5,2024-02-07,61.838957568118815
S2059,Term1,6,2024-02-14,90.18395876043532
S2059,Term1,7,2024-02-21,98.70465510822696
S2059,Term1,8,2024-02-28,78.66883188905139
S2059,Term1,9,2024-03-06,54.87733430751504
S2059,Term1,10,2024-03-13,84.5361787740721
S2059,Term1,11,2024-03-20,85.20620620462634
S2059,Term1,12,2024-03-27,93.68890060893165
S2059,Term2,1,2024-04-03,100.0
S2059,Term2,2,2024-04-10,80.43935619279632
S2059,Term2,3,2024-04-17,74.72454251607664
S2059,Term2,4,2024-04-24,70.99698638354268
S2059,Term2,5,2024-05-01,87.37694340437919
S2059,Term2,6,2024-05-08,90.75225110582203
S2059,Term2,7,2024-05-15,78.45213526764898
S2059,Term2,8,2024-05-22,94.34419294870948
S2059,Term2,9,2024-05-29,90.58460892183011
S2059,Term2,10,2024-06-05,85.51878027573868
S2059,Term2,11,2024-06-12,74.17102335107049
S2059,Term2,12,2024-06-19,79.21762821418332
S2059,Term3,1,2024-06-26,55.84293642780946
S2059,Term3,2,2024-07-03,87.8294447703764
S2059,Term3,3,2024-07-10,85.31609546496922
S2059,Term3,4,2024-07-17,87.26174789307383
S2059,Term3,5,2024-07-24,91.05182818677473
S2059,Term3,6,2024-07-31,89.62985783718668
S2059,Term3,7,2024-08-07,83.67540183224757
S2059,Term3,8,2024-08-14,85.58401651795303
S2059,Term3,9,2024-08-21,68.14820299964597
S2059,Term3,10,2024-08-28,77.99535225172689
S2059,Term3,11,2024-09-04,85.60565264420154
S2059,Term3,12,2024-09-11,76.16975708905167
S2060,Term1,1,2024-01-10,95.32180955047056
S2060,Term1,2,2024-01-17,77.09641502853964
S2060,Term1,3,2024-01-24,87.5956649349798
S2060,Term1,4,2024-01-31,86.39878788178403
S2060,Term1,5,2024-02-07,93.95533112332491
S2060,Term1,6,2024-02-14,95.80949408833962
S2060,Term1,7,2024-02-21,93.32839133161528
S2060,Term1,8,2024-02-28,59.727925583402396
S2060,Term1,9,2024-03-06,99.32977777615753
S2060,Term1,10,2024-03-13,100.0
S2060,Term1,11,2024-03-20,79.21450858814237
S2060,Term1,12,2024-03-27,87.8397629520742
S2060,Term2,1,2024-04-03,74.31001983843062
S2060,Term2,2,2024-04-10,61.619457919214184
S2060,Term2,3,2024-04-17,76.13541681349136
S2060,Term2,4,2024-04-24,78.51833152643668
S2060,Term2,5,2024-05-01,80.74179122377821
S2060,Term2,6,2024-05-08,73.49303091992815
S2060,Term2,7,2024-05-15,76.19889799819313
S2060,Term2,8,2024-05-22,84.86792414045911
S2060,Term2,9,2024-05-29,75.7572762026783
S2060,Term2,10,2024-06-05,91.52229199060034
S2060,Term2,11,2024-06-12,93.17992781676928
S2060,Term2,12,2024-06-19,100.0
S2060,Term3,1,2024-06-26,98.50815918548155
S2060,Term3,2,2024-07-03,87.91723669994097
S2060,Term3,3,2024-07-10,77.55682843998785
S2060,Term3,4,2024-07-17,88.52496822008798
S2060,Term3,5,2024-07-24,88.91915151899627
S2060,Term3,6,2024-07-31,78.84024293193207
S2060,Term3,7,2024-08-07,94.40477676103453
S2060,Term3,8,2024-08-14,68.22282382381749
S2060,Term3,9,2024-08-21,82.06720197354987
S2060,Term3,10,2024-08-28,91.67030151180889
S2060,Term3,11,2024-09-04,81.54899022889484
S2060,Term3,12,2024-09-11,82.51894715884875
S2061,Term1,1,2024-01-10,83.34656966569264
S2061,Term1,2,2024-01-17,74.97278511174706
S2061,Term1,3,2024-01-24,99.0868111788905
S2061,Term1,4,2024-01-31,72.78354793692623
S2061,Term1,5,2024-02-07,88.81791192891862
S2061,Term1,6,2024-02-14,89.96377477938849
S2061,Term1,7,2024-02-21,73.6165371854924
S2061,Term1,8,2024-02-28,85.87725105256892
S2061,Term1,9,2024-03-06,74.08441392706358
S2061,Term1,10,2024-03-13,100.0
S2061,Term1,11,2024-03-20,71.33460475628544
S2061,Term1,12,2024-03-27,77.15323486921643
S2061,Term2,1,2024-04-03,70.30929989973303
S2061,Term2,2,2024-04-10,68.70761527758938
S2061,Term2,3,2024-04-17,100.0
S2061,Term2,4,2024-04-24,91.51329608695075
S2061,Term2,5,2024-05-01,86.68352110840652
S2061,Term2,6,2024-05-08,77.12107643983694
S2061,Term2,7,2024-05-15,95.89134173256122
S2061,Term2,8,2024-05-22,75.10933072759056
S2061,Term2,9,2024-05-29,94.52367153196124
S2061,Term2,10,2024-06-05,74.52986468073237
S2061,Term2,11,2024-06-12,77.26590757749193
S2061,Term2,12,2024-06-19,94.09938863341506
S2061,Term3,1,2024-06-26,95.3659281298692
S2061,Term3,2,2024-07-03,92.16967520676113
S2061,Term3,3,2024-07-10,72.40391061091846
S2061,Term3,4,2024-07-17,79.63927761132605
S2061,Term3,5,2024-07-24,86.88278489438216
S2061,Term3,6,2024-07-31,74.8086284570789
S2061,Term3,7,2024-08-07,100.0
S2061,Term3,8,2024-08-14,56.176636672593446
S2061,Term3,9,2024-08-21,75.65512581557016
S2061,Term3,10,2024-08-28,78.88520196556202
S2061,Term3,11,2024-09-04,50.87267602273879
S2061,Term3,12,2024-09-11,68.24525043716571
S2062,Term1,1,2024-01-10,92.50347415050481
S2062,Term1,2,2024-01-17,85.36340363863556
S2062,Term1,3,2024-01-24,100.0
S2062,Term1,4,2024-01-31,100.0
S2062,Term1,5,2024-02-07,90.19655654324735
S2062,Term1,6,2024-02-14,88.75885898800854
S2062,Term1,7,2024-02-21,85.7911733029468
S2062,Term1,8,2024-02-28,53.13901578544612
S2062,Term1,9,2024-03-06,68.2652858400871
S2062,Term1,10,2024-03-13,86.2081060371872
S2062,Term1,11,2024-03-20,92.39230850497206
S2062,Term1,12,2024-03-27,88.47603774565769
S2062,Term2,1,2024-04-03,74.29042038741211
S2062,Term2,2,2024-04-10,96.24887538963395
S2062,Term2,3,2024-04-17,100.0
S2062,Term2,4,2024-04-24,96.25587520349607
S2062,Term2,5,2024-05-01,96.87519195508565
S2062,Term2,6,2024-05-08,78.28929042453747
S2062,Term2,7,2024-05-15,97.9112094724096
S2062,Term2,8,2024-05-22,86.74910367193189
S2062,Term2,9,2024-05-29,91.13866634226406
S2062,Term2,10,2024-06-05,89.3851821138965
S2062,Term2,11,2024-06-12,83.54215473471507
S2062,Term2,12,2024-06-19,74.67997029853238
S2062,Term3,1,2024-06-26,84.01436003735144
S2062,Term3,2,2024-07-03,96.84113940979387
S2062,Term3,3,2024-07-10,79.70229033624508
S2062,Term3,4,2024-07-17,95.72016715129774
S2062,Term3,5,2024-07-24,93.84484804741206
S2062,Term3,6,2024-07-31,81.41275123576203
S2062,Term3,7,2024-08-07,100.0
S2062,Term3,8,2024-08-14,80.73343994571152
S2062,Term3,9,2024-08-21,100.0
S2062,Term3,10,2024-08-28,90.20952377849167
S2062,Term3,11,2024-09-04,84.80960897855783
S2062,Term3,12,2024-09-11,74.34638343594816
S2063,Term1,1,2024-01-10,83.9408772383795
S2063,Term1,2,2024-01-17,82.55488583806695
S2063,Term1,3,2024-01-24,69.90044337698913
S2063,Term1,4,2024-01-31,82.38861492738799
S2063,Term1,5,2024-02-07,75.35436183883498
S2063,Term1,6,2024-02-14,92.03190122774538
S2063,Term1,7,2024-02-21,100.0
S2063,Term1,8,2024-02-28,70.27701188445711
S2063,Term1,9,2024-03-06,100.0
S2063,Term1,10,2024-03-13,83.45738758737845
S2063,Term1,11,2024-03-20,73.29974338073782
S2063,Term1,12,2024-03-27,94.0930573624982
S2063,Term2,1,2024-04-03,79.64254626093943
S2063,Term2,2,2024-04-10,84.01915988762207
S2063,Term2,3,2024-04-17,80.14866106945506
S2063,Term2,4,2024-04-24,75.1991448176212
S2063,Term2,5,2024-05-01,93.68796438882285
S2063,Term2,6,2024-05-08,81.56438316526976
S2063,Term2,7,2024-05-15,67.76017849384905
S2063,Term2,8,2024-05-22,91.6127214905912
S2063,Term2,9,2024-05-29,70.53301178771494
S2063,Term2,10,2024-06-05,71.16087792789689
S2063,Term2,11,2024-06-12,99.3112744597278
S2063,Term2,12,2024-06-19,70.64392120947745
S2063,Term3,1,2024-06-26,57.20266171687011
S2063,Term3,2,2024-07-03,92.47433781953795
S2063,Term3,3,2024-07-10,81.35363884622643
S2063,Term3,4,2024-07-17,82.3881385463426
S2063,Term3,5,2024-07-24,81.2259952797976
S2063,Term3,6,2024-07-31,87.78003926822473
S2063,Term3,7,2024-08-07,75.96736909716319
S2063,Term3,8,2024-08-14,100.0
S2063,Term3,9,2024-08-21,67.28523423628722
S2063,Term3,10,2024-08-28,90.33849900012548
S2063,Term3,11,2024-09-04,92.70545204651901
S2063,Term3,12,2024-09-11,75.88417886999946
S2064,Term1,1,2024-01-10,72.71518665666618
S2064,Term1,2,2024-01-17,97.20609057004188
S2064,Term1,3,2024-01-24,73.10967095179942
S2064,Term1,4,2024-01-31,77.7200327109932
S2064,Term1,5,2024-02-07,95.64770754951695
S2064,Term1,6,2024-02-14,85.41689480246829
S2064,Term1,7,2024-02-21,63.43427598845074
S2064,Term1,8,2024-02-28,100.0
S2064,Term1,9,2024-03-06,78.63987089464041
S2064,Term1,10,2024-03-13,80.166912521123
S2064,Term1,11,2024-03-20,88.06941102791639
S2064,Term1,12,2024-03-27,92.50092156404887
S2064,Term2,1,2024-04-03,100.0
S2064,Term2,2,2024-04-10,65.07918220713165
S2064,Term2,3,2024-04-17,94.91142650711134
S2064,Term2,4,2024-04-24,93.91611632860092
S2064,Term2,5,2024-05-01,83.3540210695106
S2064,Term2,6,2024-05-08,94.44728433779467
S2064,Term2,7,2024-05-15,96.21128821163856
S2064,Term2,8,2024-05-22,68.41644658015595
S2064,Term2,9,2024-05-29,100.0
S2064,Term2,10,2024-06-05,66.2948529623423
S2064,Term2,11,2024-06-12,71.37620462513472
S2064,Term2,12,2024-06-19,81.85854791651084
S2064,Term3,1,2024-06-26,100.0
S2064,Term3,2,2024-07-03,81.30092044295937
S2064,Term3,3,2024-07-10,84.61679331939027
S2064,Term3,4,2024-07-17,100.0
S2064,Term3,5,2024-07-24,81.39618228921432
S2064,Term3,6,2024-07-31,70.85875944483189
S2064,Term3,7,2024-08-07,79.99318197714022
S2064,Term3,8,2024-08-14,100.0
S2064,Term3,9,2024-08-21,85.85037996466164
S2064,Term3,10,2024-08-28,100.0
S2064,Term3,11,2024-09-04,93.85521911514586
S2064,Term3,12,2024-09-11,77.2622927632782
S2065,Term1,1,2024-01-10,85.61291565358094
S2065,Term1,2,2024-01-17,74.76138258229744
S2065,Term1,3,2024-01-24,76.97880363221476
S2065,Term1,4,2024-01-31,100.0
S2065,Term1,5,2024-02-07,97.22349412040573
S2065,Term1,6,2024-02-14,95.33317586808008
S2065,Term1,7,2024-02-21,77.52183621630323
S2065,Term1,8,2024-02-28,100.0
S2065,Term1,9,2024-03-06,98.19298722151524
S2065,Term1,10,2024-03-13,100.0
S2065,Term1,11,2024-03-20,100.0
S2065,Term1,12,2024-03-27,67.25092854282974
S2065,Term2,1,2024-04-03,71.68192612876112
S2065,Term2,2,2024-04-10,72.95454621443636
S2065,Term2,3,2024-04-17,73.67271228001076
S2065,Term2,4,2024-04-24,88.88142837112468
S2065,Term2,5,2024-05-01,78.19835857485019
S2065,Term2,6,2024-05-08,100.0
S2065,Term2,7,2024-05-15,100.0
S2065,Term2,8,2024-05-22,84.92246087105153
S2065,Term2,9,2024-05-29,100.0
S2065,Term2,10,2024-06-05,100.0
S2065,Term2,11,2024-06-12,79.5915212898729
S2065,Term2,12,2024-06-19,60.88941587169326
S2065,Term3,1,2024-06-26,82.38437938047124
S2065,Term3,2,2024-07-03,77.26453442705832
S2065,Term3,3,2024-07-10,87.47806750174996
S2065,Term3,4,2024-07-17,86.07073944249699
S2065,Term3,5,2024-07-24,85.75621190679074
S2065,Term3,6,2024-07-31,91.28421689654998
S2065,Term3,7,2024-08-07,70.44973663499586
S2065,Term3,8,2024-08-14,89.93632333083649
S2065,Term3,9,2024-08-21,79.72460616379593
S2065,Term3,10,2024-08-28,87.39978639836424
S2065,Term3,11,2024-09-04,96.48891814278628
S2065,Term3,12,2024-09-11,70.30720272134764
S2066,Term1,1,2024-01-10,81.62447616796517
S2066,Term1,2,2024-01-17,83.57758919165363
S2066,Term1,3,2024-01-24,78.8287723411523
S2066,Term1,4,2024-01-31,95.79795395359548
S2066,Term1,5,2024-02-07,76.35533969439435
S2066,Term1,6,2024-02-14,78.33519520669194
S2066,Term1,7,2024-02-21,76.48097040457523
S2066,Term1,8,2024-02-28,98.10466493726562
S2066,Term1,9,2024-03-06,79.0906706510534
S2066,Term1,10,2024-03-13,90.52054469060268
S2066,Term1,11,2024-03-20,100.0
S2066,Term1,12,2024-03-27,84.10217895579298
S2066,Term2,1,2024-04-03,98.34472816039789
S2066,Term2,2,2024-04-10,100.0
S2066,Term2,3,2024-04-17,97.32629872048497
S2066,Term2,4,2024-04-24,84.79838420826711
S2066,Term2,5,2024-05-01,92.70529310798337
S2066,Term2,6,2024-05-08,69.55145688237586
S2066,Term2,7,2024-05-15,75.63948210220057
S2066,Term2,8,2024-05-22,77.74389782041698
S2066,Term2,9,2024-05-29,100.0
S2066,Term2,10,2024-06-05,75.2489858289368
S2066,Term2,11,2024-06-12,75.07027898485805
S2066,Term2,12,2024-06-19,72.47294823701219
S2066,Term3,1,2024-06-26,91.71774114316914
S2066,Term3,2,2024-07-03,86.71145671202659
S2066,Term3,3,2024-07-10,98.04110772431878
S2066,Term3,4,2024-07-17,93.05511599292825
S2066,Term3,5,2024-07-24,68.4353218393112
S2066,Term3,6,2024-07-31,75.31266675987555
S2066,Term3,7,2024-08-07,100.0
S2066,Term3,8,2024-08-14,82.56042106507834
S2066,Term3,9,2024-08-21,99.25110181621615
S2066,Term3,10,2024-08-28,83.2038286250162
S2066,Term3,11,2024-09-04,73.38812286053775
S2066,Term3,12,2024-09-11,81.36087066799952
S2067,Term1,1,2024-01-10,73.38340245340365
S2067,Term1,2,2024-01-17,78.21336685117092
S2067,Term1,3,2024-01-24,87.41110847878295
S2067,Term1,4,2024-01-31,91.13926108442824
S2067,Term1,5,2024-02-07,65.91770412094843
S2067,Term1,6,2024-02-14,84.79158390989082
S2067,Term1,7,2024-02-21,77.96061117328297
S2067,Term1,8,2024-02-28,77.21902229249424
S2067,Term1,9,2024-03-06,86.59221542959692
S2067,Term1,10,2024-03-13,78.39457752772945
S2067,Term1,11,2024-03-20,100.0
S2067,Term1,12,2024-03-27,99.25674251501272
S2067,Term2,1,2024-04-03,99.18193952730448
S2067,Term2,2,2024-04-10,79.06107765411637
S2067,Term2,3,2024-04-17,73.45001398096814
S2067,Term2,4,2024-04-24,85.98435915265739
S2067,Term2,5,2024-05-01,83.19581960456479
S2067,Term2,6,2024-05-08,77.69412205091962
S2067,Term2,7,2024-05-15,70.89118663999646
S2067,Term2,8,2024-05-22,84.50178436878313
S2067,Term2,9,2024-05-29,80.15116659697031
S2067,Term2,10,2024-06-05,93.26016444445624
S2067,Term2,11,2024-06-12,92.98127261825775
S2067,Term2,12,2024-06-19,98.20959766507261
S2067,Term3,1,2024-06-26,69.88845337743955
S2067,Term3,2,2024-07-03,89.81269969232359
S2067,Term3,3,2024-07-10,76.27041152519594
S2067,Term3,4,2024-07-17,70.35502947026698
S2067,Term3,5,2024-07-24,79.85677315661547
S2067,Term3,6,2024-07-31,97.82445976161542
S2067,Term3,7,2024-08-07,80.53217975715418
S2067,Term3,8,2024-08-14,100.0
S2067,Term3,9,2024-08-21,91.586542186244
S2067,Term3,10,2024-08-28,80.27091425223307
S2067,Term3,11,2024-09-04,98.9205811468769
S2067,Term3,12,2024-09-11,90.34476126537143
S2068,Term1,1,2024-01-10,73.80928733863954
S2068,Term1,2,2024-01-17,100.0
S2068,Term1,3,2024-01-24,88.11374587703772
S2068,Term1,4,2024-01-31,85.2255543038259
S2068,Term1,5,2024-02-07,74.7336079611326
S2068,Term1,6,2024-02-14,99.15445921129286
S2068,Term1,7,2024-02-21,91.20730512833568
S2068,Term1,8,2024-02-28,92.5508581635429
S2068,Term1,9,2024-03-06,78.90962387769078
S2068,Term1,10,2024-03-13,95.00920686292082
S2068,Term1,11,2024-03-20,95.94176312284962
S2068,Term1,12,2024-03-27,76.97466113462653
S2068,Term2,1,2024-04-03,67.99611832382811
S2068,Term2,2,2024-04-10,91.97647671206708
S2068,Term2,3,2024-04-17,66.11983660473112
S2068,Term2,4,2024-04-24,86.82418933405336
S2068,Term2,5,2024-05-01,79.63305874255232
S2068,Term2,6,2024-05-08,99.62398252946706
S2068,Term2,7,2024-05-15,80.2858733107935
S2068,Term2,8,2024-05-22,98.28727566404565
S2068,Term2,9,2024-05-29,78.82948666764369
S2068,Term2,10,2024-06-05,96.99989206071533
S2068,Term2,11,2024-06-12,100.0
S2068,Term2,12,2024-06-19,72.18343433960511
S2068,Term3,1,2024-06-26,88.5044286607709
S2068,Term3,2,2024-07-03,100.0
S2068,Term3,3,2024-07-10,85.79906592283506
S2068,Term3,4,2024-07-17,85.74145924275578
S2068,Term3,5,2024-07-24,94.46198736821223
S2068,Term3,6,2024-07-31,85.49297036913705
S2068,Term3,7,2024-08-07,64.51328806515338
S2068,Term3,8,2024-08-14,98.58744849806726
S2068,Term3,9,2024-08-21,60.96461903361769
S2068,Term3,10,2024-08-28,79.9985001863399
S2068,Term3,11,2024-09-04,99.48910898987978
S2068,Term3,12,2024-09-11,80.72149085628658
S2069,Term1,1,2024-01-10,76.67564209042715
S2069,Term1,2,2024-01-17,95.55116686199872
S2069,Term1,3,2024-01-24,74.78662255798736
S2069,Term1,4,2024-01-31,70.33329136489655
S2069,Term1,5,2024-02-07,88.2941678499194
S2069,Term1,6,2024-02-14,82.80492041904891
S2069,Term1,7,2024-02-21,70.0759226297339
S2069,Term1,8,2024-02-28,92.64343047993844
S2069,Term1,9,2024-03-06,90.57385126692681
S2069,Term1,10,2024-03-13,80.68293980073241
S2069,Term1,11,2024-03-20,81.50401592650064
S2069,Term1,12,2024-03-27,90.64471290410988
S2069,Term2,1,2024-04-03,99.2843370370248
S2069,Term2,2,2024-04-10,81.6064814786881
S2069,Term2,3,2024-04-17,92.85626191609774
S2069,Term2,4,2024-04-24,91.78240260501519
S2069,Term2,5,2024-05-01,95.55168751250771
S2069,Term2,6,2024-05-08,85.47171038492158
S2069,Term2,7,2024-05-15,74.0520938312037
S2069,Term2,8,2024-05-22,79.45001016160037
S2069,Term2,9,2024-05-29,89.11424158937977
S2069,Term2,10,2024-06-05,100.0
S2069,Term2,11,2024-06-12,79.19176452164466
S2069,Term2,12,2024-06-19,94.65744932232879
S2069,Term3,1,2024-06-26,81.06332259187889
S2069,Term3,2,2024-07-03,86.32562507063363
S2069,Term3,3,2024-07-10,100.0
S2069,Term3,4,2024-07-17,94.1715109770452
S2069,Term3,5,2024-07-24,70.10440872710852
S2069,Term3,6,2024-07-31,78.13029971426091
S2069,Term3,7,2024-08-07,100.0
S2069,Term3,8,2024-08-14,86.70253651154195
S2069,Term3,9,2024-08-21,71.21391856460964
S2069,Term3,10,2024-08-28,75.17257066031534
S2069,Term3,11,2024-09-04,93.44192227253406
S2069,Term3,12,2024-09-11,96.93292337461156
S2070,Term1,1,2024-01-10,85.21426361778609
S2070,Term1,2,2024-01-17,100.0
S2070,Term1,3,2024-01-24,94.88982836146766
S2070,Term1,4,2024-01-31,82.07822716440519
S2070,Term1,5,2024-02-07,75.21152742280788
S2070,Term1,6,2024-02-14,73.3013883443315
S2070,Term1,7,2024-02-21,89.02505584576443
S2070,Term1,8,2024-02-28,79.13467546103912
S2070,Term1,9,2024-03-06,100.0
S2070,Term1,10,2024-03-13,100.0
S2070,Term1,11,2024-03-20,92.59679856996672
S2070,Term1,12,2024-03-27,70.85204592451726
S2070,Term2,1,2024-04-03,76.93337352937114
S2070,Term2,2,2024-04-10,100.0
S2070,Term2,3,2024-04-17,78.24320560245877
S2070,Term2,4,2024-04-24,98.4657008070343
S2070,Term2,5,2024-05-01,90.69524707641713
S2070,Term2,6,2024-05-08,85.62061461775825
S2070,Term2,7,2024-05-15,76.56600624477471
S2070,Term2,8,2024-05-22,83.86907387770299
S2070,Term2,9,2024-05-29,87.27577545849877
S2070,Term2,10,2024-06-05,97.39046677961346
S2070,Term2,11,2024-06-12,74.37117279239494
S2070,Term2,12,2024-06-19,81.84619788968662
S2070,Term3,1,2024-06-26,85.53787758318742
S2070,Term3,2,2024-07-03,92.95214029223398
S2070,Term3,3,2024-07-10,74.09842794972667
S2070,Term3,4,2024-07-17,69.20116248535342
S2070,Term3,5,2024-07-24,93.0875818205206
S2070,Term3,6,2024-07-31,66.78461062063957
S2070,Term3,7,2024-08-07,100.0
S2070,Term3,8,2024-08-14,83.1288868302051
S2070,Term3,9,2024-08-21,66.42962701270665
S2070,Term3,10,2024-08-28,79.23495736715807
S2070,Term3,11,2024-09-04,89.54948359683084
S2070,Term3,12,2024-09-11,78.60758694934027
S2071,Term1,1,2024-01-10,85.24035698589218
S2071,Term1,2,2024-01-17,93.88094038846344
S2071,Term1,3,2024-01-24,82.57371597534856
S2071,Term1,4,2024-01-31,73.7553078824064
S2071,Term1,5,2024-02-07,81.41219203153791
S2071,Term1,6,2024-02-14,100.0
S2071,Term1,7,2024-02-21,100.0
S2071,Term1,8,2024-02-28,60.7608859126927
S2071,Term1,9,2024-03-06,98.09233491029772
S2071,Term1,10,2024-03-13,88.00177259242427
S2071,Term1,11,2024-03-20,96.0877921494418
S2071,Term1,12,2024-03-27,78.39414087678844
S2071,Term2,1,2024-04-03,63.780837885982166
S2071,Term2,2,2024-04-10,92.01386546376955
S2071,Term2,3,2024-04-17,73.7082728646074
S2071,Term2,4,2024-04-24,68.34049082218178
S2071,Term2,5,2024-05-01,69.1791834103184
S2071,Term2,6,2024-05-08,92.21096538898401
S2071,Term2,7,2024-05-15,86.67342959235036
S2071,Term2,8,2024-05-22,94.38959226249608
S2071,Term2,9,2024-05-29,93.02890305395638
S2071,Term2,10,2024-06-05,79.9487972249948
S2071,Term2,11,2024-06-12,84.15431711347053
S2071,Term2,12,2024-06-19,78.86274965460953
S2071,Term3,1,2024-06-26,82.47606672561412
S2071,Term3,2,2024-07-03,73.3929431442272
S2071,Term3,3,2024-07-10,89.68581152649202
S2071,Term3,4,2024-07-17,97.90144898778108
S2071,Term3,5,2024-07-24,75.20064364214817
S2071,Term3,6,2024-07-31,100.0
S2071,Term3,7,2024-08-07,86.3622579577353
S2071,Term3,8,2024-08-14,87.89294771686976
S2071,Term3,9,2024-08-21,64.60684576470979
S2071,Term3,10,2024-08-28,63.31285228521119
S2071,Term3,11,2024-09-04,86.72939635335618
S2071,Term3,12,2024-09-11,94.4767854955841
S2072,Term1,1,2024-01-10,76.94343467626057
S2072,Term1,2,2024-01-17,100.0
S2072,Term1,3,2024-01-24,93.81923169105178
S2072,Term1,4,2024-01-31,74.09990497950417
S2072,Term1,5,2024-02-07,85.37018400464208
S2072,Term1,6,2024-02-14,100.0
S2072,Term1,7,2024-02-21,70.08923196640353
S2072,Term1,8,2024-02-28,91.33923926698127
S2072,Term1,9,2024-03-06,81.12706536731989
S2072,Term1,10,2024-03-13,93.48275549102215
S2072,Term1,11,2024-03-20,100.0
S2072,Term1,12,2024-03-27,80.3651549354636
S2072,Term2,1,2024-04-03,98.42694726048609
S2072,Term2,2,2024-04-10,100.0
S2072,Term2,3,2024-04-17,85.79529684813082
S2072,Term2,4,2024-04-24,94.41866424993023
S2072,Term2,5,2024-05-01,77.9147107575607
S2072,Term2,6,2024-05-08,85.23111170837456
S2072,Term2,7,2024-05-15,82.87989888750108
S2072,Term2,8,2024-05-22,94.56323110790315
S2072,Term2,9,2024-05-29,99.4561112290831
S2072,Term2,10,2024-06-05,83.68414181059049
S2072,Term2,11,2024-06-12,100.0
S2072,Term2,12,2024-06-19,100.0
S2072,Term3,1,2024-06-26,95.1622449181588
S2072,Term3,2,2024-07-03,78.80768161933926
S2072,Term3,3,2024-07-10,77.65805419912117
S2072,Term3,4,2024-07-17,75.25142374371953
S2072,Term3,5,2024-07-24,96.38999284285794
S2072,Term3,6,2024-07-31,70.45878151012764
S2072,Term3,7,2024-08-07,93.12205184933208
S2072,Term3,8,2024-08-14,72.02668782611065
S2072,Term3,9,2024-08-21,94.88255343810368
S2072,Term3,10,2024-08-28,85.20663499276672
S2072,Term3,11,2024-09-04,100.0
S2072,Term3,12,2024-09-11,98.69745493985525
S2073,Term1,1,2024-01-10,100.0
S2073,Term1,2,2024-01-17,100.0
S2073,Term1,3,2024-01-24,86.72357000785837
S2073,Term1,4,2024-01-31,71.09448320290474
S2073,Term1,5,2024-02-07,72.36972334003146
S2073,Term1,6,2024-02-14,59.957817648208746
S2073,Term1,7,2024-02-21,71.99600999886287
S2073,Term1,8,2024-02-28,85.82588389245579
S2073,Term1,9,2024-03-06,78.28414983009806
S2073,Term1,10,2024-03-13,82.83837274708178
S2073,Term1,11,2024-03-20,90.91258503353681
S2073,Term1,12,2024-03-27,81.3512169032109
S2073,Term2,1,2024-04-03,71.53805439504899
S2073,Term2,2,2024-04-10,84.36119598923881
S2073,Term2,3,2024-04-17,74.21811415872585
S2073,Term2,4,2024-04-24,81.75056203625124
S2073,Term2,5,2024-05-01,100.0
S2073,Term2,6,2024-05-08,81.7539363508459
S2073,Term2,7,2024-05-15,100.0
S2073,Term2,8,2024-05-22,100.0
S2073,Term2,9,2024-05-29,78.04833629705148
S2073,Term2,10,2024-06-05,71.6665148030107
S2073,Term2,11,2024-06-12,84.36935005695769
S2073,Term2,12,2024-06-19,98.83993316076267
S2073,Term3,1,2024-06-26,79.11770912525574
S2073,Term3,2,2024-07-03,95.89708357914567
S2073,Term3,3,2024-07-10,99.50127986963307
S2073,Term3,4,2024-07-17,75.71169219564874
S2073,Term3,5,2024-07-24,76.88738694053696
S2073,Term3,6,2024-07-31,93.55194438552408
S2073,Term3,7,2024-08-07,86.82217059569885
S2073,Term3,8,2024-08-14,76.76726168147586
S2073,Term3,9,2024-08-21,80.77383462256495
S2073,Term3,10,2024-08-28,84.15376536727096
S2073,Term3,11,2024-09-04,66.22174690053447
S2073,Term3,12,2024-09-11,94.18771727779234
S2074,Term1,1,2024-01-10,79.25569373272971
S2074,Term1,2,2024-01-17,51.59540531442281
S2074,Term1,3,2024-01-24,84.71354838028657
S2074,Term1,4,2024-01-31,76.1011448932779
S2074,Term1,5,2024-02-07,100.0
S2074,Term1,6,2024-02-14,77.97465974896038
S2074,Term1,7,2024-02-21,71.82827963705667
S2074,Term1,8,2024-02-28,91.09519203954419
S2074,Term1,9,2024-03-06,77.074631583909
S2074,Term1,10,2024-03-13,75.64652558497322
S2074,Term1,11,2024-03-20,91.11401659389287
S2074,Term1,12,2024-03-27,72.5143923053252
S2074,Term2,1,2024-04-03,67.51271610160657
S2074,Term2,2,2024-04-10,100.0
S2074,Term2,3,2024-04-17,91.95398485120774
S2074,Term2,4,2024-04-24,81.82948858006762
S2074,Term2,5,2024-05-01,84.95827348357676
S2074,Term2,6,2024-05-08,91.07037229739387
S2074,Term2,7,2024-05-15,96.68004939536105
S2074,Term2,8,2024-05-22,75.92829650421986
S2074,Term2,9,2024-05-29,89.39375831158819
S2074,Term2,10,2024-06-05,78.91954988547714
S2074,Term2,11,2024-06-12,82.73222506584851
S2074,Term2,12,2024-06-19,86.92831440957886
S2074,Term3,1,2024-06-26,84.91985712336793
S2074,Term3,2,2024-07-03,93.82680277963087
S2074,Term3,3,2024-07-10,90.84503870938713
S2074,Term3,4,2024-07-17,66.90196948753388
S2074,Term3,5,2024-07-24,68.70612151521469
S2074,Term3,6,2024-07-31,80.56339978288848
S2074,Term3,7,2024-08-07,100.0
S2074,Term3,8,2024-08-14,74.78089800998077
S2074,Term3,9,2024-08-21,82.50132748464696
S2074,Term3,10,2024-08-28,78.56384767652173
S2074,Term3,11,2024-09-04,78.35146739094304
S2074,Term3,12,2024-09-11,87.13887692686066
S2075,Term1,1,2024-01-10,100.0
S2075,Term1,2,2024-01-17,90.47162079856707
S2075,Term1,3,2024-01-24,75.35762846287489
S2075,Term1,4,2024-01-31,100.0
S2075,Term1,5,2024-02-07,85.9428786515335
S2075,Term1,6,2024-02-14,78.07334852341464
S2075,Term1,7,2024-02-21,100.0
S2075,Term1,8,2024-02-28,79.37115258467418
S2075,Term1,9,2024-03-06,100.0
S2075,Term1,10,2024-03-13,74.5522865084
S2075,Term1,11,2024-03-20,100.0
S2075,Term1,12,2024-03-27,87.41257197138033
S2075,Term2,1,2024-04-03,100.0
S2075,Term2,2,2024-04-10,100.0
S2075,Term2,3,2024-04-17,71.40871251374496
S2075,Term2,4,2024-04-24,100.0
S2075,Term2,5,2024-05-01,68.09315314689513
S2075,Term2,6,2024-05-08,72.43378773702126
S2075,Term2,7,2024-05-15,75.35908648249075
S2075,Term2,8,2024-05-22,91.04363963413434
S2075,Term2,9,2024-05-29,85.39619052321831
S2075,Term2,10,2024-06-05,82.99436699004596
S2075,Term2,11,2024-06-12,86.75482334826833
S2075,Term2,12,2024-06-19,92.09547507152168
S2075,Term3,1,2024-06-26,93.01897748729624
S2075,Term3,2,2024-07-03,98.13000202738158
S2075,Term3,3,2024-07-10,100.0
S2075,Term3,4,2024-07-17,84.74365153070228
S2075,Term3,5,2024-07-24,78.746932454429
S2075,Term3,6,2024-07-31,92.36243355022226
S2075,Term3,7,2024-08-07,71.26894220482455
S2075,Term3,8,2024-08-14,76.85555041466066
S2075,Term3,9,2024-08-21,96.99257135671348
S2075,Term3,10,2024-08-28,83.51045950218754
S2075,Term3,11,2024-09-04,70.50169049970353
S2075,Term3,12,2024-09-11,67.12236321561791
S2076,Term1,1,2024-01-10,85.58460015272568
S2076,Term1,2,2024-01-17,98.70275844361612
S2076,Term1,3,2024-01-24,98.54254933037424
S2076,Term1,4,2024-01-31,86.33056603471405
S2076,Term1,5,2024-02-07,100.0
S2076,Term1,6,2024-02-14,83.74215560871444
S2076,Term1,7,2024-02-21,83.33718851923108
S2076,Term1,8,2024-02-28,54.190769083132004
S2076,Term1,9,2024-03-06,79.63164461006541
S2076,Term1,10,2024-03-13,95.22418041890194
S2076,Term1,11,2024-03-20,100.0
S2076,Term1,12,2024-03-27,75.03718439599258
S2076,Term2,1,2024-04-03,90.54702795151658
S2076,Term2,2,2024-04-10,97.56254838787945
S2076,Term2,3,2024-04-17,85.13449783835078
S2076,Term2,4,2024-04-24,57.600634509673235
S2076,Term2,5,2024-05-01,87.96747999489102
S2076,Term2,6,2024-05-08,94.13716748873071
S2076,Term2,7,2024-05-15,73.6309252597785
S2076,Term2,8,2024-05-22,81.95014562950736
S2076,Term2,9,2024-05-29,71.13404749445483
S2076,Term2,10,2024-06-05,54.15822941703577
S2076,Term2,11,2024-06-12,97.32405294145188
S2076,Term2,12,2024-06-19,84.95501759437778
S2076,Term3,1,2024-06-26,100.0
S2076,Term3,2,2024-07-03,95.28786630287412
S2076,Term3,3,2024-07-10,80.74948286001461
S2076,Term3,4,2024-07-17,84.0018320787471
S2076,Term3,5,2024-07-24,91.79412868924207
S2076,Term3,6,2024-07-31,96.60260100106892
S2076,Term3,7,2024-08-07,88.87204756890414
S2076,Term3,8,2024-08-14,98.26711774347382
S2076,Term3,9,2024-08-21,81.43997515990634
S2076,Term3,10,2024-08-28,73.03427743857176
S2076,Term3,11,2024-09-04,84.22228895726644
S2076,Term3,12,2024-09-11,87.4622186888342
S2077,Term1,1,2024-01-10,70.58157526312856
S2077,Term1,2,2024-01-17,68.95933499024054
S2077,Term1,3,2024-01-24,90.36863555768113
S2077,Term1,4,2024-01-31,80.12371778355492
S2077,Term1,5,2024-02-07,83.00990913205598
S2077,Term1,6,2024-02-14,80.68368801159012
S2077,Term1,7,2024-02-21,100.0
S2077,Term1,8,2024-02-28,100.0
S2077,Term1,9,2024-03-06,70.15175571952999
S2077,Term1,10,2024-03-13,78.60648144303464
S2077,Term1,11,2024-03-20,95.20005121563511
S2077,Term1,12,2024-03-27,92.2232348452389
S2077,Term2,1,2024-04-03,84.50250445204257
S2077,Term2,2,2024-04-10,71.34879754042917
S2077,Term2,3,2024-04-17,76.80951944615745
S2077,Term2,4,2024-04-24,78.79878918944452
S2077,Term2,5,2024-05-01,88.32393197342921
S2077,Term2,6,2024-05-08,100.0
S2077,Term2,7,2024-05-15,76.75743718254246
S2077,Term2,8,2024-05-22,72.68757702933712
S2077,Term2,9,2024-05-29,83.69696227806467
S2077,Term2,10,2024-06-05,97.3808677661687
S2077,Term2,11,2024-06-12,67.63740439887155
S2077,Term2,12,2024-06-19,100.0
S2077,Term3,1,2024-06-26,82.93562365461196
S2077,Term3,2,2024-07-03,76.18815997223952
S2077,Term3,3,2024-07-10,65.79772855885409
S2077,Term3,4,2024-07-17,93.47824928104752
S2077,Term3,5,2024-07-24,82.94594565710159
S2077,Term3,6,2024-07-31,87.04846579305408
S2077,Term3,7,2024-08-07,74.19025910786364
S2077,Term3,8,2024-08-14,81.17084758898771
S2077,Term3,9,2024-08-21,79.16102504374315
S2077,Term3,10,2024-08-28,83.7928827354615
S2077,Term3,11,2024-09-04,76.96537208349028
S2077,Term3,12,2024-09-11,66.58982847175335
S2078,Term1,1,2024-01-10,100.0
S2078,Term1,2,2024-01-17,68.63914903194983
S2078,Term1,3,2024-01-24,87.17750808331047
S2078,Term1,4,2024-01-31,63.73566605891149
S2078,Term1,5,2024-02-07,61.035430760584305
S2078,Term1,6,2024-02-14,86.17391790222722
S2078,Term1,7,2024-02-21,87.09241105321964
S2078,Term1,8,2024-02-28,100.0
S2078,Term1,9,2024-03-06,89.79456209218847
S2078,Term1,10,2024-03-13,83.20227137505051
S2078,Term1,11,2024-03-20,73.60479707121995
S2078,Term1,12,2024-03-27,100.0
S2078,Term2,1,2024-04-03,96.14621495260269
S2078,Term2,2,2024-04-10,70.0440462670189
S2078,Term2,3,2024-04-17,85.45556473852763
S2078,Term2,4,2024-04-24,86.72862677831796
S2078,Term2,5,2024-05-01,80.85215612073198
S2078,Term2,6,2024-05-08,94.26220582968153
S2078,Term2,7,2024-05-15,94.98079766017813
S2078,Term2,8,2024-05-22,82.71417162633873
S2078,Term2,9,2024-05-29,81.6295690504281
S2078,Term2,10,2024-06-05,100.0
S2078,Term2,11,2024-06-12,96.19406670834684
S2078,Term2,12,2024-06-19,85.86832467890062
S2078,Term3,1,2024-06-26,65.44949153103936
S2078,Term3,2,2024-07-03,89.12800127566044
S2078,Term3,3,2024-07-10,93.37700157901202
S2078,Term3,4,2024-07-17,51.94574045921952
S2078,Term3,5,2024-07-24,88.0224333798163
S2078,Term3,6,2024-07-31,79.99969615845117
S2078,Term3,7,2024-08-07,82.34974863844538
S2078,Term3,8,2024-08-14,74.11142856684015
S2078,Term3,9,2024-08-21,83.2217285151563
S2078,Term3,10,2024-08-28,100.0
S2078,Term3,11,2024-09-04,79.64321801421382
S2078,Term3,12,2024-09-11,96.5868827055182
S2079,Term1,1,2024-01-10,75.32402537344467
S2079,Term1,2,2024-01-17,94.10507431187247
S2079,Term1,3,2024-01-24,85.01987026746342
S2079,Term1,4,2024-01-31,89.22429794547136
S2079,Term1,5,2024-02-07,85.08583907316985
S2079,Term1,6,2024-02-14,92.6995027892945
S2079,Term1,7,2024-02-21,54.1889785847949
S2079,Term1,8,2024-02-28,67.96209623850916
S2079,Term1,9,2024-03-06,90.00496597610373
S2079,Term1,10,2024-03-13,60.47753975324517
S2079,Term1,11,2024-03-20,78.6330357322335
S2079,Term1,12,2024-03-27,84.34790990756021
S2079,Term2,1,2024-04-03,75.06231834864523
S2079,Term2,2,2024-04-10,76.70126316767471
S2079,Term2,3,2024-04-17,88.2589864018431
S2079,Term2,4,2024-04-24,97.11153946935771
S2079,Term2,5,2024-05-01,73.4986074249423
S2079,Term2,6,2024-05-08,78.09930164575155
S2079,Term2,7,2024-05-15,76.22486832007546
S2079,Term2,8,2024-05-22,55.94344297747266
S2079,Term2,9,2024-05-29,86.7005414838101
S2079,Term2,10,2024-06-05,96.2166129499419
S2079,Term2,11,2024-06-12,97.19971848779059
S2079,Term2,12,2024-06-19,74.55080348271113
S2079,Term3,1,2024-06-26,69.97962341775829
S2079,Term3,2,2024-07-03,85.25926657110021
S2079,Term3,3,2024-07-10,94.95128423879761
S2079,Term3,4,2024-07-17,86.85820537972461
S2079,Term3,5,2024-07-24,88.47165563048513
S2079,Term3,6,2024-07-31,98.7019711328348
S2079,Term3,7,2024-08-07,76.13036128923156
S2079,Term3,8,2024-08-14,82.36035895992364
S2079,Term3,9,2024-08-21,100.0
S2079,Term3,10,2024-08-28,82.63826652282847
S2079,Term3,11,2024-09-04,69.79195640840115
S2079,Term3,12,2024-09-11,76.96772684499646
S2080,Term1,1,2024-01-10,73.74184178534509
S2080,Term1,2,2024-01-17,89.28595102841524
S2080,Term1,3,2024-01-24,74.24863595693465
S2080,Term1,4,2024-01-31,88.25241103433494
S2080,Term1,5,2024-02-07,76.1672173775122
S2080,Term1,6,2024-02-14,59.519457539221264
S2080,Term1,7,2024-02-21,88.67943744378306
S2080,Term1,8,2024-02-28,86.78156417856266
S2080,Term1,9,2024-03-06,91.21309378850609
S2080,Term1,10,2024-03-13,76.92415337001692
S2080,Term1,11,2024-03-20,75.64546629568748
S2080,Term1,12,2024-03-27,89.81760230177855
S2080,Term2,1,2024-04-03,100.0
S2080,Term2,2,2024-04-10,85.13401611407593
S2080,Term2,3,2024-04-17,90.09502115256574
S2080,Term2,4,2024-04-24,81.14094778689152
S2080,Term2,5,2024-05-01,66.47643373751578
S2080,Term2,6,2024-05-08,96.6091530298487
S2080,Term2,7,2024-05-15,95.90097086903394
S2080,Term2,8,2024-05-22,93.52928830210233
S2080,Term2,9,2024-05-29,82.81665473989098
S2080,Term2,10,2024-06-05,92.16467319686248
S2080,Term2,11,2024-06-12,95.72514156865397
S2080,Term2,12,2024-06-19,100.0
S2080,Term3,1,2024-06-26,96.86231325576931
S2080,Term3,2,2024-07-03,85.76585470040366
S2080,Term3,3,2024-07-10,69.30096093490754
S2080,Term3,4,2024-07-17,86.86789957206089
S2080,Term3,5,2024-07-24,88.0789287501917
S2080,Term3,6,2024-07-31,93.50835730381965
S2080,Term3,7,2024-08-07,100.0
S2080,Term3,8,2024-08-14,83.85819385531865
S2080,Term3,9,2024-08-21,100.0
S2080,Term3,10,2024-08-28,63.888555759513075
S2080,Term3,11,2024-09-04,90.0321024695395
S2080,Term3,12,2024-09-11,75.41775529379166
S2081,Term1,1,2024-01-10,62.11333600373436
S2081,Term1,2,2024-01-17,82.5787074844101
S2081,Term1,3,2024-01-24,67.51392761894851
S2081,Term1,4,2024-01-31,83.0628652236062
S2081,Term1,5,2024-02-07,85.41723097713349
S2081,Term1,6,2024-02-14,98.42249691203139
S2081,Term1,7,2024-02-21,66.90897838283274
S2081,Term1,8,2024-02-28,95.90134198774928
S2081,Term1,9,2024-03-06,86.17696540335753
S2081,Term1,10,2024-03-13,97.34618984331513
S2081,Term1,11,2024-03-20,79.81898589962647
S2081,Term1,12,2024-03-27,69.01306495883865
S2081,Term2,1,2024-04-03,70.3900080854096
S2081,Term2,2,2024-04-10,69.4983105559946
S2081,Term2,3,2024-04-17,90.73376983504787
S2081,Term2,4,2024-04-24,100.0
S2081,Term2,5,2024-05-01,78.22058168013736
S2081,Term2,6,2024-05-08,92.5496235790934
S2081,Term2,7,2024-05-15,66.71869530237257
S2081,Term2,8,2024-05-22,87.16385499012759
S2081,Term2,9,2024-05-29,93.02275139604552
S2081,Term2,10,2024-06-05,67.62250269667757
S2081,Term2,11,2024-06-12,82.55339837224174
S2081,Term2,12,2024-06-19,93.59100568582679
S2081,Term3,1,2024-06-26,49.79475223324627
S2081,Term3,2,2024-07-03,100.0
S2081,Term3,3,2024-07-10,89.24415251069257
S2081,Term3,4,2024-07-17,93.60073177260811
S2081,Term3,5,2024-07-24,80.04736864966283
S2081,Term3,6,2024-07-31,64.32733022121573
S2081,Term3,7,2024-08-07,91.40875547580342
S2081,Term3,8,2024-08-14,84.00891609500185
S2081,Term3,9,2024-08-21,85.38538546518785
S2081,Term3,10,2024-08-28,98.05128382238745
S2081,Term3,11,2024-09-04,94.14476648635117
S2081,Term3,12,2024-09-11,100.0
S2082,Term1,1,2024-01-10,86.84625074648199
S2082,Term1,2,2024-01-17,76.7054507465066
S2082,Term1,3,2024-01-24,82.73899783709528
S2082,Term1,4,2024-01-31,89.98796047046328
S2082,Term1,5,2024-02-07,97.19027822791573
S2082,Term1,6,2024-02-14,67.39559258273538
S2082,Term1,7,2024-02-21,85.10245138215002
S2082,Term1,8,2024-02-28,100.0
S2082,Term1,9,2024-03-06,82.11749354796976
S2082,Term1,10,2024-03-13,96.17214225842926
S2082,Term1,11,2024-03-20,90.91741032659206
S2082,Term1,12,2024-03-27,96.47032727829976
S2082,Term2,1,2024-04-03,75.2828735008008
S2082,Term2,2,2024-04-10,75.33517995921304
S2082,Term2,3,2024-04-17,85.24326270546746
S2082,Term2,4,2024-04-24,66.61333855311626
S2082,Term2,5,2024-05-01,81.7631127206601
S2082,Term2,6,2024-05-08,88.03451989018801
S2082,Term2,7,2024-05-15,100.0
S2082,Term2,8,2024-05-22,89.83261827123786
S2082,Term2,9,2024-05-29,92.50274165047723
S2082,Term2,10,2024-06-05,98.97371016460008
S2082,Term2,11,2024-06-12,73.42410893325932
S2082,Term2,12,2024-06-19,83.01900805154817
S2082,Term3,1,2024-06-26,100.0
S2082,Term3,2,2024-07-03,84.05053333138589
S2082,Term3,3,2024-07-10,98.39716898538649
S2082,Term3,4,2024-07-17,96.56485452607728
S2082,Term3,5,2024-07-24,67.26263542734773
S2082,Term3,6,2024-07-31,88.7257513240712
S2082,Term3,7,2024-08-07,86.76096966646271
S2082,Term3,8,2024-08-14,88.95950545408522
S2082,Term3,9,2024-08-21,75.95065024250728
S2082,Term3,10,2024-08-28,71.59696585705409
S2082,Term3,11,2024-09-04,79.28787999974979
S2082,Term3,12,2024-09-11,83.82646003498957
S2083,Term1,1,2024-01-10,99.2198133712038
S2083,Term1,2,2024-01-17,100.0
S2083,Term1,3,2024-01-24,100.0
S2083,Term1,4,2024-01-31,95.32222252938213
S2083,Term1,5,2024-02-07,72.94791685240492
S2083,Term1,6,2024-02-14,80.09324590012605
S2083,Term1,7,2024-02-21,87.51911262895598
S2083,Term1,8,2024-02-28,77.4107315430859
S2083,Term1,9,2024-03-06,91.92646783033541
S2083,Term1,10,2024-03-13,93.64583329905145
S2083,Term1,11,2024-03-20,91.43548075078562
S2083,Term1,12,2024-03-27,97.30161525469097
S2083,Term2,1,2024-04-03,74.1449054354431
S2083,Term2,2,2024-04-10,96.19394444910637
S2083,Term2,3,2024-04-17,76.65225459855765
S2083,Term2,4,2024-04-24,73.70876856828538
S2083,Term2,5,2024-05-01,91.38539361023658
S2083,Term2,6,2024-05-08,99.59048274638776
S2083,Term2,7,2024-05-15,90.85616183651211
S2083,Term2,8,2024-05-22,85.24964828527052
S2083,Term2,9,2024-05-29,88.72184591321809
S2083,Term2,10,2024-06-05,86.63712301680737
S2083,Term2,11,2024-06-12,71.48858924637527
S2083,Term2,12,2024-06-19,70.08855826066102
S2083,Term3,1,2024-06-26,84.05408944631854
S2083,Term3,2,2024-07-03,85.95828202923164
S2083,Term3,3,2024-07-10,85.13598854041281
S2083,Term3,4,2024-07-17,93.11321936379896
S2083,Term3,5,2024-07-24,82.41427940602792
S2083,Term3,6,2024-07-31,91.75575018285826
S2083,Term3,7,2024-08-07,83.26495879208262
S2083,Term3,8,2024-08-14,100.0
S2083,Term3,9,2024-08-21,85.96856472071735
S2083,Term3,10,2024-08-28,100.0
S2083,Term3,11,2024-09-04,89.22413909309037
S2083,Term3,12,2024-09-11,82.4358739529414
S2084,Term1,1,2024-01-10,74.2066242848839
S2084,Term1,2,2024-01-17,67.68533711130767
S2084,Term1,3,2024-01-24,73.10269258724611
S2084,Term1,4,2024-01-31,74.44472429003213
S2084,Term1,5,2024-02-07,89.73784024494611
S2084,Term1,6,2024-02-14,78.68601554727775
S2084,Term1,7,2024-02-21,87.24312463065397
S2084,Term1,8,2024-02-28,100.0
S2084,Term1,9,2024-03-06,83.94629978038175
S2084,Term1,10,2024-03-13,100.0
S2084,Term1,11,2024-03-20,70.89026823592963
S2084,Term1,12,2024-03-27,83.19299741950087
S2084,Term2,1,2024-04-03,78.52824491666826
S2084,Term2,2,2024-04-10,96.23807927268409
S2084,Term2,3,2024-04-17,58.12250043560655
S2084,Term2,4,2024-04-24,67.68261652986627
S2084,Term2,5,2024-05-01,83.71183813058845
S2084,Term2,6,2024-05-08,100.0
S2084,Term2,7,2024-05-15,87.71010200844769
S2084,Term2,8,2024-05-22,68.78143054882919
S2084,Term2,9,2024-05-29,70.63400088771724
S2084,Term2,10,2024-06-05,100.0
S2084,Term2,11,2024-06-12,77.5463824144451
S2084,Term2,12,2024-06-19,73.68443953060283
S2084,Term3,1,2024-06-26,100.0
S2084,Term3,2,2024-07-03,97.1331640670439
S2084,Term3,3,2024-07-10,100.0
S2084,Term3,4,2024-07-17,73.5994974368102
S2084,Term3,5,2024-07-24,66.69873230782767
S2084,Term3,6,2024-07-31,86.59799787235247
S2084,Term3,7,2024-08-07,89.02151359688396
S2084,Term3,8,2024-08-14,89.37522164445798
S2084,Term3,9,2024-08-21,100.0
S2084,Term3,10,2024-08-28,64.19479491990103
S2084,Term3,11,2024-09-04,95.31634061557318
S2084,Term3,12,2024-09-11,71.84049947023219
S2085,Term1,1,2024-01-10,95.2688238503301
S2085,Term1,2,2024-01-17,79.30051954574347
S2085,Term1,3,2024-01-24,75.23233844931386
S2085,Term1,4,2024-01-31,77.68116751660958
S2085,Term1,5,2024-02-07,67.65267759068125
S2085,Term1,6,2024-02-14,85.4851472780016
S2085,Term1,7,2024-02-21,75.72791931207452
S2085,Term1,8,2024-02-28,94.43557877080335
S2085,Term1,9,2024-03-06,92.680672972395
S2085,Term1,10,2024-03-13,100.0
S2085,Term1,11,2024-03-20,89.39592980249293
S2085,Term1,12,2024-03-27,91.24813320496088
S2085,Term2,1,2024-04-03,100.0
S2085,Term2,2,2024-04-10,77.46804764767964
S2085,Term2,3,2024-04-17,67.1409014461236
S2085,Term2,4,2024-04-24,87.40112870954073
S2085,Term2,5,2024-05-01,67.92839836942716
S2085,Term2,6,2024-05-08,100.0
S2085,Term2,7,2024-05-15,100.0
S2085,Term2,8,2024-05-22,100.0
S2085,Term2,9,2024-05-29,85.74936371995756
S2085,Term2,10,2024-06-05,91.60688312441917
S2085,Term2,11,2024-06-12,79.48629481656828
S2085,Term2,12,2024-06-19,95.59509766704102
S2085,Term3,1,2024-06-26,70.41348145538731
S2085,Term3,2,2024-07-03,54.48288172630265
S2085,Term3,3,2024-07-10,75.5114725661372
S2085,Term3,4,2024-07-17,67.53431829259222
S2085,Term3,5,2024-07-24,100.0
S2085,Term3,6,2024-07-31,100.0
S2085,Term3,7,2024-08-07,68.16485113104267
S2085,Term3,8,2024-08-14,100.0
S2085,Term3,9,2024-08-21,96.41661980200925
S2085,Term3,10,2024-08-28,66.16267978337348
S2085,Term3,11,2024-09-04,80.31678962882059
S2085,Term3,12,2024-09-11,78.03803533450576
S2086,Term1,1,2024-01-10,93.9759447835264
S2086,Term1,2,2024-01-17,70.25464778913984
S2086,Term1,3,2024-01-24,83.8135284920862
S2086,Term1,4,2024-01-31,76.76878595260459
S2086,Term1,5,2024-02-07,90.68009420062172
S2086,Term1,6,2024-02-14,82.39849561974485
S2086,Term1,7,2024-02-21,78.57705155271526
S2086,Term1,8,2024-02-28,82.44044109241507
S2086,Term1,9,2024-03-06,100.0
S2086,Term1,10,2024-03-13,79.99720436656733
S2086,Term1,11,2024-03-20,72.50793738059456
S2086,Term1,12,2024-03-27,92.00120282987159
S2086,Term2,1,2024-04-03,83.27770396692452
S2086,Term2,2,2024-04-10,68.01719282960232
S2086,Term2,3,2024-04-17,100.0
S2086,Term2,4,2024-04-24,80.77025265296022
S2086,Term2,5,2024-05-01,80.46556655246378
S2086,Term2,6,2024-05-08,86.91802422289717
S2086,Term2,7,2024-05-15,100.0
S2086,Term2,8,2024-05-22,64.84305608177205
S2086,Term2,9,2024-05-29,88.31183019304648
S2086,Term2,10,2024-06-05,100.0
S2086,Term2,11,2024-06-12,86.54474416887578
S2086,Term2,12,2024-06-19,70.17599224835824
S2086,Term3,1,2024-06-26,77.57923776447217
S2086,Term3,2,2024-07-03,87.48259035708149
S2086,Term3,3,2024-07-10,100.0
S2086,Term3,4,2024-07-17,80.92796986700728
S2086,Term3,5,2024-07-24,94.91982156918918
S2086,Term3,6,2024-07-31,67.77557407543733
S2086,Term3,7,2024-08-07,67.67537956485934
S2086,Term3,8,2024-08-14,79.2063917357806
S2086,Term3,9,2024-08-21,100.0
S2086,Term3,10,2024-08-28,85.82649567416523
S2086,Term3,11,2024-09-04,88.47773434679944
S2086,Term3,12,2024-09-11,88.33695514688233
S2087,Term1,1,2024-01-10,98.31049579104076
S2087,Term1,2,2024-01-17,77.67735168954576
S2087,Term1,3,2024-01-24,93.2594213018588
S2087,Term1,4,2024-01-31,75.02940803373843
S2087,Term1,5,2024-02-07,100.0
S2087,Term1,6,2024-02-14,75.39530674843972
S2087,Term1,7,2024-02-21,74.41132836305655
S2087,Term1,8,2024-02-28,91.59603776185659
S2087,Term1,9,2024-03-06,85.95746117718788
S2087,Term1,10,2024-03-13,88.92222887513121
S2087,Term1,11,2024-03-20,87.72776554590781
S2087,Term1,12,2024-03-27,71.91529361431074
S2087,Term2,1,2024-04-03,100.0
S2087,Term2,2,2024-04-10,95.72250647066932
S2087,Term2,3,2024-04-17,100.0
S2087,Term2,4,2024-04-24,78.66002933067492
S2087,Term2,5,2024-05-01,89.99828253658205
S2087,Term2,6,2024-05-08,87.3684215468163
S2087,Term2,7,2024-05-15,98.53603151441808
S2087,Term2,8,2024-05-22,98.92297758195542
S2087,Term2,9,2024-05-29,87.31660963549737
S2087,Term2,10,2024-06-05,66.78458641788097
S2087,Term2,11,2024-06-12,100.0
S2087,Term2,12,2024-06-19,91.67184920428167
S2087,Term3,1,2024-06-26,77.6987555033063
S2087,Term3,2,2024-07-03,89.87850565920034
S2087,Term3,3,2024-07-10,66.86687741856971
S2087,Term3,4,2024-07-17,97.66423680965252
S2087,Term3,5,2024-07-24,67.34545906865017
S2087,Term3,6,2024-07-31,82.34998609555501
S2087,Term3,7,2024-08-07,87.9334533952666
S2087,Term3,8,2024-08-14,97.46607654378512
S2087,Term3,9,2024-08-21,86.27853611721248
S2087,Term3,10,2024-08-28,92.6195544833506
S2087,Term3,11,2024-09-04,84.66199709860537
S2087,Term3,12,2024-09-11,84.6137685886686
S2088,Term1,1,2024-01-10,86.02572700417957
S2088,Term1,2,2024-01-17,82.7313049497715
S2088,Term1,3,2024-01-24,64.76115708302277
S2088,Term1,4,2024-01-31,75.78011807564046
S2088,Term1,5,2024-02-07,87.93729809334039
S2088,Term1,6,2024-02-14,82.01054795813538
S2088,Term1,7,2024-02-21,83.13029101381711
S2088,Term1,8,2024-02-28,81.11975596673541
S2088,Term1,9,2024-03-06,74.63681928721819
S2088,Term1,10,2024-03-13,79.08280646828447
S2088,Term1,11,2024-03-20,81.31801906733686
S2088,Term1,12,2024-03-27,85.06171768650219
S2088,Term2,1,2024-04-03,89.72054013363655
S2088,Term2,2,2024-04-10,82.83339650937113
S2088,Term2,3,2024-04-17,72.64413693169097
S2088,Term2,4,2024-04-24,68.2230155209746
S2088,Term2,5,2024-05-01,100.0
S2088,Term2,6,2024-05-08,71.44221963682524
S2088,Term2,7,2024-05-15,78.77649998482741
S2088,Term2,8,2024-05-22,91.20400363016722
S2088,Term2,9,2024-05-29,89.33032731478818
S2088,Term2,10,2024-06-05,91.25038831073887
S2088,Term2,11,2024-06-12,79.68739516561389
S2088,Term2,12,2024-06-19,87.86269684767457
S2088,Term3,1,2024-06-26,85.73612397089036
S2088,Term3,2,2024-07-03,81.25442358950455
S2088,Term3,3,2024-07-10,87.94491690125608
S2088,Term3,4,2024-07-17,97.66438656100848
S2088,Term3,5,2024-07-24,84.7335973187761
S2088,Term3,6,2024-07-31,84.81343415627711
S2088,Term3,7,2024-08-07,97.81793241851182
S2088,Term3,8,2024-08-14,96.53632431782576
S2088,Term3,9,2024-08-21,100.0
S2088,Term3,10,2024-08-28,63.92523718624508
S2088,Term3,11,2024-09-04,95.86143019803268
S2088,Term3,12,2024-09-11,92.21896054482615
S2089,Term1,1,2024-01-10,74.37217122696082
S2089,Term1,2,2024-01-17,88.01905501598614
S2089,Term1,3,2024-01-24,97.61346097309598
S2089,Term1,4,2024-01-31,75.0500929301752
S2089,Term1,5,2024-02-07,90.31074914827369
S2089,Term1,6,2024-02-14,95.45624410877221
S2089,Term1,7,2024-02-21,72.14776524962214
S2089,Term1,8,2024-02-28,83.29257169065822
S2089,Term1,9,2024-03-06,88.61162051970894
S2089,Term1,10,2024-03-13,75.44642193348454
S2089,Term1,11,2024-03-20,74.45016161087744
S2089,Term1,12,2024-03-27,83.3794647776467
S2089,Term2,1,2024-04-03,94.61967660284431
S2089,Term2,2,2024-04-10,92.72480801430532
S2089,Term2,3,2024-04-17,74.66304724976389
S2089,Term2,4,2024-04-24,92.82601462138824
S2089,Term2,5,2024-05-01,74.9687226860019
S2089,Term2,6,2024-05-08,65.67796242407879
S2089,Term2,7,2024-05-15,80.59427714743322
S2089,Term2,8,2024-05-22,98.47563245902883
S2089,Term2,9,2024-05-29,92.87152662569648
S2089,Term2,10,2024-06-05,84.98113831152168
S2089,Term2,11,2024-06-12,79.9995341969073
S2089,Term2,12,2024-06-19,80.32285436660283
S2089,Term3,1,2024-06-26,86.30541887032956
S2089,Term3,2,2024-07-03,72.17875016985005
S2089,Term3,3,2024-07-10,80.82271185758444
S2089,Term3,4,2024-07-17,82.41316646368277
S2089,Term3,5,2024-07-24,68.78710649858203
S2089,Term3,6,2024-07-31,74.9386209892291
S2089,Term3,7,2024-08-07,89.92608149783658
S2089,Term3,8,2024-08-14,85.11414207929194
S2089,Term3,9,2024-08-21,81.2948585056794
S2089,Term3,10,2024-08-28,74.06287074954443
S2089,Term3,11,2024-09-04,100.0
S2089,Term3,12,2024-09-11,74.94424942384818
S2090,Term1,1,2024-01-10,88.01911368714084
S2090,Term1,2,2024-01-17,79.14557094311445
S2090,Term1,3,2024-01-24,85.43535151166002
S2090,Term1,4,2024-01-31,90.49131690328447
S2090,Term1,5,2024-02-07,68.55692092950537
S2090,Term1,6,2024-02-14,84.92060507015815
S2090,Term1,7,2024-02-21,99.28874378775815
S2090,Term1,8,2024-02-28,100.0
S2090,Term1,9,2024-03-06,83.43983232093842
S2090,Term1,10,2024-03-13,85.5001744866029
S2090,Term1,11,2024-03-20,100.0
S2090,Term1,12,2024-03-27,98.61909137919038
S2090,Term2,1,2024-04-03,77.59258516893738
S2090,Term2,2,2024-04-10,77.57219858936652
S2090,Term2,3,2024-04-17,96.47859354144722
S2090,Term2,4,2024-04-24,72.86755443945123
S2090,Term2,5,2024-05-01,98.05272101606624
S2090,Term2,6,2024-05-08,89.0115995650121
S2090,Term2,7,2024-05-15,91.21264916832487
S2090,Term2,8,2024-05-22,81.91919435823937
S2090,Term2,9,2024-05-29,77.44210234904308
S2090,Term2,10,2024-06-05,100.0
S2090,Term2,11,2024-06-12,82.0391526333583
S2090,Term2,12,2024-06-19,80.06877908111366
S2090,Term3,1,2024-06-26,84.03835518544228
S2090,Term3,2,2024-07-03,87.31626559261531
S2090,Term3,3,2024-07-10,72.63009847936661
S2090,Term3,4,2024-07-17,78.22154206951706
S2090,Term3,5,2024-07-24,77.58361511312731
S2090,Term3,6,2024-07-31,95.14336365528217
S2090,Term3,7,2024-08-07,74.36844918400132
S2090,Term3,8,2024-08-14,63.93078570690335
S2090,Term3,9,2024-08-21,61.394865245126155
S2090,Term3,10,2024-08-28,67.3554383838914
S2090,Term3,11,2024-09-04,100.0
S2090,Term3,12,2024-09-11,85.19447919380862
S2091,Term1,1,2024-01-10,91.01498904168643
S2091,Term1,2,2024-01-17,91.43785272545595
S2091,Term1,3,2024-01-24,85.67420702070784
S2091,Term1,4,2024-01-31,84.1026244401843
S2091,Term1,5,2024-02-07,97.5343171578177
S2091,Term1,6,2024-02-14,86.75195097175168
S2091,Term1,7,2024-02-21,100.0
S2091,Term1,8,2024-02-28,92.4499593434784
S2091,Term1,9,2024-03-06,77.58644471822767
S2091,Term1,10,2024-03-13,79.03439171356077
S2091,Term1,11,2024-03-20,76.27042232254865
S2091,Term1,12,2024-03-27,99.61057626340859
S2091,Term2,1,2024-04-03,80.13938856465337
S2091,Term2,2,2024-04-10,75.4183264384044
S2091,Term2,3,2024-04-17,88.83733649352185
S2091,Term2,4,2024-04-24,83.83399472352997
S2091,Term2,5,2024-05-01,88.53482215090196
S2091,Term2,6,2024-05-08,100.0
S2091,Term2,7,2024-05-15,95.95684967114632
S2091,Term2,8,2024-05-22,85.32412665162288
S2091,Term2,9,2024-05-29,68.0989193895279
S2091,Term2,10,2024-06-05,79.00045003349638
S2091,Term2,11,2024-06-12,93.53255323054364
S2091,Term2,12,2024-06-19,70.94750752405821
S2091,Term3,1,2024-06-26,100.0
S2091,Term3,2,2024-07-03,85.17299875162658
S2091,Term3,3,2024-07-10,85.58618071851382
S2091,Term3,4,2024-07-17,77.00025768450426
S2091,Term3,5,2024-07-24,90.96085308130863
S2091,Term3,6,2024-07-31,71.10397832173322
S2091,Term3,7,2024-08-07,100.0
S2091,Term3,8,2024-08-14,100.0
S2091,Term3,9,2024-08-21,96.81155734236455
S2091,Term3,10,2024-08-28,68.31485193052228
S2091,Term3,11,2024-09-04,87.464959245493
S2091,Term3,12,2024-09-11,99.50903677616806
S2092,Term1,1,2024-01-10,92.11726479229287
S2092,Term1,2,2024-01-17,72.9746907443947
S2092,Term1,3,2024-01-24,77.19887493629614
S2092,Term1,4,2024-01-31,79.57676634392811
S2092,Term1,5,2024-02-07,77.75874598613672
S2092,Term1,6,2024-02-14,100.0
S2092,Term1,7,2024-02-21,61.94784233412093
S2092,Term1,8,2024-02-28,92.87102967590604
S2092,Term1,9,2024-03-06,69.49235950085858
S2092,Term1,10,2024-03-13,73.46498215058719
S2092,Term1,11,2024-03-20,60.88319959757539
S2092,Term1,12,2024-03-27,78.4113468260936
S2092,Term2,1,2024-04-03,100.0
S2092,Term2,2,2024-04-10,88.17789090957734
S2092,Term2,3,2024-04-17,70.61966143601083
S2092,Term2,4,2024-04-24,97.20577209255175
S2092,Term2,5,2024-05-01,99.77565116282423
S2092,Term2,6,2024-05-08,86.24855777246903
S2092,Term2,7,2024-05-15,100.0
S2092,Term2,8,2024-05-22,94.85876949549538
S2092,Term2,9,2024-05-29,93.19183008751105
S2092,Term2,10,2024-06-05,75.35945551400452
S2092,Term2,11,2024-06-12,92.52878182745609
S2092,Term2,12,2024-06-19,87.60149533125391
S2092,Term3,1,2024-06-26,91.23794803205232
S2092,Term3,2,2024-07-03,76.78497257030403
S2092,Term3,3,2024-07-10,86.53718661230783
S2092,Term3,4,2024-07-17,75.19766199742051
S2092,Term3,5,2024-07-24,59.23441480040762
S2092,Term3,6,2024-07-31,96.9796548229406
S2092,Term3,7,2024-08-07,66.9713322197258
S2092,Term3,8,2024-08-14,86.28623757738899
S2092,Term3,9,2024-08-21,88.99602555338848
S2092,Term3,10,2024-08-28,88.91875619035666
S2092,Term3,11,2024-09-04,81.60305111682099
S2092,Term3,12,2024-09-11,88.25453770335969
S2093,Term1,1,2024-01-10,90.65160483742194
S2093,Term1,2,2024-01-17,93.81957778902381
S2093,Term1,3,2024-01-24,100.0
S2093,Term1,4,2024-01-31,87.81032981797847
S2093,Term1,5,2024-02-07,85.76858614021242
S2093,Term1,6,2024-02-14,74.11925241579887
S2093,Term1,7,2024-02-21,90.23135588679204
S2093,Term1,8,2024-02-28,93.00859723768683
S2093,Term1,9,2024-03-06,82.69236178862047
S2093,Term1,10,2024-03-13,91.53535005020845
S2093,Term1,11,2024-03-20,81.4898056774079
S2093,Term1,12,2024-03-27,93.0519118250671
S2093,Term2,1,2024-04-03,95.95122776835692
S2093,Term2,2,2024-04-10,95.78353440076583
S2093,Term2,3,2024-04-17,86.41413191369561
S2093,Term2,4,2024-04-24,72.52038218059539
S2093,Term2,5,2024-05-01,77.65704336829815
S2093,Term2,6,2024-05-08,92.14188788661674
S2093,Term2,7,2024-05-15,100.0
S2093,Term2,8,2024-05-22,80.91135074161502
S2093,Term2,9,2024-05-29,90.47005214065769
S2093,Term2,10,2024-06-05,78.32736931024716
S2093,Term2,11,2024-06-12,73.3123954690108
S2093,Term2,12,2024-06-19,76.88420963707165
S2093,Term3,1,2024-06-26,60.01033627956794
S2093,Term3,2,2024-07-03,100.0
S2093,Term3,3,2024-07-10,58.23843696502463
S2093,Term3,4,2024-07-17,81.83406123519241
S2093,Term3,5,2024-07-24,70.86246525579935
S2093,Term3,6,2024-07-31,74.38743741565355
S2093,Term3,7,2024-08-07,100.0
S2093,Term3,8,2024-08-14,87.4128038803767
S2093,Term3,9,2024-08-21,73.41524608981959
S2093,Term3,10,2024-08-28,77.92579441004187
S2093,Term3,11,2024-09-04,75.81422535469497
S2093,Term3,12,2024-09-11,84.47745193505344
S2094,Term1,1,2024-01-10,87.0747002174523
S2094,Term1,2,2024-01-17,100.0
S2094,Term1,3,2024-01-24,62.004390808027516
S2094,Term1,4,2024-01-31,84.58225222290457
S2094,Term1,5,2024-02-07,81.21318768958574
S2094,Term1,6,2024-02-14,96.35858233260139
S2094,Term1,7,2024-02-21,89.25781741814072
S2094,Term1,8,2024-02-28,92.08434649737934
S2094,Term1,9,2024-03-06,89.14103423218098
S2094,Term1,10,2024-03-13,73.81610649659753
S2094,Term1,11,2024-03-20,99.53518595791616
S2094,Term1,12,2024-03-27,94.58205885538803
S2094,Term2,1,2024-04-03,95.98635750069691
S2094,Term2,2,2024-04-10,100.0
S2094,Term2,3,2024-04-17,90.01210120782352
S2094,Term2,4,2024-04-24,100.0
S2094,Term2,5,2024-05-01,89.5316748614397
S2094,Term2,6,2024-05-08,82.37129694370469
S2094,Term2,7,2024-05-15,84.92075307419962
S2094,Term2,8,2024-05-22,84.7138747823666
S2094,Term2,9,2024-05-29,78.76730413491349
S2094,Term2,10,2024-06-05,100.0
S2094,Term2,11,2024-06-12,88.555544386044
S2094,Term2,12,2024-06-19,86.13686170999488
S2094,Term3,1,2024-06-26,89.65929105911721
S2094,Term3,2,2024-07-03,100.0
S2094,Term3,3,2024-07-10,71.41930973680408
S2094,Term3,4,2024-07-17,74.8595378594047
S2094,Term3,5,2024-07-24,68.43314779063604
S2094,Term3,6,2024-07-31,82.20880913877417
S2094,Term3,7,2024-08-07,87.94622131992833
S2094,Term3,8,2024-08-14,79.41612977990707
S2094,Term3,9,2024-08-21,78.52327842217876
S2094,Term3,10,2024-08-28,86.70885839953759
S2094,Term3,11,2024-09-04,78.97470610204363
S2094,Term3,12,2024-09-11,88.72210992619407
S2095,Term1,1,2024-01-10,98.37081216091126
S2095,Term1,2,2024-01-17,93.12436563760967
S2095,Term1,3,2024-01-24,95.57216016598242
S2095,Term1,4,2024-01-31,98.03102093808063
S2095,Term1,5,2024-02-07,88.39393792142444
S2095,Term1,6,2024-02-14,83.09630768748279
S2095,Term1,7,2024-02-21,75.73296314940166
S2095,Term1,8,2024-02-28,80.30586203637135
S2095,Term1,9,2024-03-06,78.71577360787727
S2095,Term1,10,2024-03-13,93.78006791945094
S2095,Term1,11,2024-03-20,89.16139065513036
S2095,Term1,12,2024-03-27,93.36109435257161
S2095,Term2,1,2024-04-03,71.07595772679818
S2095,Term2,2,2024-04-10,100.0
S2095,Term2,3,2024-04-17,79.87623554191885
S2095,Term2,4,2024-04-24,71.79980029510405
S2095,Term2,5,2024-05-01,79.72938682213825
S2095,Term2,6,2024-05-08,100.0
S2095,Term2,7,2024-05-15,80.34739760210118
S2095,Term2,8,2024-05-22,81.09884234234889
S2095,Term2,9,2024-05-29,82.69474383244389
S2095,Term2,10,2024-06-05,83.21655539882254
S2095,Term2,11,2024-06-12,75.62228721038495
S2095,Term2,12,2024-06-19,86.71855699847356
S2095,Term3,1,2024-06-26,97.90713889837997
S2095,Term3,2,2024-07-03,88.77147178574448
S2095,Term3,3,2024-07-10,71.66601641320017
S2095,Term3,4,2024-07-17,80.8678491407955
S2095,Term3,5,2024-07-24,78.38167119878044
S2095,Term3,6,2024-07-31,85.6352736188176
S2095,Term3,7,2024-08-07,100.0
S2095,Term3,8,2024-08-14,83.2134064477494
S2095,Term3,9,2024-08-21,83.9421415735553
S2095,Term3,10,2024-08-28,100.0
S2095,Term3,11,2024-09-04,95.51447190005993
S2095,Term3,12,2024-09-11,91.88897538527843
S2096,Term1,1,2024-01-10,100.0
S2096,Term1,2,2024-01-17,90.87773505752816
S2096,Term1,3,2024-01-24,61.16167429626973
S2096,Term1,4,2024-01-31,94.99198909456433
S2096,Term1,5,2024-02-07,65.8958985145762
S2096,Term1,6,2024-02-14,90.42406442298937
S2096,Term1,7,2024-02-21,64.43507711044913
S2096,Term1,8,2024-02-28,79.39773507520097
S2096,Term1,9,2024-03-06,80.63458564468155
S2096,Term1,10,2024-03-13,75.75857071321896
S2096,Term1,11,2024-03-20,80.8137760337056
S2096,Term1,12,2024-03-27,97.39074064432663
S2096,Term2,1,2024-04-03,76.43256505408536
S2096,Term2,2,2024-04-10,91.54169055412649
S2096,Term2,3,2024-04-17,73.4122043247124
S2096,Term2,4,2024-04-24,82.72600508329445
S2096,Term2,5,2024-05-01,88.8860711959294
S2096,Term2,6,2024-05-08,73.04165900057728
S2096,Term2,7,2024-05-15,69.25935480507172
S2096,Term2,8,2024-05-22,90.90253780694665
S2096,Term2,9,2024-05-29,98.47696479208767
S2096,Term2,10,2024-06-05,84.05121976615153
S2096,Term2,11,2024-06-12,79.51224512131955
S2096,Term2,12,2024-06-19,86.86810465226064
S2096,Term3,1,2024-06-26,85.66575902518457
S2096,Term3,2,2024-07-03,87.91483048853502
S2096,Term3,3,2024-07-10,54.66105879623543
S2096,Term3,4,2024-07-17,72.17074850600844
S2096,Term3,5,2024-07-24,74.85723873475776
S2096,Term3,6,2024-07-31,86.81041154213875
S2096,Term3,7,2024-08-07,87.23053460346719
S2096,Term3,8,2024-08-14,92.63416586420843
S2096,Term3,9,2024-08-21,88.09098099052524
S2096,Term3,10,2024-08-28,69.39117915535198
S2096,Term3,11,2024-09-04,100.0
S2096,Term3,12,2024-09-11,100.0
S2097,Term1,1,2024-01-10,69.9016325196769
S2097,Term1,2,2024-01-17,88.99246353249019
S2097,Term1,3,2024-01-24,77.8549073770838
S2097,Term1,4,2024-01-31,86.66636787040657
S2097,Term1,5,2024-02-07,97.63972335570244
S2097,Term1,6,2024-02-14,100.0
S2097,Term1,7,2024-02-21,94.01533246171132
S2097,Term1,8,2024-02-28,88.53921682132163
S2097,Term1,9,2024-03-06,80.92214598030043
S2097,Term1,10,2024-03-13,87.18561845213412
S2097,Term1,11,2024-03-20,100.0
S2097,Term1,12,2024-03-27,84.46349491888498
S2097,Term2,1,2024-04-03,74.3666481838282
S2097,Term2,2,2024-04-10,65.56372161380048
S2097,Term2,3,2024-04-17,91.156574408923
S2097,Term2,4,2024-04-24,87.96745750753287
S2097,Term2,5,2024-05-01,77.24910192085244
S2097,Term2,6,2024-05-08,97.31216950848757
S2097,Term2,7,2024-05-15,79.93867762734844
S2097,Term2,8,2024-05-22,83.38427089810246
S2097,Term2,9,2024-05-29,84.80003040042467
S2097,Term2,10,2024-06-05,80.78856709434294
S2097,Term2,11,2024-06-12,87.83038078899484
S2097,Term2,12,2024-06-19,98.81818175119601
S2097,Term3,1,2024-06-26,71.29021722257893
S2097,Term3,2,2024-07-03,90.8622416616881
S2097,Term3,3,2024-07-10,87.0659040352773
S2097,Term3,4,2024-07-17,86.84516595453647
S2097,Term3,5,2024-07-24,95.46213483848909
S2097,Term3,6,2024-07-31,85.5915691026059
S2097,Term3,7,2024-08-07,90.76275114286844
S2097,Term3,8,2024-08-14,93.59037555485376
S2097,Term3,9,2024-08-21,78.94761759543272
S2097,Term3,10,2024-08-28,88.59020152976558
S2097,Term3,11,2024-09-04,81.99054871347242
S2097,Term3,12,2024-09-11,83.40781864336125
S2098,Term1,1,2024-01-10,81.13526324226001
S2098,Term1,2,2024-01-17,90.65296484916264
S2098,Term1,3,2024-01-24,85.97973650821905
S2098,Term1,4,2024-01-31,89.73452841180008
S2098,Term1,5,2024-02-07,84.78979164525101
S2098,Term1,6,2024-02-14,65.7505478503561
S2098,Term1,7,2024-02-21,85.3764209931965
S2098,Term1,8,2024-02-28,85.7624554618818
S2098,Term1,9,2024-03-06,87.91115124584152
S2098,Term1,10,2024-03-13,77.8752496757711
S2098,Term1,11,2024-03-20,70.65436340001386
S2098,Term1,12,2024-03-27,92.49527973873134
S2098,Term2,1,2024-04-03,81.71672132158997
S2098,Term2,2,2024-04-10,87.05492857221995
S2098,Term2,3,2024-04-17,81.62247904134045
S2098,Term2,4,2024-04-24,84.92725809071686
S2098,Term2,5,2024-05-01,79.6085758247703
S2098,Term2,6,2024-05-08,73.38299693015406
S2098,Term2,7,2024-05-15,90.68477992922388
S2098,Term2,8,2024-05-22,77.76255894128656
S2098,Term2,9,2024-05-29,86.96741777073773
S2098,Term2,10,2024-06-05,89.92552266282493
S2098,Term2,11,2024-06-12,77.95824741276301
S2098,Term2,12,2024-06-19,70.55337238752418
S2098,Term3,1,2024-06-26,100.0
S2098,Term3,2,2024-07-03,78.66673748865489
S2098,Term3,3,2024-07-10,92.4810059032139
S2098,Term3,4,2024-07-17,100.0
S2098,Term3,5,2024-07-24,94.47889296224672
S2098,Term3,6,2024-07-31,81.39468629406939
S2098,Term3,7,2024-08-07,84.19460334957867
S2098,Term3,8,2024-08-14,75.00871336313382
S2098,Term3,9,2024-08-21,95.5803571234929
S2098,Term3,10,2024-08-28,91.79524849670426
S2098,Term3,11,2024-09-04,78.82689018085908
S2098,Term3,12,2024-09-11,72.49390231481867
S2099,Term1,1,2024-01-10,69.1451951480357
S2099,Term1,2,2024-01-17,96.8381680456504
S2099,Term1,3,2024-01-24,86.44447754746673
S2099,Term1,4,2024-01-31,87.57981443599301
S2099,Term1,5,2024-02-07,75.12461648965171
S2099,Term1,6,2024-02-14,67.43796276034712
S2099,Term1,7,2024-02-21,96.55136289653959
S2099,Term1,8,2024-02-28,85.50446844396677
S2099,Term1,9,2024-03-06,95.88681592069145
S2099,Term1,10,2024-03-13,80.36880248181323
S2099,Term1,11,2024-03-20,82.1581858835577
S2099,Term1,12,2024-03-27,93.5595781194476
S2099,Term2,1,2024-04-03,93.78817695580629
S2099,Term2,2,2024-04-10,94.57078747223144
S2099,Term2,3,2024-04-17,81.45758496276764
S2099,Term2,4,2024-04-24,92.37456685181041
S2099,Term2,5,2024-05-01,98.30919358572062
S2099,Term2,6,2024-05-08,83.7427358598216
S2099,Term2,7,2024-05-15,78.83813963471135
S2099,Term2,8,2024-05-22,100.0
S2099,Term2,9,2024-05-29,77.14665119738432
S2099,Term2,10,2024-06-05,92.55371796537372
S2099,Term2,11,2024-06-12,84.29893227376166
S2099,Term2,12,2024-06-19,62.901212602185275
S2099,Term3,1,2024-06-26,98.54312880974297
S2099,Term3,2,2024-07-03,51.905756445431585
S2099,Term3,3,2024-07-10,61.190463198908695
S2099,Term3,4,2024-07-17,91.32796095376806
S2099,Term3,5,2024-07-24,91.32485438413738
S2099,Term3,6,2024-07-31,77.34904170546957
S2099,Term3,7,2024-08-07,86.77386508363894
S2099,Term3,8,2024-08-14,54.622839450663946
S2099,Term3,9,2024-08-21,93.48370557364719
S2099,Term3,10,2024-08-28,87.99670584464316
S2099,Term3,11,2024-09-04,84.45228575999445
S2099,Term3,12,2024-09-11,85.25009778565327
S2100,Term1,1,2024-01-10,90.91905011431638
S2100,Term1,2,2024-01-17,84.65318171802566
S2100,Term1,3,2024-01-24,62.511333967225355
S2100,Term1,4,2024-01-31,100.0
S2100,Term1,5,2024-02-07,99.40960983314142
S2100,Term1,6,2024-02-14,69.58066405654206
S2100,Term1,7,2024-02-21,80.85835323428091
S2100,Term1,8,2024-02-28,82.16758971812752
S2100,Term1,9,2024-03-06,97.94619479810757
S2100,Term1,10,2024-03-13,59.088772776162784
S2100,Term1,11,2024-03-20,79.01190082684253
S2100,Term1,12,2024-03-27,63.87236267994996
S2100,Term2,1,2024-04-03,81.57885381005994
S2100,Term2,2,2024-04-10,79.32998928298115
S2100,Term2,3,2024-04-17,85.95632880859254
S2100,Term2,4,2024-04-24,77.7415072118898
S2100,Term2,5,2024-05-01,75.98771930331371
S2100,Term2,6,2024-05-08,92.43588030115778
S2100,Term2,7,2024-05-15,90.45607289131097
S2100,Term2,8,2024-05-22,91.6167801133389
S2100,Term2,9,2024-05-29,82.87719891410988
S2100,Term2,10,2024-06-05,78.13913701329773
S2100,Term2,11,2024-06-12,83.57377021575076
S2100,Term2,12,2024-06-19,91.01394484082142
S2100,Term3,1,2024-06-26,58.87864358833782
S2100,Term3,2,2024-07-03,89.7293431644503
S2100,Term3,3,2024-07-10,88.70965824801758
S2100,Term3,4,2024-07-17,85.74581087302873
S2100,Term3,5,2024-07-24,83.2082389375399
S2100,Term3,6,2024-07-31,54.20656736881104
S2100,Term3,7,2024-08-07,79.72176084279513
S2100,Term3,8,2024-08-14,100.0
S2100,Term3,9,2024-08-21,85.15481554681966
S2100,Term3,10,2024-08-28,81.31252193590338
S2100,Term3,11,2024-09-04,85.20287434708135
S2100,Term3,12,2024-09-11,89.2572744235361
S2101,Term1,1,2024-01-10,92.90584293627357
S2101,Term1,2,2024-01-17,82.2534380421047
S2101,Term1,3,2024-01-24,90.0990352287242
S2101,Term1,4,2024-01-31,100.0
S2101,Term1,5,2024-02-07,97.07500959319259
S2101,Term1,6,2024-02-14,100.0
S2101,Term1,7,2024-02-21,77.1187556997794
S2101,Term1,8,2024-02-28,100.0
S2101,Term1,9,2024-03-06,75.51191632092886
S2101,Term1,10,2024-03-13,89.24279376088556
S2101,Term1,11,2024-03-20,93.78971835085719
S2101,Term1,12,2024-03-27,78.87067369714633
S2101,Term2,1,2024-04-03,86.0555713296913
S2101,Term2,2,2024-04-10,95.92553322942209
S2101,Term2,3,2024-04-17,76.4767492202571
S2101,Term2,4,2024-04-24,100.0
S2101,Term2,5,2024-05-01,68.38484050327182
S2101,Term2,6,2024-05-08,100.0
S2101,Term2,7,2024-05-15,97.0159136175951
S2101,Term2,8,2024-05-22,83.92329308406666
S2101,Term2,9,2024-05-29,80.16798146515922
S2101,Term2,10,2024-06-05,78.91566084650772
S2101,Term2,11,2024-06-12,83.37045231691582
S2101,Term2,12,2024-06-19,84.41804966141409
S2101,Term3,1,2024-06-26,100.0
S2101,Term3,2,2024-07-03,100.0
S2101,Term3,3,2024-07-10,87.3925590478481
S2101,Term3,4,2024-07-17,74.85245814412716
S2101,Term3,5,2024-07-24,78.45128751236567
S2101,Term3,6,2024-07-31,82.80291058466459
S2101,Term3,7,2024-08-07,72.63853473643869
S2101,Term3,8,2024-08-14,70.85270317471145
S2101,Term3,9,2024-08-21,100.0
S2101,Term3,10,2024-08-28,88.63136231135505
S2101,Term3,11,2024-09-04,75.00240239583584
S2101,Term3,12,2024-09-11,94.79924284429255
S2102,Term1,1,2024-01-10,70.85984650231785
S2102,Term1,2,2024-01-17,71.84785542554735
S2102,Term1,3,2024-01-24,75.36349118722906
S2102,Term1,4,2024-01-31,100.0
S2102,Term1,5,2024-02-07,81.96543921065951
S2102,Term1,6,2024-02-14,55.69951615717016
S2102,Term1,7,2024-02-21,99.52079119810712
S2102,Term1,8,2024-02-28,81.3234236300517
S2102,Term1,9,2024-03-06,62.80710392945913
S2102,Term1,10,2024-03-13,81.19979814443909
S2102,Term1,11,2024-03-20,91.25204675925883
S2102,Term1,12,2024-03-27,89.84858999839562
S2102,Term2,1,2024-04-03,100.0
S2102,Term2,2,2024-04-10,74.76678564916084
S2102,Term2,3,2024-04-17,85.56064144317966
S2102,Term2,4,2024-04-24,76.60516865705894
S2102,Term2,5,2024-05-01,66.49368526975333
S2102,Term2,6,2024-05-08,95.62632846767146
S2102,Term2,7,2024-05-15,90.55923482977025
S2102,Term2,8,2024-05-22,88.40414139638624
S2102,Term2,9,2024-05-29,90.12148231910373
S2102,Term2,10,2024-06-05,76.77432576773896
S2102,Term2,11,2024-06-12,72.93165895218168
S2102,Term2,12,2024-06-19,85.45176846603232
S2102,Term3,1,2024-06-26,98.93453682893937
S2102,Term3,2,2024-07-03,100.0
S2102,Term3,3,2024-07-10,94.5451924816892
S2102,Term3,4,2024-07-17,85.35009312121716
S2102,Term3,5,2024-07-24,88.23740715279924
S2102,Term3,6,2024-07-31,85.13912631190446
S2102,Term3,7,2024-08-07,72.68867992360686
S2102,Term3,8,2024-08-14,85.29576853852652
S2102,Term3,9,2024-08-21,68.98207818893809
S2102,Term3,10,2024-08-28,83.51107328676352
S2102,Term3,11,2024-09-04,100.0
S2102,Term3,12,2024-09-11,94.87431067340022
S2103,Term1,1,2024-01-10,73.92256978916164
S2103,Term1,2,2024-01-17,84.13085116429261
S2103,Term1,3,2024-01-24,74.98748425894314
S2103,Term1,4,2024-01-31,84.24983478187347
S2103,Term1,5,2024-02-07,97.49329379829476
S2103,Term1,6,2024-02-14,92.83609525971885
S2103,Term1,7,2024-02-21,100.0
S2103,Term1,8,2024-02-28,99.30972883009086
S2103,Term1,9,2024-03-06,87.44800457293229
S2103,Term1,10,2024-03-13,93.12579968959952
S2103,Term1,11,2024-03-20,82.57068190979997
S2103,Term1,12,2024-03-27,71.46994903496204
S2103,Term2,1,2024-04-03,100.0
S2103,Term2,2,2024-04-10,97.10789772317978
S2103,Term2,3,2024-04-17,82.10734942487242
S2103,Term2,4,2024-04-24,88.28722884317605
S2103,Term2,5,2024-05-01,99.89127024861767
S2103,Term2,6,2024-05-08,95.15621711447224
S2103,Term2,7,2024-05-15,67.44278498500361
S2103,Term2,8,2024-05-22,87.92344025787789
S2103,Term2,9,2024-05-29,82.98842169413963
S2103,Term2,10,2024-06-05,98.35600838966417
S2103,Term2,11,2024-06-12,97.37251286539194
S2103,Term2,12,2024-06-19,100.0
S2103,Term3,1,2024-06-26,71.5852679353575
S2103,Term3,2,2024-07-03,75.59066159132513
S2103,Term3,3,2024-07-10,98.36898923362526
S2103,Term3,4,2024-07-17,77.90025021589065
S2103,Term3,5,2024-07-24,66.74280422902831
S2103,Term3,6,2024-07-31,91.39115785136879
S2103,Term3,7,2024-08-07,78.43337871680832
S2103,Term3,8,2024-08-14,100.0
S2103,Term3,9,2024-08-21,88.55421464786156
S2103,Term3,10,2024-08-28,86.92311143969998
S2103,Term3,11,2024-09-04,80.56907330061091
S2103,Term3,12,2024-09-11,100.0
S2104,Term1,1,2024-01-10,89.30265351867786
S2104,Term1,2,2024-01-17,80.09800578212553
S2104,Term1,3,2024-01-24,75.47099552073463
S2104,Term1,4,2024-01-31,84.11832334522938
S2104,Term1,5,2024-02-07,73.26823795414234
S2104,Term1,6,2024-02-14,97.34652930014732
S2104,Term1,7,2024-02-21,63.29989535170919
S2104,Term1,8,2024-02-28,83.32583166000315
S2104,Term1,9,2024-03-06,92.32160254105521
S2104,Term1,10,2024-03-13,89.10543304131589
S2104,Term1,11,2024-03-20,76.39260432381198
S2104,Term1,12,2024-03-27,92.92310448047859
S2104,Term2,1,2024-04-03,74.3675273393691
S2104,Term2,2,2024-04-10,84.73138412203828
S2104,Term2,3,2024-04-17,92.82209886376427
S2104,Term2,4,2024-04-24,90.55495335391736
S2104,Term2,5,2024-05-01,76.89953186296638
S2104,Term2,6,2024-05-08,99.36993419877236
S2104,Term2,7,2024-05-15,86.04033485782641
S2104,Term2,8,2024-05-22,93.91594493126982
S2104,Term2,9,2024-05-29,100.0
S2104,Term2,10,2024-06-05,98.41024658529528
S2104,Term2,11,2024-06-12,98.44155287597252
S2104,Term2,12,2024-06-19,87.31215915819367
S2104,Term3,1,2024-06-26,94.52722145092612
S2104,Term3,2,2024-07-03,87.56315889477179
S2104,Term3,3,2024-07-10,70.48810638665904
S2104,Term3,4,2024-07-17,88.6329255100605
S2104,Term3,5,2024-07-24,88.07633180486158
S2104,Term3,6,2024-07-31,92.00475233826182
S2104,Term3,7,2024-08-07,83.46403629743926
S2104,Term3,8,2024-08-14,75.8625333188338
S2104,Term3,9,2024-08-21,92.87807299810272
S2104,Term3,10,2024-08-28,69.24073255297303
S2104,Term3,11,2024-09-04,100.0
S2104,Term3,12,2024-09-11,82.2229832655401
S2105,Term1,1,2024-01-10,87.94633806467402
S2105,Term1,2,2024-01-17,91.70269783937886
S2105,Term1,3,2024-01-24,92.0882565381303
S2105,Term1,4,2024-01-31,68.09218840057918
S2105,Term1,5,2024-02-07,94.88903896653116
S2105,Term1,6,2024-02-14,88.63784594051528
S2105,Term1,7,2024-02-21,77.37686338529669
S2105,Term1,8,2024-02-28,76.00399658864903
S2105,Term1,9,2024-03-06,80.99136301531786
S2105,Term1,10,2024-03-13,69.4150997606741
S2105,Term1,11,2024-03-20,100.0
S2105,Term1,12,2024-03-27,100.0
S2105,Term2,1,2024-04-03,90.42040241171127
S2105,Term2,2,2024-04-10,82.31921900389491
S2105,Term2,3,2024-04-17,82.63470414475125
S2105,Term2,4,2024-04-24,94.09678847408762
S2105,Term2,5,2024-05-01,100.0
S2105,Term2,6,2024-05-08,78.15523912483908
S2105,Term2,7,2024-05-15,71.58896748852011
S2105,Term2,8,2024-05-22,100.0
S2105,Term2,9,2024-05-29,63.55433694898658
S2105,Term2,10,2024-06-05,72.89763030096825
S2105,Term2,11,2024-06-12,82.03770528986976
S2105,Term2,12,2024-06-19,66.27479838633963
S2105,Term3,1,2024-06-26,98.34578875367917
S2105,Term3,2,2024-07-03,95.2828632460612
S2105,Term3,3,2024-07-10,78.10248127341619
S2105,Term3,4,2024-07-17,100.0
S2105,Term3,5,2024-07-24,100.0
S2105,Term3,6,2024-07-31,83.64195222051924
S2105,Term3,7,2024-08-07,79.59198186918391
S2105,Term3,8,2024-08-14,100.0
S2105,Term3,9,2024-08-21,93.65394186500986
S2105,Term3,10,2024-08-28,88.07589583562624
S2105,Term3,11,2024-09-04,100.0
S2105,Term3,12,2024-09-11,88.62316762003626
S2106,Term1,1,2024-01-10,78.93255296896974
S2106,Term1,2,2024-01-17,85.96191712585065
S2106,Term1,3,2024-01-24,97.46385144783682
S2106,Term1,4,2024-01-31,61.093773203809434
S2106,Term1,5,2024-02-07,81.54363112672935
S2106,Term1,6,2024-02-14,100.0
S2106,Term1,7,2024-02-21,78.85757918687779
S2106,Term1,8,2024-02-28,100.0
S2106,Term1,9,2024-03-06,100.0
S2106,Term1,10,2024-03-13,84.21365061413259
S2106,Term1,11,2024-03-20,78.17752834133199
S2106,Term1,12,2024-03-27,81.55169351020439
S2106,Term2,1,2024-04-03,100.0
S2106,Term2,2,2024-04-10,100.0
S2106,Term2,3,2024-04-17,86.50469166168087
S2106,Term2,4,2024-04-24,77.7021573805551
S2106,Term2,5,2024-05-01,86.40449242697515
S2106,Term2,6,2024-05-08,87.92592311940118
S2106,Term2,7,2024-05-15,70.07969514868775
S2106,Term2,8,2024-05-22,85.96049523058312
S2106,Term2,9,2024-05-29,100.0
S2106,Term2,10,2024-06-05,63.40771982540232
S2106,Term2,11,2024-06-12,94.91900758164698
S2106,Term2,12,2024-06-19,100.0
S2106,Term3,1,2024-06-26,78.27331185886759
S2106,Term3,2,2024-07-03,100.0
S2106,Term3,3,2024-07-10,76.71595525061986
S2106,Term3,4,2024-07-17,90.29299194232485
S2106,Term3,5,2024-07-24,81.31872778403644
S2106,Term3,6,2024-07-31,81.31604371404876
S2106,Term3,7,2024-08-07,77.59241116290346
S2106,Term3,8,2024-08-14,93.38290577034424
S2106,Term3,9,2024-08-21,95.18566549277739
S2106,Term3,10,2024-08-28,84.22693360507374
S2106,Term3,11,2024-09-04,68.6803814359327
S2106,Term3,12,2024-09-11,89.83804199961267
S2107,Term1,1,2024-01-10,90.06417231292832
S2107,Term1,2,2024-01-17,82.39941986336287
S2107,Term1,3,2024-01-24,100.0
S2107,Term1,4,2024-01-31,66.23284882119215
S2107,Term1,5,2024-02-07,58.39259547695718
S2107,Term1,6,2024-02-14,76.22998120362794
S2107,Term1,7,2024-02-21,93.52509440909739
S2107,Term1,8,2024-02-28,72.32986435079391
S2107,Term1,9,2024-03-06,73.22834897768709
S2107,Term1,10,2024-03-13,96.41225603413785
S2107,Term1,11,2024-03-20,90.550575073573
S2107,Term1,12,2024-03-27,89.5247309155408
S2107,Term2,1,2024-04-03,94.37714703358634
S2107,Term2,2,2024-04-10,79.8976845607254
S2107,Term2,3,2024-04-17,80.4521911113017
S2107,Term2,4,2024-04-24,94.7173512707371
S2107,Term2,5,2024-05-01,68.8613586306256
S2107,Term2,6,2024-05-08,59.28736184321744
S2107,Term2,7,2024-05-15,79.80058991646575
S2107,Term2,8,2024-05-22,96.1704794687883
S2107,Term2,9,2024-05-29,88.06671638784164
S2107,Term2,10,2024-06-05,95.28749804947618
S2107,Term2,11,2024-06-12,60.804468274922016
S2107,Term2,12,2024-06-19,88.7859616998819
S2107,Term3,1,2024-06-26,92.84637405570854
S2107,Term3,2,2024-07-03,68.79043092867178
S2107,Term3,3,2024-07-10,95.34469108655854
S2107,Term3,4,2024-07-17,83.66177324193049
S2107,Term3,5,2024-07-24,100.0
S2107,Term3,6,2024-07-31,58.873167173239175
S2107,Term3,7,2024-08-07,100.0
S2107,Term3,8,2024-08-14,80.27010284168712
S2107,Term3,9,2024-08-21,65.59417942671948
S2107,Term3,10,2024-08-28,78.67653827722009
S2107,Term3,11,2024-09-04,88.32975089604959
S2107,Term3,12,2024-09-11,97.44960003478052
S2108,Term1,1,2024-01-10,100.0
S2108,Term1,2,2024-01-17,100.0
S2108,Term1,3,2024-01-24,73.41541575154606
S2108,Term1,4,2024-01-31,98.5619763071934
S2108,Term1,5,2024-02-07,89.69541948545049
S2108,Term1,6,2024-02-14,77.14476374885214
S2108,Term1,7,2024-02-21,82.45707287827022
S2108,Term1,8,2024-02-28,76.48188808666332
S2108,Term1,9,2024-03-06,85.44510810323747
S2108,Term1,10,2024-03-13,76.24410541247056
S2108,Term1,11,2024-03-20,72.66407112139073
S2108,Term1,12,2024-03-27,90.74942953339327
S2108,Term2,1,2024-04-03,92.54476657911565
S2108,Term2,2,2024-04-10,82.74883599890066
S2108,Term2,3,2024-04-17,100.0
S2108,Term2,4,2024-04-24,81.87483296205865
S2108,Term2,5,2024-05-01,81.36670545849354
S2108,Term2,6,2024-05-08,92.92586778814837
S2108,Term2,7,2024-05-15,83.41089298067996
S2108,Term2,8,2024-05-22,86.01757274831373
S2108,Term2,9,2024-05-29,54.75473835257122
S2108,Term2,10,2024-06-05,85.2004886168557
S2108,Term2,11,2024-06-12,63.07364875034488
S2108,Term2,12,2024-06-19,70.34859314801355
S2108,Term3,1,2024-06-26,68.97612953493393
S2108,Term3,2,2024-07-03,72.48900215759409
S2108,Term3,3,2024-07-10,78.41375368441297
S2108,Term3,4,2024-07-17,79.16208861345417
S2108,Term3,5,2024-07-24,92.9713024510855
S2108,Term3,6,2024-07-31,87.66865376961637
S2108,Term3,7,2024-08-07,62.18710685418417
S2108,Term3,8,2024-08-14,85.9995356505617
S2108,Term3,9,2024-08-21,88.81906295900113
S2108,Term3,10,2024-08-28,81.0572018049645
S2108,Term3,11,2024-09-04,84.26936827711957
S2108,Term3,12,2024-09-11,87.28372150476469
S2109,Term1,1,2024-01-10,94.17519517162697
S2109,Term1,2,2024-01-17,66.10144015044719
S2109,Term1,3,2024-01-24,82.06819553632421
S2109,Term1,4,2024-01-31,100.0
S2109,Term1,5,2024-02-07,100.0
S2109,Term1,6,2024-02-14,95.21124313330935
S2109,Term1,7,2024-02-21,91.44189620746812
S2109,Term1,8,2024-02-28,100.0
S2109,Term1,9,2024-03-06,100.0
S2109,Term1,10,2024-03-13,83.45104014343777
S2109,Term1,11,2024-03-20,73.36681068054015
S2109,Term1,12,2024-03-27,81.75649218850606
S2109,Term2,1,2024-04-03,100.0
S2109,Term2,2,2024-04-10,66.16772388729767
S2109,Term2,3,2024-04-17,79.353530325647
S2109,Term2,4,2024-04-24,68.04770617008842
S2109,Term2,5,2024-05-01,86.49716635452863
S2109,Term2,6,2024-05-08,70.56770765326159
S2109,Term2,7,2024-05-15,83.69498772599658
S2109,Term2,8,2024-05-22,61.59885807977489
S2109,Term2,9,2024-05-29,92.41144798101581
S2109,Term2,10,2024-06-05,99.6681430776157
S2109,Term2,11,2024-06-12,80.3926765352385
S2109,Term2,12,2024-06-19,83.37843991509158
S2109,Term3,1,2024-06-26,83.03911323122425
S2109,Term3,2,2024-07-03,87.1709281027003
S2109,Term3,3,2024-07-10,84.54196495640286
S2109,Term3,4,2024-07-17,94.21740342916833
S2109,Term3,5,2024-07-24,99.79646960141135
S2109,Term3,6,2024-07-31,75.23114533009381
S2109,Term3,7,2024-08-07,81.28805808670843
S2109,Term3,8,2024-08-14,95.81943338709694
S2109,Term3,9,2024-08-21,67.93997142329161
S2109,Term3,10,2024-08-28,61.35134461785316
S2109,Term3,11,2024-09-04,87.71579143478175
S2109,Term3,12,2024-09-11,90.9561569328459
S2110,Term1,1,2024-01-10,76.33239774455689
S2110,Term1,2,2024-01-17,78.05618735055454
S2110,Term1,3,2024-01-24,75.87769213910921
S2110,Term1,4,2024-01-31,74.59689712786678
S2110,Term1,5,2024-02-07,93.3219498472552
S2110,Term1,6,2024-02-14,70.83401815602834
S2110,Term1,7,2024-02-21,81.81372566279981
S2110,Term1,8,2024-02-28,74.13596598982177
S2110,Term1,9,2024-03-06,67.53653228918542
S2110,Term1,10,2024-03-13,95.44213809696124
S2110,Term1,11,2024-03-20,78.76209733391754
S2110,Term1,12,2024-03-27,87.26128096504908
S2110,Term2,1,2024-04-03,66.90308944238788
S2110,Term2,2,2024-04-10,76.09672655492228
S2110,Term2,3,2024-04-17,94.07305456834007
S2110,Term2,4,2024-04-24,100.0
S2110,Term2,5,2024-05-01,61.285407227316256
S2110,Term2,6,2024-05-08,82.58670645652688
S2110,Term2,7,2024-05-15,89.947367177722
S2110,Term2,8,2024-05-22,77.6067981611286
S2110,Term2,9,2024-05-29,95.19426384392949
S2110,Term2,10,2024-06-05,74.59920795207624
S2110,Term2,11,2024-06-12,86.8461719225997
S2110,Term2,12,2024-06-19,78.73513714601968
S2110,Term3,1,2024-06-26,99.63317299545727
S2110,Term3,2,2024-07-03,76.88362596357274
S2110,Term3,3,2024-07-10,80.7775144445618
S2110,Term3,4,2024-07-17,96.34826844996586
S2110,Term3,5,2024-07-24,72.66353609088563
S2110,Term3,6,2024-07-31,85.82500068116286
S2110,Term3,7,2024-08-07,63.12958787576078
S2110,Term3,8,2024-08-14,71.9447984964511
S2110,Term3,9,2024-08-21,89.58557531068965
S2110,Term3,10,2024-08-28,73.11162988556521
S2110,Term3,11,2024-09-04,78.4651248181145
S2110,Term3,12,2024-09-11,90.91703682457525
S2111,Term1,1,2024-01-10,78.04976630623683
S2111,Term1,2,2024-01-17,94.8741048785963
S2111,Term1,3,2024-01-24,87.58795344983277
S2111,Term1,4,2024-01-31,90.22819734309404
S2111,Term1,5,2024-02-07,99.89158718486239
S2111,Term1,6,2024-02-14,88.83787675136878
S2111,Term1,7,2024-02-21,100.0
S2111,Term1,8,2024-02-28,95.93514739645389
S2111,Term1,9,2024-03-06,78.71857084198652
S2111,Term1,10,2024-03-13,100.0
S2111,Term1,11,2024-03-20,88.16639225083534
S2111,Term1,12,2024-03-27,80.26384349607396
S2111,Term2,1,2024-04-03,88.3406283438506
S2111,Term2,2,2024-04-10,98.34792189268316
S2111,Term2,3,2024-04-17,90.46054113090666
S2111,Term2,4,2024-04-24,100.0
S2111,Term2,5,2024-05-01,98.03836669478586
S2111,Term2,6,2024-05-08,91.27792040082595
S2111,Term2,7,2024-05-15,72.68718300710611
S2111,Term2,8,2024-05-22,82.84320983187855
S2111,Term2,9,2024-05-29,85.85996967701021
S2111,Term2,10,2024-06-05,93.35957801461296
S2111,Term2,11,2024-06-12,92.64799649526631
S2111,Term2,12,2024-06-19,87.03448492261944
S2111,Term3,1,2024-06-26,86.44419898452605
S2111,Term3,2,2024-07-03,93.64548274091284
S2111,Term3,3,2024-07-10,74.69696529244017
S2111,Term3,4,2024-07-17,100.0
S2111,Term3,5,2024-07-24,60.43399737803834
S2111,Term3,6,2024-07-31,100.0
S2111,Term3,7,2024-08-07,84.45777365889805
S2111,Term3,8,2024-08-14,97.03095777125912
S2111,Term3,9,2024-08-21,89.36608521151135
S2111,Term3,10,2024-08-28,89.15241293092963
S2111,Term3,11,2024-09-04,91.65105371231826
S2111,Term3,12,2024-09-11,94.70865146905334
S2112,Term1,1,2024-01-10,81.05403008095313
S2112,Term1,2,2024-01-17,97.41758956631483
S2112,Term1,3,2024-01-24,71.9863525170546
S2112,Term1,4,2024-01-31,84.9360331200865
S2112,Term1,5,2024-02-07,95.03163909126732
S2112,Term1,6,2024-02-14,96.94021095539067
S2112,Term1,7,2024-02-21,90.52946617913682
S2112,Term1,8,2024-02-28,80.27929074453117
S2112,Term1,9,2024-03-06,95.76049334042445
S2112,Term1,10,2024-03-13,76.96760513057495
S2112,Term1,11,2024-03-20,100.0
S2112,Term1,12,2024-03-27,83.98394923000403
S2112,Term2,1,2024-04-03,66.52449166952847
S2112,Term2,2,2024-04-10,70.66379838380138
S2112,Term2,3,2024-04-17,85.52372364255505
S2112,Term2,4,2024-04-24,86.67790325591264
S2112,Term2,5,2024-05-01,100.0
S2112,Term2,6,2024-05-08,72.53800794862929
S2112,Term2,7,2024-05-15,85.47354639164716
S2112,Term2,8,2024-05-22,72.28694311501532
S2112,Term2,9,2024-05-29,79.08814176143916
S2112,Term2,10,2024-06-05,100.0
S2112,Term2,11,2024-06-12,71.36396532212811
S2112,Term2,12,2024-06-19,92.04450908881401
S2112,Term3,1,2024-06-26,89.7148883081727
S2112,Term3,2,2024-07-03,84.7099428837015
S2112,Term3,3,2024-07-10,91.23323947830085
S2112,Term3,4,2024-07-17,71.07975541668054
S2112,Term3,5,2024-07-24,100.0
S2112,Term3,6,2024-07-31,100.0
S2112,Term3,7,2024-08-07,85.56525637311177
S2112,Term3,8,2024-08-14,100.0
S2112,Term3,9,2024-08-21,80.21166482140096
S2112,Term3,10,2024-08-28,89.80518392627536
S2112,Term3,11,2024-09-04,100.0
S2112,Term3,12,2024-09-11,79.49194647732509
S2113,Term1,1,2024-01-10,68.42141129344674
S2113,Term1,2,2024-01-17,65.65939521257376
S2113,Term1,3,2024-01-24,100.0
S2113,Term1,4,2024-01-31,78.65170419233466
S2113,Term1,5,2024-02-07,82.77115883897801
S2113,Term1,6,2024-02-14,71.64683106014735
S2113,Term1,7,2024-02-21,96.38007135195026
S2113,Term1,8,2024-02-28,75.62128168930498
S2113,Term1,9,2024-03-06,79.10484366806413
S2113,Term1,10,2024-03-13,88.59424503299392
S2113,Term1,11,2024-03-20,72.23144887305313
S2113,Term1,12,2024-03-27,82.8570127658293
S2113,Term2,1,2024-04-03,100.0
S2113,Term2,2,2024-04-10,90.13905277020235
S2113,Term2,3,2024-04-17,86.56650750914031
S2113,Term2,4,2024-04-24,87.57837651356638
S2113,Term2,5,2024-05-01,80.33037884828124
S2113,Term2,6,2024-05-08,100.0
S2113,Term2,7,2024-05-15,75.25411443359118
S2113,Term2,8,2024-05-22,87.53111394356716
S2113,Term2,9,2024-05-29,86.38030679611369
S2113,Term2,10,2024-06-05,97.10515008559761
S2113,Term2,11,2024-06-12,98.23808726552367
S2113,Term2,12,2024-06-19,84.61577434615515
S2113,Term3,1,2024-06-26,88.4879979173566
S2113,Term3,2,2024-07-03,88.94241704696738
S2113,Term3,3,2024-07-10,57.734300133152715
S2113,Term3,4,2024-07-17,65.9321247702667
S2113,Term3,5,2024-07-24,77.73923571133635
S2113,Term3,6,2024-07-31,78.26081588347758
S2113,Term3,7,2024-08-07,70.60861093643041
S2113,Term3,8,2024-08-14,93.99499085648355
S2113,Term3,9,2024-08-21,85.02542105220967
S2113,Term3,10,2024-08-28,82.42366543135796
S2113,Term3,11,2024-09-04,69.92613670591136
S2113,Term3,12,2024-09-11,84.46546162906253
S2114,Term1,1,2024-01-10,53.47978292801666
S2114,Term1,2,2024-01-17,83.0445242703299
S2114,Term1,3,2024-01-24,85.75820402569308
S2114,Term1,4,2024-01-31,87.90297981185799
S2114,Term1,5,2024-02-07,66.23077883824864
S2114,Term1,6,2024-02-14,87.6978008402977
S2114,Term1,7,2024-02-21,72.50282476162549
S2114,Term1,8,2024-02-28,75.25036201249199
S2114,Term1,9,2024-03-06,93.61517662987198
S2114,Term1,10,2024-03-13,100.0
S2114,Term1,11,2024-03-20,85.61630510563216
S2114,Term1,12,2024-03-27,75.19485449631722
S2114,Term2,1,2024-04-03,87.26404537011999
S2114,Term2,2,2024-04-10,96.26834988998975
S2114,Term2,3,2024-04-17,92.45197079047283
S2114,Term2,4,2024-04-24,100.0
S2114,Term2,5,2024-05-01,76.415949170864
S2114,Term2,6,2024-05-08,88.02677775903157
S2114,Term2,7,2024-05-15,100.0
S2114,Term2,8,2024-05-22,100.0
S2114,Term2,9,2024-05-29,61.599064881707434
S2114,Term2,10,2024-06-05,84.95970855952022
S2114,Term2,11,2024-06-12,100.0
S2114,Term2,12,2024-06-19,100.0
S2114,Term3,1,2024-06-26,93.44555060500983
S2114,Term3,2,2024-07-03,80.5856404756422
S2114,Term3,3,2024-07-10,72.88956217075132
S2114,Term3,4,2024-07-17,100.0
S2114,Term3,5,2024-07-24,93.74489903758911
S2114,Term3,6,2024-07-31,74.82319687737498
S2114,Term3,7,2024-08-07,82.56212360399462
S2114,Term3,8,2024-08-14,88.72223820194445
S2114,Term3,9,2024-08-21,91.52567984665741
S2114,Term3,10,2024-08-28,74.20457610945053
S2114,Term3,11,2024-09-04,77.6297149824941
S2114,Term3,12,2024-09-11,65.16478525152448
S2115,Term1,1,2024-01-10,97.47714747525738
S2115,Term1,2,2024-01-17,80.90057839875621
S2115,Term1,3,2024-01-24,90.59585979019951
S2115,Term1,4,2024-01-31,100.0
S2115,Term1,5,2024-02-07,87.63844170848735
S2115,Term1,6,2024-02-14,83.64435428861118
S2115,Term1,7,2024-02-21,87.32705772260721
S2115,Term1,8,2024-02-28,85.75832324620272
S2115,Term1,9,2024-03-06,99.95397997453534
S2115,Term1,10,2024-03-13,88.73006077046547
S2115,Term1,11,2024-03-20,78.46718776505305
S2115,Term1,12,2024-03-27,97.574188682677
S2115,Term2,1,2024-04-03,99.76581227630022
S2115,Term2,2,2024-04-10,68.94003247815444
S2115,Term2,3,2024-04-17,100.0
S2115,Term2,4,2024-04-24,89.37654127850183
S2115,Term2,5,2024-05-01,88.39923940175917
S2115,Term2,6,2024-05-08,97.07949557915818
S2115,Term2,7,2024-05-15,78.19628330794865
S2115,Term2,8,2024-05-22,96.44997417029109
S2115,Term2,9,2024-05-29,80.47869436314573
S2115,Term2,10,2024-06-05,67.30059184347594
S2115,Term2,11,2024-06-12,73.0269246507168
S2115,Term2,12,2024-06-19,91.80426199483873
S2115,Term3,1,2024-06-26,73.6543799200641
S2115,Term3,2,2024-07-03,100.0
S2115,Term3,3,2024-07-10,99.27140144127571
S2115,Term3,4,2024-07-17,100.0
S2115,Term3,5,2024-07-24,86.49734295612895
S2115,Term3,6,2024-07-31,88.09433940753951
S2115,Term3,7,2024-08-07,70.67545774906867
S2115,Term3,8,2024-08-14,96.94940212188989
S2115,Term3,9,2024-08-21,89.55800146044503
S2115,Term3,10,2024-08-28,91.80766750350712
S2115,Term3,11,2024-09-04,100.0
S2115,Term3,12,2024-09-11,77.72844419262988
S2116,Term1,1,2024-01-10,83.48630140147218
S2116,Term1,2,2024-01-17,88.92005105850602
S2116,Term1,3,2024-01-24,73.77477513449551
S2116,Term1,4,2024-01-31,82.74881414467792
S2116,Term1,5,2024-02-07,90.91539772560363
S2116,Term1,6,2024-02-14,81.09494474352603
S2116,Term1,7,2024-02-21,100.0
S2116,Term1,8,2024-02-28,66.86890525819607
S2116,Term1,9,2024-03-06,98.4732548828001
S2116,Term1,10,2024-03-13,92.93422569779206
S2116,Term1,11,2024-03-20,78.17405694932091
S2116,Term1,12,2024-03-27,73.90709718124002
S2116,Term2,1,2024-04-03,60.03660859309058
S2116,Term2,2,2024-04-10,75.45789985103399
S2116,Term2,3,2024-04-17,97.56611986003597
S2116,Term2,4,2024-04-24,84.32697128465591
S2116,Term2,5,2024-05-01,98.9557705647021
S2116,Term2,6,2024-05-08,77.56154715250537
S2116,Term2,7,2024-05-15,93.48527392127875
S2116,Term2,8,2024-05-22,76.39001677498695
S2116,Term2,9,2024-05-29,73.41309992548193
S2116,Term2,10,2024-06-05,83.71447339395189
S2116,Term2,11,2024-06-12,77.02040186416004
S2116,Term2,12,2024-06-19,66.48613421155345
S2116,Term3,1,2024-06-26,82.81222359139608
S2116,Term3,2,2024-07-03,86.27722499717547
S2116,Term3,3,2024-07-10,100.0
S2116,Term3,4,2024-07-17,96.24166812559672
S2116,Term3,5,2024-07-24,99.63931839079397
S2116,Term3,6,2024-07-31,93.6442899807221
S2116,Term3,7,2024-08-07,88.9913531073997
S2116,Term3,8,2024-08-14,70.25266112233729
S2116,Term3,9,2024-08-21,86.7984663752233
S2116,Term3,10,2024-08-28,92.16152532796977
S2116,Term3,11,2024-09-04,100.0
S2116,Term3,12,2024-09-11,93.23546250078176
S2117,Term1,1,2024-01-10,99.88460121526506
S2117,Term1,2,2024-01-17,72.61602530361714
S2117,Term1,3,2024-01-24,81.08298848622286
S2117,Term1,4,2024-01-31,90.15220856393525
S2117,Term1,5,2024-02-07,98.93143228891074
S2117,Term1,6,2024-02-14,83.25725624993296
S2117,Term1,7,2024-02-21,84.01064849021016
S2117,Term1,8,2024-02-28,93.24568367203574
S2117,Term1,9,2024-03-06,71.4895500742585
S2117,Term1,10,2024-03-13,100.0
S2117,Term1,11,2024-03-20,74.45036688270778
S2117,Term1,12,2024-03-27,61.97692691728837
S2117,Term2,1,2024-04-03,85.12080410227097
S2117,Term2,2,2024-04-10,100.0
S2117,Term2,3,2024-04-17,92.03743756400333
S2117,Term2,4,2024-04-24,94.0130865160436
S2117,Term2,5,2024-05-01,85.49662914768537
S2117,Term2,6,2024-05-08,83.17147003274587
S2117,Term2,7,2024-05-15,66.46108756488262
S2117,Term2,8,2024-05-22,57.88736490514977
S2117,Term2,9,2024-05-29,87.35526806129036
S2117,Term2,10,2024-06-05,100.0
S2117,Term2,11,2024-06-12,89.12960445793678
S2117,Term2,12,2024-06-19,92.48319432462417
S2117,Term3,1,2024-06-26,100.0
S2117,Term3,2,2024-07-03,88.9452022172927
S2117,Term3,3,2024-07-10,83.52813879630857
S2117,Term3,4,2024-07-17,75.17770233219922
S2117,Term3,5,2024-07-24,100.0
S2117,Term3,6,2024-07-31,91.31857334984416
S2117,Term3,7,2024-08-07,73.67677940896803
S2117,Term3,8,2024-08-14,70.94598798638516
S2117,Term3,9,2024-08-21,100.0
S2117,Term3,10,2024-08-28,72.55069964310009
S2117,Term3,11,2024-09-04,100.0
S2117,Term3,12,2024-09-11,51.922446434911464
S2118,Term1,1,2024-01-10,100.0
S2118,Term1,2,2024-01-17,90.84273773394358
S2118,Term1,3,2024-01-24,86.42313307668249
S2118,Term1,4,2024-01-31,82.89449877949885
S2118,Term1,5,2024-02-07,100.0
S2118,Term1,6,2024-02-14,93.48470630081444
S2118,Term1,7,2024-02-21,74.16155669325458
S2118,Term1,8,2024-02-28,64.37308052765343
S2118,Term1,9,2024-03-06,87.12756655776771
S2118,Term1,10,2024-03-13,84.98714639755103
S2118,Term1,11,2024-03-20,66.76158355149389
S2118,Term1,12,2024-03-27,84.33527769421197
S2118,Term2,1,2024-04-03,78.1127844031096
S2118,Term2,2,2024-04-10,85.11148081968034
S2118,Term2,3,2024-04-17,93.71108333978083
S2118,Term2,4,2024-04-24,100.0
S2118,Term2,5,2024-05-01,95.90666843643145
S2118,Term2,6,2024-05-08,76.34271100203753
S2118,Term2,7,2024-05-15,89.42698154595033
S2118,Term2,8,2024-05-22,85.75728545790429
S2118,Term2,9,2024-05-29,69.01445254442919
S2118,Term2,10,2024-06-05,89.77879341630727
S2118,Term2,11,2024-06-12,100.0
S2118,Term2,12,2024-06-19,85.38911925024405
S2118,Term3,1,2024-06-26,65.86980784329519
S2118,Term3,2,2024-07-03,85.36322405330343
S2118,Term3,3,2024-07-10,70.435453612321
S2118,Term3,4,2024-07-17,95.36326608263545
S2118,Term3,5,2024-07-24,91.29837990070155
S2118,Term3,6,2024-07-31,82.94907935830308
S2118,Term3,7,2024-08-07,81.02602880973015
S2118,Term3,8,2024-08-14,82.45318838061344
S2118,Term3,9,2024-08-21,85.09929393210784
S2118,Term3,10,2024-08-28,75.73317974390149
S2118,Term3,11,2024-09-04,68.34696302798275
S2118,Term3,12,2024-09-11,98.66438736033578
S2119,Term1,1,2024-01-10,80.3751882820365
S2119,Term1,2,2024-01-17,87.00451725002974
S2119,Term1,3,2024-01-24,88.42338341400993
S2119,Term1,4,2024-01-31,88.86424575586257
S2119,Term1,5,2024-02-07,70.9141840348189
S2119,Term1,6,2024-02-14,64.88991802537782
S2119,Term1,7,2024-02-21,77.9356897036961
S2119,Term1,8,2024-02-28,89.74853838900344
S2119,Term1,9,2024-03-06,76.26460159030825
S2119,Term1,10,2024-03-13,80.7409437556092
S2119,Term1,11,2024-03-20,100.0
S2119,Term1,12,2024-03-27,62.85491338234557
S2119,Term2,1,2024-04-03,75.93959204907402
S2119,Term2,2,2024-04-10,100.0
S2119,Term2,3,2024-04-17,84.46481593605732
S2119,Term2,4,2024-04-24,76.52817801401308
S2119,Term2,5,2024-05-01,99.02522700413344
S2119,Term2,6,2024-05-08,85.66276523777333
S2119,Term2,7,2024-05-15,80.82029925947192
S2119,Term2,8,2024-05-22,87.30842712445013
S2119,Term2,9,2024-05-29,77.1026942874068
S2119,Term2,10,2024-06-05,72.79010724534305
S2119,Term2,11,2024-06-12,83.63683686838301
S2119,Term2,12,2024-06-19,72.86803647908792
S2119,Term3,1,2024-06-26,85.12831974155776
S2119,Term3,2,2024-07-03,89.25287880969206
S2119,Term3,3,2024-07-10,95.23672547261933
S2119,Term3,4,2024-07-17,98.53509982620193
S2119,Term3,5,2024-07-24,80.13116198041298
S2119,Term3,6,2024-07-31,90.99297529526883
S2119,Term3,7,2024-08-07,90.91028135447628
S2119,Term3,8,2024-08-14,88.93382458979181
S2119,Term3,9,2024-08-21,79.2464870685945
S2119,Term3,10,2024-08-28,72.66318625043067
S2119,Term3,11,2024-09-04,91.02402266879872
S2119,Term3,12,2024-09-11,64.5176492536834
S2120,Term1,1,2024-01-10,81.78592680918027
S2120,Term1,2,2024-01-17,54.35642781221682
S2120,Term1,3,2024-01-24,68.96317091970084
S2120,Term1,4,2024-01-31,74.47439273863091
S2120,Term1,5,2024-02-07,98.1606904915514
S2120,Term1,6,2024-02-14,93.25729629285122
S2120,Term1,7,2024-02-21,78.3527837938931
S2120,Term1,8,2024-02-28,93.75243754155701
S2120,Term1,9,2024-03-06,95.65147556056476
S2120,Term1,10,2024-03-13,83.07202181950335
S2120,Term1,11,2024-03-20,68.38746226943572
S2120,Term1,12,2024-03-27,82.50505227920662
S2120,Term2,1,2024-04-03,83.82529113793436
S2120,Term2,2,2024-04-10,70.21054731003728
S2120,Term2,3,2024-04-17,89.40456151515961
S2120,Term2,4,2024-04-24,88.35774225162827
S2120,Term2,5,2024-05-01,90.34051239873024
S2120,Term2,6,2024-05-08,88.34707716600933
S2120,Term2,7,2024-05-15,93.7581164213798
S2120,Term2,8,2024-05-22,82.84806366552363
S2120,Term2,9,2024-05-29,87.42142128845144
S2120,Term2,10,2024-06-05,80.22711658905362
S2120,Term2,11,2024-06-12,77.98600941253659
S2120,Term2,12,2024-06-19,100.0
S2120,Term3,1,2024-06-26,60.47477558168204
S2120,Term3,2,2024-07-03,95.52111986985116
S2120,Term3,3,2024-07-10,77.55350949465208
S2120,Term3,4,2024-07-17,75.99954186828255
S2120,Term3,5,2024-07-24,88.13892980878488
S2120,Term3,6,2024-07-31,67.12468465178796
S2120,Term3,7,2024-08-07,75.20772313664557
S2120,Term3,8,2024-08-14,74.8103242418441
S2120,Term3,9,2024-08-21,82.34322090177886
S2120,Term3,10,2024-08-28,75.35034774207173
S2120,Term3,11,2024-09-04,100.0
S2120,Term3,12,2024-09-11,100.0
S2121,Term1,1,2024-01-10,60.73607772702324
S2121,Term1,2,2024-01-17,91.53187245718884
S2121,Term1,3,2024-01-24,95.30396126893089
S2121,Term1,4,2024-01-31,91.51582242869327
S2121,Term1,5,2024-02-07,77.10263808289966
S2121,Term1,6,2024-02-14,82.0708532540975
S2121,Term1,7,2024-02-21,76.02070414266765
S2121,Term1,8,2024-02-28,79.95683162609406
S2121,Term1,9,2024-03-06,70.48041965599388
S2121,Term1,10,2024-03-13,83.6225341403854
S2121,Term1,11,2024-03-20,66.96637946433916
S2121,Term1,12,2024-03-27,82.59838534926234
S2121,Term2,1,2024-04-03,70.01701973080283
S2121,Term2,2,2024-04-10,87.48179634149685
S2121,Term2,3,2024-04-17,76.84696526868531
S2121,Term2,4,2024-04-24,88.48696417449445
S2121,Term2,5,2024-05-01,97.97896874037738
S2121,Term2,6,2024-05-08,100.0
S2121,Term2,7,2024-05-15,54.663944931754116
S2121,Term2,8,2024-05-22,74.98967087351461
S2121,Term2,9,2024-05-29,81.36296707465583
S2121,Term2,10,2024-06-05,90.5239338205778
S2121,Term2,11,2024-06-12,65.19574595014565
S2121,Term2,12,2024-06-19,73.21489111839742
S2121,Term3,1,2024-06-26,86.56428643188532
S2121,Term3,2,2024-07-03,86.01865889832001
S2121,Term3,3,2024-07-10,89.53142087704111
S2121,Term3,4,2024-07-17,90.3241087226574
S2121,Term3,5,2024-07-24,89.06313319739036
S2121,Term3,6,2024-07-31,87.32386379957791
S2121,Term3,7,2024-08-07,85.66887727991642
S2121,Term3,8,2024-08-14,92.97715707669235
S2121,Term3,9,2024-08-21,58.1281280012293
S2121,Term3,10,2024-08-28,100.0
S2121,Term3,11,2024-09-04,58.546215389436114
S2121,Term3,12,2024-09-11,72.0500581971461
S2122,Term1,1,2024-01-10,82.27887044019826
S2122,Term1,2,2024-01-17,93.0713546930781
S2122,Term1,3,2024-01-24,49.056797310404605
S2122,Term1,4,2024-01-31,84.66250811269799
S2122,Term1,5,2024-02-07,94.50874047298882
S2122,Term1,6,2024-02-14,96.93421739234172
S2122,Term1,7,2024-02-21,76.63204409803049
S2122,Term1,8,2024-02-28,81.38997655653961
S2122,Term1,9,2024-03-06,77.60622245328847
S2122,Term1,10,2024-03-13,80.28790415768698
S2122,Term1,11,2024-03-20,72.61808139125878
S2122,Term1,12,2024-03-27,74.32897405034899
S2122,Term2,1,2024-04-03,90.21252306434042
S2122,Term2,2,2024-04-10,86.5793844792729
S2122,Term2,3,2024-04-17,90.89903809108569
S2122,Term2,4,2024-04-24,87.56817267641004
S2122,Term2,5,2024-05-01,93.45206321377114
S2122,Term2,6,2024-05-08,95.53856797785994
S2122,Term2,7,2024-05-15,64.09940056160676
S2122,Term2,8,2024-05-22,74.74828419502765
S2122,Term2,9,2024-05-29,82.22348851011954
S2122,Term2,10,2024-06-05,84.7278696941519
S2122,Term2,11,2024-06-12,76.9589131141836
S2122,Term2,12,2024-06-19,95.94428405185967
S2122,Term3,1,2024-06-26,100.0
S2122,Term3,2,2024-07-03,87.2339434669808
S2122,Term3,3,2024-07-10,86.01209238637854
S2122,Term3,4,2024-07-17,95.19347506125197
S2122,Term3,5,2024-07-24,62.609922937558764
S2122,Term3,6,2024-07-31,85.34162728526093
S2122,Term3,7,2024-08-07,96.74842990561021
S2122,Term3,8,2024-08-14,77.28215203358666
S2122,Term3,9,2024-08-21,70.28127304117642
S2122,Term3,10,2024-08-28,82.77033267880266
S2122,Term3,11,2024-09-04,84.27177480157695
S2122,Term3,12,2024-09-11,74.0961726170145
S2123,Term1,1,2024-01-10,100.0
S2123,Term1,2,2024-01-17,79.25564342790466
S2123,Term1,3,2024-01-24,71.15608778288117
S2123,Term1,4,2024-01-31,83.87654417115266
S2123,Term1,5,2024-02-07,95.8943276524539
S2123,Term1,6,2024-02-14,85.20897098797877
S2123,Term1,7,2024-02-21,90.82712704052803
S2123,Term1,8,2024-02-28,74.54187286800212
S2123,Term1,9,2024-03-06,100.0
S2123,Term1,10,2024-03-13,91.74053233502131
S2123,Term1,11,2024-03-20,97.57241882653132
S2123,Term1,12,2024-03-27,89.38192758970203
S2123,Term2,1,2024-04-03,94.8986084527454
S2123,Term2,2,2024-04-10,74.52336928387328
S2123,Term2,3,2024-04-17,79.10307499972525
S2123,Term2,4,2024-04-24,100.0
S2123,Term2,5,2024-05-01,100.0
S2123,Term2,6,2024-05-08,71.23521280337107
S2123,Term2,7,2024-05-15,87.99683281436575
S2123,Term2,8,2024-05-22,79.82867439417727
S2123,Term2,9,2024-05-29,76.63562236762166
S2123,Term2,10,2024-06-05,88.4180763442654
S2123,Term2,11,2024-06-12,98.6915551883849
S2123,Term2,12,2024-06-19,90.41994967941032
S2123,Term3,1,2024-06-26,81.16585060097158
S2123,Term3,2,2024-07-03,91.17833415922192
S2123,Term3,3,2024-07-10,80.68028591702918
S2123,Term3,4,2024-07-17,89.94537160876722
S2123,Term3,5,2024-07-24,100.0
S2123,Term3,6,2024-07-31,60.074084088390066
S2123,Term3,7,2024-08-07,94.5670275824804
S2123,Term3,8,2024-08-14,66.53134094115438
S2123,Term3,9,2024-08-21,99.73993252653354
S2123,Term3,10,2024-08-28,77.35569268152567
S2123,Term3,11,2024-09-04,70.3879434687222
S2123,Term3,12,2024-09-11,93.34323072506497
S2124,Term1,1,2024-01-10,89.37004075770894
S2124,Term1,2,2024-01-17,73.0097571644601
S2124,Term1,3,2024-01-24,69.96400291397927
S2124,Term1,4,2024-01-31,82.75022215010462
S2124,Term1,5,2024-02-07,70.55095659794564
S2124,Term1,6,2024-02-14,72.26232432491646
S2124,Term1,7,2024-02-21,86.3874494850572
S2124,Term1,8,2024-02-28,73.40954038893884
S2124,Term1,9,2024-03-06,90.11847148031852
S2124,Term1,10,2024-03-13,100.0
S2124,Term1,11,2024-03-20,83.21733502119301
S2124,Term1,12,2024-03-27,86.56181274382702
S2124,Term2,1,2024-04-03,100.0
S2124,Term2,2,2024-04-10,70.74878659147184
S2124,Term2,3,2024-04-17,99.2948223421689
S2124,Term2,4,2024-04-24,97.85029117494979
S2124,Term2,5,2024-05-01,95.2518080700854
S2124,Term2,6,2024-05-08,100.0
S2124,Term2,7,2024-05-15,88.36689959150343
S2124,Term2,8,2024-05-22,78.00484605280879
S2124,Term2,9,2024-05-29,98.13487949464681
S2124,Term2,10,2024-06-05,98.59410654055473
S2124,Term2,11,2024-06-12,98.26376681791945
S2124,Term2,12,2024-06-19,85.53402498783083
S2124,Term3,1,2024-06-26,76.40566583664008
S2124,Term3,2,2024-07-03,87.29634704933933
S2124,Term3,3,2024-07-10,96.30676021081403
S2124,Term3,4,2024-07-17,97.29222147831959
S2124,Term3,5,2024-07-24,79.84388647510487
S2124,Term3,6,2024-07-31,88.78447475352868
S2124,Term3,7,2024-08-07,69.29466034616853
S2124,Term3,8,2024-08-14,96.8194012360702
S2124,Term3,9,2024-08-21,75.60029491929924
S2124,Term3,10,2024-08-28,94.42306431485856
S2124,Term3,11,2024-09-04,71.20834507131806
S2124,Term3,12,2024-09-11,97.3769908772081
S2125,Term1,1,2024-01-10,88.86202228027325
S2125,Term1,2,2024-01-17,75.62370765259665
S2125,Term1,3,2024-01-24,93.2962765729663
S2125,Term1,4,2024-01-31,77.91565969833603
S2125,Term1,5,2024-02-07,93.99466044934154
S2125,Term1,6,2024-02-14,81.71066229543135
S2125,Term1,7,2024-02-21,64.34743449244405
S2125,Term1,8,2024-02-28,73.21100511422875
S2125,Term1,9,2024-03-06,79.83502349575258
S2125,Term1,10,2024-03-13,100.0
S2125,Term1,11,2024-03-20,95.8137235663507
S2125,Term1,12,2024-03-27,100.0
S2125,Term2,1,2024-04-03,100.0
S2125,Term2,2,2024-04-10,78.58299034490902
S2125,Term2,3,2024-04-17,82.73815768289404
S2125,Term2,4,2024-04-24,80.06464090803354
S2125,Term2,5,2024-05-01,76.94187273638708
S2125,Term2,6,2024-05-08,62.9020634879625
S2125,Term2,7,2024-05-15,84.82302738379789
S2125,Term2,8,2024-05-22,69.57321287546668
S2125,Term2,9,2024-05-29,84.58993742158808
S2125,Term2,10,2024-06-05,100.0
S2125,Term2,11,2024-06-12,78.8878588440315
S2125,Term2,12,2024-06-19,87.3372880675368
S2125,Term3,1,2024-06-26,95.8797806297114
S2125,Term3,2,2024-07-03,88.36349550359088
S2125,Term3,3,2024-07-10,88.50981025530756
S2125,Term3,4,2024-07-17,80.65117079574304
S2125,Term3,5,2024-07-24,82.2174642992652
S2125,Term3,6,2024-07-31,73.47987373374606
S2125,Term3,7,2024-08-07,95.15254010667289
S2125,Term3,8,2024-08-14,64.10210012063085
S2125,Term3,9,2024-08-21,96.65306006058643
S2125,Term3,10,2024-08-28,68.15561938305709
S2125,Term3,11,2024-09-04,96.55128728891982
S2125,Term3,12,2024-09-11,80.75418968545382
S2126,Term1,1,2024-01-10,70.21757574240304
S2126,Term1,2,2024-01-17,91.95158374095564
S2126,Term1,3,2024-01-24,96.1452104209093
S2126,Term1,4,2024-01-31,79.74305622275756
S2126,Term1,5,2024-02-07,93.6473265841472
S2126,Term1,6,2024-02-14,57.5789860639678
S2126,Term1,7,2024-02-21,69.1528445230408
S2126,Term1,8,2024-02-28,100.0
S2126,Term1,9,2024-03-06,82.31596870962501
S2126,Term1,10,2024-03-13,62.65344008261383
S2126,Term1,11,2024-03-20,76.61360583469607
S2126,Term1,12,2024-03-27,73.91919432969902
S2126,Term2,1,2024-04-03,83.0084592223249
S2126,Term2,2,2024-04-10,80.55098819430823
S2126,Term2,3,2024-04-17,87.14718074725793
S2126,Term2,4,2024-04-24,84.1664073806491
S2126,Term2,5,2024-05-01,100.0
S2126,Term2,6,2024-05-08,90.09458319663602
S2126,Term2,7,2024-05-15,90.49205933432303
S2126,Term2,8,2024-05-22,98.98188548673426
S2126,Term2,9,2024-05-29,80.33477499484502
S2126,Term2,10,2024-06-05,69.85747067969818
S2126,Term2,11,2024-06-12,99.483643895587
S2126,Term2,12,2024-06-19,86.63010097729735
S2126,Term3,1,2024-06-26,86.67221449478714
S2126,Term3,2,2024-07-03,77.40004094163716
S2126,Term3,3,2024-07-10,77.59773600275707
S2126,Term3,4,2024-07-17,95.16066806525012
S2126,Term3,5,2024-07-24,96.81586957765133
S2126,Term3,6,2024-07-31,94.4058808689599
S2126,Term3,7,2024-08-07,94.5155392653457
S2126,Term3,8,2024-08-14,91.8283544471171
S2126,Term3,9,2024-08-21,86.57827276093788
S2126,Term3,10,2024-08-28,82.89544378814823
S2126,Term3,11,2024-09-04,99.52388619929863
S2126,Term3,12,2024-09-11,80.51534955411479
S2127,Term1,1,2024-01-10,89.43975056656896
S2127,Term1,2,2024-01-17,75.35184402454904
S2127,Term1,3,2024-01-24,77.0884115577946
S2127,Term1,4,2024-01-31,82.16614518571328
S2127,Term1,5,2024-02-07,75.35273947927404
S2127,Term1,6,2024-02-14,94.5742219057396
S2127,Term1,7,2024-02-21,68.82358898145965
S2127,Term1,8,2024-02-28,86.19075548057288
S2127,Term1,9,2024-03-06,86.59009716210618
S2127,Term1,10,2024-03-13,63.27040506016383
S2127,Term1,11,2024-03-20,79.7077141537167
S2127,Term1,12,2024-03-27,88.0683944565777
S2127,Term2,1,2024-04-03,90.14473591952881
S2127,Term2,2,2024-04-10,82.54831349679802
S2127,Term2,3,2024-04-17,93.12265845376858
S2127,Term2,4,2024-04-24,83.68820491316751
S2127,Term2,5,2024-05-01,85.16383494490069
S2127,Term2,6,2024-05-08,88.01984642783864
S2127,Term2,7,2024-05-15,96.12399554481003
S2127,Term2,8,2024-05-22,76.89138397101362
S2127,Term2,9,2024-05-29,79.15813752978043
S2127,Term2,10,2024-06-05,76.97324209924942
S2127,Term2,11,2024-06-12,81.0136274062968
S2127,Term2,12,2024-06-19,100.0
S2127,Term3,1,2024-06-26,91.87270383195786
S2127,Term3,2,2024-07-03,71.4269230579739
S2127,Term3,3,2024-07-10,77.7946364129359
S2127,Term3,4,2024-07-17,89.47320669131682
S2127,Term3,5,2024-07-24,74.12190662880676
S2127,Term3,6,2024-07-31,76.29591951022292
S2127,Term3,7,2024-08-07,100.0
S2127,Term3,8,2024-08-14,77.63949245832175
S2127,Term3,9,2024-08-21,96.45600179235264
S2127,Term3,10,2024-08-28,100.0
S2127,Term3,11,2024-09-04,76.19845490597243
S2127,Term3,12,2024-09-11,74.3204493213143
S2128,Term1,1,2024-01-10,81.68641496222602
S2128,Term1,2,2024-01-17,71.9364673519165
S2128,Term1,3,2024-01-24,86.4524065420329
S2128,Term1,4,2024-01-31,82.53217705775936
S2128,Term1,5,2024-02-07,89.32696019063562
S2128,Term1,6,2024-02-14,100.0
S2128,Term1,7,2024-02-21,94.80981976924383
S2128,Term1,8,2024-02-28,90.87087730494828
S2128,Term1,9,2024-03-06,61.40741904438498
S2128,Term1,10,2024-03-13,90.3205117852285
S2128,Term1,11,2024-03-20,100.0
S2128,Term1,12,2024-03-27,48.8737298042378
S2128,Term2,1,2024-04-03,93.2725905157075
S2128,Term2,2,2024-04-10,83.08769710292243
S2128,Term2,3,2024-04-17,74.80245996372466
S2128,Term2,4,2024-04-24,94.61354300694344
S2128,Term2,5,2024-05-01,100.0
S2128,Term2,6,2024-05-08,94.30276874605305
S2128,Term2,7,2024-05-15,80.54569658486169
S2128,Term2,8,2024-05-22,73.67836210710212
S2128,Term2,9,2024-05-29,86.73553160547452
S2128,Term2,10,2024-06-05,95.47803150857905
S2128,Term2,11,2024-06-12,80.35536368519527
S2128,Term2,12,2024-06-19,81.51540410019044
S2128,Term3,1,2024-06-26,100.0
S2128,Term3,2,2024-07-03,97.94382335151671
S2128,Term3,3,2024-07-10,98.80154414072359
S2128,Term3,4,2024-07-17,67.47656912729425
S2128,Term3,5,2024-07-24,76.51373584847848
S2128,Term3,6,2024-07-31,85.89617967345087
S2128,Term3,7,2024-08-07,72.98634930537821
S2128,Term3,8,2024-08-14,100.0
S2128,Term3,9,2024-08-21,100.0
S2128,Term3,10,2024-08-28,78.59745595139135
S2128,Term3,11,2024-09-04,100.0
S2128,Term3,12,2024-09-11,84.94897483936069
S2129,Term1,1,2024-01-10,100.0
S2129,Term1,2,2024-01-17,86.73623356630044
S2129,Term1,3,2024-01-24,91.91431300394106
S2129,Term1,4,2024-01-31,100.0
S2129,Term1,5,2024-02-07,100.0
S2129,Term1,6,2024-02-14,91.12878479363073
S2129,Term1,7,2024-02-21,83.30631616667397
S2129,Term1,8,2024-02-28,91.16959239991743
S2129,Term1,9,2024-03-06,75.20578993748661
S2129,Term1,10,2024-03-13,86.8256046263694
S2129,Term1,11,2024-03-20,71.68830961002406
S2129,Term1,12,2024-03-27,63.629420319036385
S2129,Term2,1,2024-04-03,85.60512116967331
S2129,Term2,2,2024-04-10,100.0
S2129,Term2,3,2024-04-17,96.10965569915271
S2129,Term2,4,2024-04-24,84.0170524512927
S2129,Term2,5,2024-05-01,100.0
S2129,Term2,6,2024-05-08,78.17126330984112
S2129,Term2,7,2024-05-15,61.98600805842372
S2129,Term2,8,2024-05-22,58.81478446958845
S2129,Term2,9,2024-05-29,70.8257087128514
S2129,Term2,10,2024-06-05,94.79949691914675
S2129,Term2,11,2024-06-12,77.38236779839136
S2129,Term2,12,2024-06-19,90.53150370228762
S2129,Term3,1,2024-06-26,100.0
S2129,Term3,2,2024-07-03,71.79883644906633
S2129,Term3,3,2024-07-10,90.74199678155068
S2129,Term3,4,2024-07-17,91.46755687186867
S2129,Term3,5,2024-07-24,74.67114413832276
S2129,Term3,6,2024-07-31,100.0
S2129,Term3,7,2024-08-07,81.54751533340628
S2129,Term3,8,2024-08-14,80.3949642290439
S2129,Term3,9,2024-08-21,100.0
S2129,Term3,10,2024-08-28,91.27320090840061
S2129,Term3,11,2024-09-04,96.10348659622598
S2129,Term3,12,2024-09-11,100.0
S2130,Term1,1,2024-01-10,77.1943120064894
S2130,Term1,2,2024-01-17,99.99785316464416
S2130,Term1,3,2024-01-24,78.97727062002797
S2130,Term1,4,2024-01-31,78.46451932794044
S2130,Term1,5,2024-02-07,81.73600033230237
S2130,Term1,6,2024-02-14,77.53522198066054
S2130,Term1,7,2024-02-21,94.86587719188596
S2130,Term1,8,2024-02-28,88.20652786174067
S2130,Term1,9,2024-03-06,79.10530702459465
S2130,Term1,10,2024-03-13,93.09406039785786
S2130,Term1,11,2024-03-20,81.69781075136385
S2130,Term1,12,2024-03-27,81.06315555562388
S2130,Term2,1,2024-04-03,85.58420661881853
S2130,Term2,2,2024-04-10,90.5615242679946
S2130,Term2,3,2024-04-17,89.67817179252904
S2130,Term2,4,2024-04-24,80.64100981296603
S2130,Term2,5,2024-05-01,95.16533448927282
S2130,Term2,6,2024-05-08,82.33127018704413
S2130,Term2,7,2024-05-15,77.14018613669538
S2130,Term2,8,2024-05-22,67.38374021479179
S2130,Term2,9,2024-05-29,96.79814177198826
S2130,Term2,10,2024-06-05,85.1486809143281
S2130,Term2,11,2024-06-12,87.53046830212618
S2130,Term2,12,2024-06-19,97.54963498839419
S2130,Term3,1,2024-06-26,79.2711252208262
S2130,Term3,2,2024-07-03,68.50720901831046
S2130,Term3,3,2024-07-10,85.83736842658263
S2130,Term3,4,2024-07-17,88.69553862496355
S2130,Term3,5,2024-07-24,81.84581120607552
S2130,Term3,6,2024-07-31,100.0
S2130,Term3,7,2024-08-07,55.166001187343724
S2130,Term3,8,2024-08-14,98.44067965479739
S2130,Term3,9,2024-08-21,94.49384380437071
S2130,Term3,10,2024-08-28,90.48124933240551
S2130,Term3,11,2024-09-04,44.96918140637084
S2130,Term3,12,2024-09-11,100.0
S2131,Term1,1,2024-01-10,72.68279067236938
S2131,Term1,2,2024-01-17,78.90769625939936
S2131,Term1,3,2024-01-24,82.95288802251918
S2131,Term1,4,2024-01-31,89.8890164158237
S2131,Term1,5,2024-02-07,92.6731365063106
S2131,Term1,6,2024-02-14,95.71408665183156
S2131,Term1,7,2024-02-21,94.7902421209422
S2131,Term1,8,2024-02-28,88.03512645055751
S2131,Term1,9,2024-03-06,89.99107190869108
S2131,Term1,10,2024-03-13,71.91095541013304
S2131,Term1,11,2024-03-20,75.98767831817173
S2131,Term1,12,2024-03-27,95.74552268409799
S2131,Term2,1,2024-04-03,95.04651384074418
S2131,Term2,2,2024-04-10,93.68559299733305
S2131,Term2,3,2024-04-17,78.82699886012168
S2131,Term2,4,2024-04-24,95.92590558332435
S2131,Term2,5,2024-05-01,71.0650665702357
S2131,Term2,6,2024-05-08,97.92831771834727
S2131,Term2,7,2024-05-15,81.86955038504932
S2131,Term2,8,2024-05-22,100.0
S2131,Term2,9,2024-05-29,66.74269489521419
S2131,Term2,10,2024-06-05,100.0
S2131,Term2,11,2024-06-12,80.66242805003846
S2131,Term2,12,2024-06-19,80.44624892785907
S2131,Term3,1,2024-06-26,87.33806582782717
S2131,Term3,2,2024-07-03,76.63505304639163
S2131,Term3,3,2024-07-10,84.13205198437231
S2131,Term3,4,2024-07-17,76.14848481674974
S2131,Term3,5,2024-07-24,76.58723762824975
S2131,Term3,6,2024-07-31,90.84263140360686
S2131,Term3,7,2024-08-07,74.1812140563578
S2131,Term3,8,2024-08-14,75.78166917993421
S2131,Term3,9,2024-08-21,68.5265050030431
S2131,Term3,10,2024-08-28,78.95283184046393
S2131,Term3,11,2024-09-04,100.0
S2131,Term3,12,2024-09-11,74.84879631876439
S2132,Term1,1,2024-01-10,76.2204008177531
S2132,Term1,2,2024-01-17,87.32706335777843
S2132,Term1,3,2024-01-24,80.55044279440568
S2132,Term1,4,2024-01-31,100.0
S2132,Term1,5,2024-02-07,83.04966442388492
S2132,Term1,6,2024-02-14,89.02262015460846
S2132,Term1,7,2024-02-21,96.32522541759187
S2132,Term1,8,2024-02-28,96.09493439035421
S2132,Term1,9,2024-03-06,87.79945097868855
S2132,Term1,10,2024-03-13,83.06647015976799
S2132,Term1,11,2024-03-20,100.0
S2132,Term1,12,2024-03-27,83.8028766962288
S2132,Term2,1,2024-04-03,79.69971874685824
S2132,Term2,2,2024-04-10,77.24981214047178
S2132,Term2,3,2024-04-17,64.27836156751893
S2132,Term2,4,2024-04-24,94.85938902684596
S2132,Term2,5,2024-05-01,56.82317923479008
S2132,Term2,6,2024-05-08,84.93132590914095
S2132,Term2,7,2024-05-15,82.54167238874338
S2132,Term2,8,2024-05-22,100.0
S2132,Term2,9,2024-05-29,63.02018525543649
S2132,Term2,10,2024-06-05,74.18676055618772
S2132,Term2,11,2024-06-12,83.36684249582021
S2132,Term2,12,2024-06-19,82.62964795036999
S2132,Term3,1,2024-06-26,78.40546491027946
S2132,Term3,2,2024-07-03,84.028145087174
S2132,Term3,3,2024-07-10,69.88524725356311
S2132,Term3,4,2024-07-17,89.28631454793927
S2132,Term3,5,2024-07-24,57.14217589506906
S2132,Term3,6,2024-07-31,84.69076772947291
S2132,Term3,7,2024-08-07,77.79571966883712
S2132,Term3,8,2024-08-14,97.19545531307963
S2132,Term3,9,2024-08-21,100.0
S2132,Term3,10,2024-08-28,81.02737397499571
S2132,Term3,11,2024-09-04,100.0
S2132,Term3,12,2024-09-11,81.20660463243507
S2133,Term1,1,2024-01-10,73.40648172245092
S2133,Term1,2,2024-01-17,100.0
S2133,Term1,3,2024-01-24,91.24931733680808
S2133,Term1,4,2024-01-31,85.05326227131778
S2133,Term1,5,2024-02-07,93.24612970118378
S2133,Term1,6,2024-02-14,88.29058042156201
S2133,Term1,7,2024-02-21,84.16936710470178
S2133,Term1,8,2024-02-28,69.08278207230404
S2133,Term1,9,2024-03-06,81.7535591540648
S2133,Term1,10,2024-03-13,92.47906508150167
S2133,Term1,11,2024-03-20,83.52674289175827
S2133,Term1,12,2024-03-27,95.82790913356463
S2133,Term2,1,2024-04-03,89.60386028640147
S2133,Term2,2,2024-04-10,74.46236418297512
S2133,Term2,3,2024-04-17,69.16993650601452
S2133,Term2,4,2024-04-24,83.11385800083798
S2133,Term2,5,2024-05-01,78.70925862274495
S2133,Term2,6,2024-05-08,89.03586171546023
S2133,Term2,7,2024-05-15,76.38234809484725
S2133,Term2,8,2024-05-22,77.61529209094148
S2133,Term2,9,2024-05-29,97.63683661113895
S2133,Term2,10,2024-06-05,86.77843562353478
S2133,Term2,11,2024-06-12,76.56727521487248
S2133,Term2,12,2024-06-19,85.21170170482024
S2133,Term3,1,2024-06-26,100.0
S2133,Term3,2,2024-07-03,88.52544025929667
S2133,Term3,3,2024-07-10,92.11540971310156
S2133,Term3,4,2024-07-17,75.97318556167069
S2133,Term3,5,2024-07-24,97.3170325256152
S2133,Term3,6,2024-07-31,100.0
S2133,Term3,7,2024-08-07,75.50238828984575
S2133,Term3,8,2024-08-14,70.81727230753613
S2133,Term3,9,2024-08-21,87.10650692602178
S2133,Term3,10,2024-08-28,95.50606059813292
S2133,Term3,11,2024-09-04,83.90332393539687
S2133,Term3,12,2024-09-11,72.36152324748805
S2134,Term1,1,2024-01-10,83.69699005863532
S2134,Term1,2,2024-01-17,92.17710727332945
S2134,Term1,3,2024-01-24,80.1156180766473
S2134,Term1,4,2024-01-31,92.28706021305906
S2134,Term1,5,2024-02-07,98.97652942287893
S2134,Term1,6,2024-02-14,87.88276750924537
S2134,Term1,7,2024-02-21,84.6646267446605
S2134,Term1,8,2024-02-28,94.95212710271538
S2134,Term1,9,2024-03-06,74.72679007075324
S2134,Term1,10,2024-03-13,73.54348199568493
S2134,Term1,11,2024-03-20,81.80113258085217
S2134,Term1,12,2024-03-27,79.0974465422264
S2134,Term2,1,2024-04-03,75.3598962965143
S2134,Term2,2,2024-04-10,100.0
S2134,Term2,3,2024-04-17,100.0
S2134,Term2,4,2024-04-24,80.75553949293301
S2134,Term2,5,2024-05-01,86.10062739698039
S2134,Term2,6,2024-05-08,82.7458861592345
S2134,Term2,7,2024-05-15,98.28999088141788
S2134,Term2,8,2024-05-22,100.0
S2134,Term2,9,2024-05-29,63.67283441572424
S2134,Term2,10,2024-06-05,90.7121296007875
S2134,Term2,11,2024-06-12,69.31814390606621
S2134,Term2,12,2024-06-19,100.0
S2134,Term3,1,2024-06-26,90.28297636252478
S2134,Term3,2,2024-07-03,75.11980553964837
S2134,Term3,3,2024-07-10,82.10414334474576
S2134,Term3,4,2024-07-17,81.5322729008061
S2134,Term3,5,2024-07-24,91.30135531462979
S2134,Term3,6,2024-07-31,97.50295125012974
S2134,Term3,7,2024-08-07,71.22151249633949
S2134,Term3,8,2024-08-14,100.0
S2134,Term3,9,2024-08-21,100.0
S2134,Term3,10,2024-08-28,74.49611718890745
S2134,Term3,11,2024-09-04,85.87362153234771
S2134,Term3,12,2024-09-11,100.0
S2135,Term1,1,2024-01-10,99.79502304012979
S2135,Term1,2,2024-01-17,80.95908363942524
S2135,Term1,3,2024-01-24,94.77207777481448
S2135,Term1,4,2024-01-31,100.0
S2135,Term1,5,2024-02-07,86.26191978221455
S2135,Term1,6,2024-02-14,77.40822098271977
S2135,Term1,7,2024-02-21,87.06903822509679
S2135,Term1,8,2024-02-28,87.95862514596782
S2135,Term1,9,2024-03-06,78.70555913199883
S2135,Term1,10,2024-03-13,90.2995008137706
S2135,Term1,11,2024-03-20,69.94718728326998
S2135,Term1,12,2024-03-27,77.01359359589586
S2135,Term2,1,2024-04-03,94.09893731385758
S2135,Term2,2,2024-04-10,63.94154978149298
S2135,Term2,3,2024-04-17,95.83801110393732
S2135,Term2,4,2024-04-24,60.85622361153156
S2135,Term2,5,2024-05-01,64.22410505348422
S2135,Term2,6,2024-05-08,79.01225508332938
S2135,Term2,7,2024-05-15,88.44236611383221
S2135,Term2,8,2024-05-22,100.0
S2135,Term2,9,2024-05-29,85.69147315791514
S2135,Term2,10,2024-06-05,82.04135670908812
S2135,Term2,11,2024-06-12,91.95497497581765
S2135,Term2,12,2024-06-19,74.54921415438479
S2135,Term3,1,2024-06-26,86.67298191215687
S2135,Term3,2,2024-07-03,70.60664490453568
S2135,Term3,3,2024-07-10,85.99108620250496
S2135,Term3,4,2024-07-17,83.44196408980716
S2135,Term3,5,2024-07-24,75.348784942607
S2135,Term3,6,2024-07-31,86.98048763845287
S2135,Term3,7,2024-08-07,86.90259583791571
S2135,Term3,8,2024-08-14,99.10544814806961
S2135,Term3,9,2024-08-21,65.73239916324655
S2135,Term3,10,2024-08-28,84.08741310763548
S2135,Term3,11,2024-09-04,75.87685120355825
S2135,Term3,12,2024-09-11,95.4371446981155
S2136,Term1,1,2024-01-10,94.04694478230559
S2136,Term1,2,2024-01-17,91.09455814082345
S2136,Term1,3,2024-01-24,76.55400090316644
S2136,Term1,4,2024-01-31,95.62564699528114
S2136,Term1,5,2024-02-07,66.63842885508002
S2136,Term1,6,2024-02-14,64.17627155688675
S2136,Term1,7,2024-02-21,69.68954800117692
S2136,Term1,8,2024-02-28,84.59830227607713
S2136,Term1,9,2024-03-06,93.10197281185953
S2136,Term1,10,2024-03-13,49.28761031188571
S2136,Term1,11,2024-03-20,100.0
S2136,Term1,12,2024-03-27,86.57334635414121
S2136,Term2,1,2024-04-03,66.1867318289227
S2136,Term2,2,2024-04-10,86.21136364347497
S2136,Term2,3,2024-04-17,98.11030497614104
S2136,Term2,4,2024-04-24,92.19329218367511
S2136,Term2,5,2024-05-01,98.1888767506476
S2136,Term2,6,2024-05-08,68.60504044723467
S2136,Term2,7,2024-05-15,80.03193717833915
S2136,Term2,8,2024-05-22,73.90369323371762
S2136,Term2,9,2024-05-29,100.0
S2136,Term2,10,2024-06-05,92.67235412183956
S2136,Term2,11,2024-06-12,100.0
S2136,Term2,12,2024-06-19,79.38868559899328
S2136,Term3,1,2024-06-26,76.30390945981235
S2136,Term3,2,2024-07-03,83.28608033685819
S2136,Term3,3,2024-07-10,100.0
S2136,Term3,4,2024-07-17,80.60656372749582
S2136,Term3,5,2024-07-24,86.49325117488333
S2136,Term3,6,2024-07-31,86.16028843464183
S2136,Term3,7,2024-08-07,85.47396113442628
S2136,Term3,8,2024-08-14,77.17121847445027
S2136,Term3,9,2024-08-21,83.3525071850756
S2136,Term3,10,2024-08-28,82.8387687837837
S2136,Term3,11,2024-09-04,84.9092240839042
S2136,Term3,12,2024-09-11,96.32220181783251
S2137,Term1,1,2024-01-10,100.0
S2137,Term1,2,2024-01-17,74.91478284796352
S2137,Term1,3,2024-01-24,80.29607650254742
S2137,Term1,4,2024-01-31,75.09985721912577
S2137,Term1,5,2024-02-07,87.24521844666727
S2137,Term1,6,2024-02-14,78.53980650986827
S2137,Term1,7,2024-02-21,87.87756200490387
S2137,Term1,8,2024-02-28,98.24352292533744
S2137,Term1,9,2024-03-06,54.6900197703447
S2137,Term1,10,2024-03-13,90.90135867520829
S2137,Term1,11,2024-03-20,79.47775541322545
S2137,Term1,12,2024-03-27,90.52506721581267
S2137,Term2,1,2024-04-03,74.24236674699759
S2137,Term2,2,2024-04-10,99.3551318596825
S2137,Term2,3,2024-04-17,95.95936741648342
S2137,Term2,4,2024-04-24,91.82022578251171
S2137,Term2,5,2024-05-01,94.51870861372117
S2137,Term2,6,2024-05-08,76.05255439393392
S2137,Term2,7,2024-05-15,77.56451494372853
S2137,Term2,8,2024-05-22,94.02923440980975
S2137,Term2,9,2024-05-29,75.78725028677665
S2137,Term2,10,2024-06-05,100.0
S2137,Term2,11,2024-06-12,81.11690714462762
S2137,Term2,12,2024-06-19,91.02273267832746
S2137,Term3,1,2024-06-26,100.0
S2137,Term3,2,2024-07-03,76.52531975118308
S2137,Term3,3,2024-07-10,85.82514101013739
S2137,Term3,4,2024-07-17,97.65019797564769
S2137,Term3,5,2024-07-24,96.41532866651838
S2137,Term3,6,2024-07-31,81.06621627712771
S2137,Term3,7,2024-08-07,78.79923474973775
S2137,Term3,8,2024-08-14,82.20236880945937
S2137,Term3,9,2024-08-21,100.0
S2137,Term3,10,2024-08-28,81.65072972368064
S2137,Term3,11,2024-09-04,85.93738830980158
S2137,Term3,12,2024-09-11,79.8785623489189
S2138,Term1,1,2024-01-10,93.46658277755184
S2138,Term1,2,2024-01-17,86.86630045100388
S2138,Term1,3,2024-01-24,72.95879427090125
S2138,Term1,4,2024-01-31,73.37411063158007
S2138,Term1,5,2024-02-07,61.01673320133392
S2138,Term1,6,2024-02-14,75.0241430904926
S2138,Term1,7,2024-02-21,94.52734964358606
S2138,Term1,8,2024-02-28,100.0
S2138,Term1,9,2024-03-06,93.22670035860621
S2138,Term1,10,2024-03-13,91.65558640768818
S2138,Term1,11,2024-03-20,83.4816874056562
S2138,Term1,12,2024-03-27,94.29897465896784
S2138,Term2,1,2024-04-03,88.43533867698261
S2138,Term2,2,2024-04-10,100.0
S2138,Term2,3,2024-04-17,83.81865622987902
S2138,Term2,4,2024-04-24,100.0
S2138,Term2,5,2024-05-01,95.48936898181432
S2138,Term2,6,2024-05-08,93.82531943444991
S2138,Term2,7,2024-05-15,60.86210409445816
S2138,Term2,8,2024-05-22,96.15027473857253
S2138,Term2,9,2024-05-29,83.46990425309016
S2138,Term2,10,2024-06-05,79.6728820667813
S2138,Term2,11,2024-06-12,67.20504350586504
S2138,Term2,12,2024-06-19,84.9329543923818
S2138,Term3,1,2024-06-26,85.4026191618189
S2138,Term3,2,2024-07-03,69.36397693822235
S2138,Term3,3,2024-07-10,67.32063792527569
S2138,Term3,4,2024-07-17,90.83943376153734
S2138,Term3,5,2024-07-24,95.46046157273652
S2138,Term3,6,2024-07-31,87.28339491906907
S2138,Term3,7,2024-08-07,98.81001579621235
S2138,Term3,8,2024-08-14,83.96338018778202
S2138,Term3,9,2024-08-21,84.34778470719758
S2138,Term3,10,2024-08-28,73.99566365511052
S2138,Term3,11,2024-09-04,66.2770962693554
S2138,Term3,12,2024-09-11,100.0
S2139,Term1,1,2024-01-10,98.57558860299696
S2139,Term1,2,2024-01-17,68.28984919433826
S2139,Term1,3,2024-01-24,86.86902289397537
S2139,Term1,4,2024-01-31,83.799444266756
S2139,Term1,5,2024-02-07,81.71209032204348
S2139,Term1,6,2024-02-14,80.09178582622073
S2139,Term1,7,2024-02-21,89.57522976361575
S2139,Term1,8,2024-02-28,94.8181063056577
S2139,Term1,9,2024-03-06,89.82869402833846
S2139,Term1,10,2024-03-13,83.55377950744968
S2139,Term1,11,2024-03-20,83.11327939730656
S2139,Term1,12,2024-03-27,96.241771803072
S2139,Term2,1,2024-04-03,90.56133925739275
S2139,Term2,2,2024-04-10,85.8722735564252
S2139,Term2,3,2024-04-17,84.5691844287987
S2139,Term2,4,2024-04-24,89.14324611534747
S2139,Term2,5,2024-05-01,79.3798157372866
S2139,Term2,6,2024-05-08,94.85846580769852
S2139,Term2,7,2024-05-15,72.0896972579456
S2139,Term2,8,2024-05-22,80.06252188280222
S2139,Term2,9,2024-05-29,92.3332731453523
S2139,Term2,10,2024-06-05,71.40540623974871
S2139,Term2,11,2024-06-12,66.123897488206
S2139,Term2,12,2024-06-19,85.75693210515088
S2139,Term3,1,2024-06-26,64.64250214664236
S2139,Term3,2,2024-07-03,69.41435735137766
S2139,Term3,3,2024-07-10,94.07912942207719
S2139,Term3,4,2024-07-17,82.54257690873118
S2139,Term3,5,2024-07-24,100.0
S2139,Term3,6,2024-07-31,70.54222790875053
S2139,Term3,7,2024-08-07,83.87257161241259
S2139,Term3,8,2024-08-14,89.79501463849311
S2139,Term3,9,2024-08-21,70.9538208384531
S2139,Term3,10,2024-08-28,97.3811428539955
S2139,Term3,11,2024-09-04,91.12814659799247
S2139,Term3,12,2024-09-11,65.68855495975079
S2140,Term1,1,2024-01-10,84.5470984454968
S2140,Term1,2,2024-01-17,89.63148083510359
S2140,Term1,3,2024-01-24,77.91931991766332
S2140,Term1,4,2024-01-31,67.24162113389423
S2140,Term1,5,2024-02-07,88.34150547336893
S2140,Term1,6,2024-02-14,100.0
S2140,Term1,7,2024-02-21,80.35619081010772
S2140,Term1,8,2024-02-28,100.0
S2140,Term1,9,2024-03-06,75.97253413886239
S2140,Term1,10,2024-03-13,87.58654762011942
S2140,Term1,11,2024-03-20,94.25827037051343
S2140,Term1,12,2024-03-27,84.89903600834361
S2140,Term2,1,2024-04-03,81.42717221342522
S2140,Term2,2,2024-04-10,93.71353025620448
S2140,Term2,3,2024-04-17,100.0
S2140,Term2,4,2024-04-24,88.60704309566958
S2140,Term2,5,2024-05-01,78.80727788163583
S2140,Term2,6,2024-05-08,82.7229813128838
S2140,Term2,7,2024-05-15,100.0
S2140,Term2,8,2024-05-22,86.61888539605754
S2140,Term2,9,2024-05-29,77.86703561706433
S2140,Term2,10,2024-06-05,71.25918500220952
S2140,Term2,11,2024-06-12,63.08918687064873
S2140,Term2,12,2024-06-19,89.36301128615428
S2140,Term3,1,2024-06-26,92.85570391389405
S2140,Term3,2,2024-07-03,80.23964584041752
S2140,Term3,3,2024-07-10,84.82035498362855
S2140,Term3,4,2024-07-17,70.95445948853651
S2140,Term3,5,2024-07-24,86.59514157793001
S2140,Term3,6,2024-07-31,90.7779438468055
S2140,Term3,7,2024-08-07,78.57802879398835
S2140,Term3,8,2024-08-14,100.0
S2140,Term3,9,2024-08-21,74.95472407903706
S2140,Term3,10,2024-08-28,88.40171924822779
S2140,Term3,11,2024-09-04,95.17980663645527
S2140,Term3,12,2024-09-11,84.07252599820741
S2141,Term1,1,2024-01-10,82.73827817326611
S2141,Term1,2,2024-01-17,67.85360619460405
S2141,Term1,3,2024-01-24,100.0
S2141,Term1,4,2024-01-31,82.96128157998885
S2141,Term1,5,2024-02-07,91.4483850992179
S2141,Term1,6,2024-02-14,93.07264585432169
S2141,Term1,7,2024-02-21,77.46041809578696
S2141,Term1,8,2024-02-28,82.62965674850543
S2141,Term1,9,2024-03-06,100.0
S2141,Term1,10,2024-03-13,71.59362801111466
S2141,Term1,11,2024-03-20,100.0
S2141,Term1,12,2024-03-27,76.06152657668471
S2141,Term2,1,2024-04-03,70.84579052031386
S2141,Term2,2,2024-04-10,86.58770824826242
S2141,Term2,3,2024-04-17,100.0
S2141,Term2,4,2024-04-24,62.06840877289354
S2141,Term2,5,2024-05-01,83.30781137812369
S2141,Term2,6,2024-05-08,90.71518020707867
S2141,Term2,7,2024-05-15,85.40379950242638
S2141,Term2,8,2024-05-22,89.58306004003612
S2141,Term2,9,2024-05-29,76.38360301393271
S2141,Term2,10,2024-06-05,77.80333784882343
S2141,Term2,11,2024-06-12,83.2189282340896
S2141,Term2,12,2024-06-19,71.44134294516698
S2141,Term3,1,2024-06-26,84.46376318271773
S2141,Term3,2,2024-07-03,80.33505647594198
S2141,Term3,3,2024-07-10,79.35945777814158
S2141,Term3,4,2024-07-17,88.84607695118365
S2141,Term3,5,2024-07-24,63.15208608160835
S2141,Term3,6,2024-07-31,82.25091875940215
S2141,Term3,7,2024-08-07,100.0
S2141,Term3,8,2024-08-14,71.9666837640925
S2141,Term3,9,2024-08-21,100.0
S2141,Term3,10,2024-08-28,85.65587345095238
S2141,Term3,11,2024-09-04,77.76450629342298
S2141,Term3,12,2024-09-11,69.15230008564232
S2142,Term1,1,2024-01-10,86.67618358342278
S2142,Term1,2,2024-01-17,100.0
S2142,Term1,3,2024-01-24,80.32946625763884
S2142,Term1,4,2024-01-31,84.02846290315871
S2142,Term1,5,2024-02-07,97.12445020228398
S2142,Term1,6,2024-02-14,89.09044949615537
S2142,Term1,7,2024-02-21,66.13269064330505
S2142,Term1,8,2024-02-28,86.1866465902622
S2142,Term1,9,2024-03-06,100.0
S2142,Term1,10,2024-03-13,84.55670576239002
S2142,Term1,11,2024-03-20,52.102126846271474
S2142,Term1,12,2024-03-27,89.65857989909287
S2142,Term2,1,2024-04-03,82.61852272547156
S2142,Term2,2,2024-04-10,63.0508670329454
S2142,Term2,3,2024-04-17,64.84950291935459
S2142,Term2,4,2024-04-24,96.7012857194657
S2142,Term2,5,2024-05-01,76.21140705285904
S2142,Term2,6,2024-05-08,74.1100434311681
S2142,Term2,7,2024-05-15,84.57233726881998
S2142,Term2,8,2024-05-22,77.26956402016073
S2142,Term2,9,2024-05-29,86.20058353333295
S2142,Term2,10,2024-06-05,82.56735964675995
S2142,Term2,11,2024-06-12,70.60005303887628
S2142,Term2,12,2024-06-19,78.86562641726339
S2142,Term3,1,2024-06-26,90.31303985570925
S2142,Term3,2,2024-07-03,85.5030164828635
S2142,Term3,3,2024-07-10,84.01669021129803
S2142,Term3,4,2024-07-17,100.0
S2142,Term3,5,2024-07-24,93.77245030462643
S2142,Term3,6,2024-07-31,95.22929517785612
S2142,Term3,7,2024-08-07,83.00837910646091
S2142,Term3,8,2024-08-14,87.6417422842153
S2142,Term3,9,2024-08-21,79.82680012569169
S2142,Term3,10,2024-08-28,94.33059718628954
S2142,Term3,11,2024-09-04,83.67520115081147
S2142,Term3,12,2024-09-11,87.66853298716669
S2143,Term1,1,2024-01-10,86.92733562586201
S2143,Term1,2,2024-01-17,84.78199742313454
S2143,Term1,3,2024-01-24,100.0
S2143,Term1,4,2024-01-31,77.00056867006333
S2143,Term1,5,2024-02-07,76.89146163809569
S2143,Term1,6,2024-02-14,93.32916096174108
S2143,Term1,7,2024-02-21,77.85797201109784
S2143,Term1,8,2024-02-28,81.50312366381328
S2143,Term1,9,2024-03-06,71.96306855973259
S2143,Term1,10,2024-03-13,90.89869503283104
S2143,Term1,11,2024-03-20,91.05108693380981
S2143,Term1,12,2024-03-27,81.21769528091866
S2143,Term2,1,2024-04-03,93.57780026176087
S2143,Term2,2,2024-04-10,62.7024998351969
S2143,Term2,3,2024-04-17,76.51775918182787
S2143,Term2,4,2024-04-24,82.96024976546883
S2143,Term2,5,2024-05-01,70.93261003716457
S2143,Term2,6,2024-05-08,64.01544355097533
S2143,Term2,7,2024-05-15,81.30524841953863
S2143,Term2,8,2024-05-22,93.3282410447289
S2143,Term2,9,2024-05-29,100.0
S2143,Term2,10,2024-06-05,78.43254540153552
S2143,Term2,11,2024-06-12,93.79859005145912
S2143,Term2,12,2024-06-19,92.63850445690801
S2143,Term3,1,2024-06-26,99.62329809201395
S2143,Term3,2,2024-07-03,80.79770763575198
S2143,Term3,3,2024-07-10,63.417994057783915
S2143,Term3,4,2024-07-17,85.84223022907294
S2143,Term3,5,2024-07-24,72.83447510836332
S2143,Term3,6,2024-07-31,76.3179386912559
S2143,Term3,7,2024-08-07,81.38537027136181
S2143,Term3,8,2024-08-14,80.93286842381029
S2143,Term3,9,2024-08-21,86.69871120274954
S2143,Term3,10,2024-08-28,93.43787579703542
S2143,Term3,11,2024-09-04,80.58717300068841
S2143,Term3,12,2024-09-11,89.74837007929605
S2144,Term1,1,2024-01-10,85.17779211916607
S2144,Term1,2,2024-01-17,96.22593275054135
S2144,Term1,3,2024-01-24,82.7368977867242
S2144,Term1,4,2024-01-31,84.05287989070533
S2144,Term1,5,2024-02-07,80.50719462401312
S2144,Term1,6,2024-02-14,83.05301752049806
S2144,Term1,7,2024-02-21,75.59814245984951
S2144,Term1,8,2024-02-28,74.40883256627784
S2144,Term1,9,2024-03-06,94.3091846233927
S2144,Term1,10,2024-03-13,72.00157980178479
S2144,Term1,11,2024-03-20,81.17058292362516
S2144,Term1,12,2024-03-27,97.18411343525196
S2144,Term2,1,2024-04-03,80.76759045995672
S2144,Term2,2,2024-04-10,94.9448854442269
S2144,Term2,3,2024-04-17,77.9074513512779
S2144,Term2,4,2024-04-24,72.38603672379767
S2144,Term2,5,2024-05-01,65.86208974119015
S2144,Term2,6,2024-05-08,100.0
S2144,Term2,7,2024-05-15,71.35754582038702
S2144,Term2,8,2024-05-22,93.96623908150112
S2144,Term2,9,2024-05-29,73.00063567847941
S2144,Term2,10,2024-06-05,100.0
S2144,Term2,11,2024-06-12,100.0
S2144,Term2,12,2024-06-19,64.76163928371597
S2144,Term3,1,2024-06-26,71.98292279009424
S2144,Term3,2,2024-07-03,94.2775823656387
S2144,Term3,3,2024-07-10,91.15651508038978
S2144,Term3,4,2024-07-17,94.3230622571223
S2144,Term3,5,2024-07-24,78.11493339514749
S2144,Term3,6,2024-07-31,100.0
S2144,Term3,7,2024-08-07,86.4165936002773
S2144,Term3,8,2024-08-14,70.39644907787776
S2144,Term3,9,2024-08-21,81.96221799948466
S2144,Term3,10,2024-08-28,70.557197245254
S2144,Term3,11,2024-09-04,100.0
S2144,Term3,12,2024-09-11,77.07602484639861
S2145,Term1,1,2024-01-10,90.90980181693547
S2145,Term1,2,2024-01-17,79.35192226021384
S2145,Term1,3,2024-01-24,77.61535228284984
S2145,Term1,4,2024-01-31,62.07694982462739
S2145,Term1,5,2024-02-07,92.1780952358868
S2145,Term1,6,2024-02-14,100.0
S2145,Term1,7,2024-02-21,74.00838902361818
S2145,Term1,8,2024-02-28,66.45725062001594
S2145,Term1,9,2024-03-06,94.63979251285394
S2145,Term1,10,2024-03-13,65.24510381072498
S2145,Term1,11,2024-03-20,99.6343952313791
S2145,Term1,12,2024-03-27,74.14725852454455
S2145,Term2,1,2024-04-03,71.76048708610449
S2145,Term2,2,2024-04-10,87.98154905357549
S2145,Term2,3,2024-04-17,72.54232857986275
S2145,Term2,4,2024-04-24,76.51466702448148
S2145,Term2,5,2024-05-01,89.24778319205208
S2145,Term2,6,2024-05-08,55.85065195400025
S2145,Term2,7,2024-05-15,100.0
S2145,Term2,8,2024-05-22,85.52368158958886
S2145,Term2,9,2024-05-29,69.48440785115767
S2145,Term2,10,2024-06-05,72.7930555685579
S2145,Term2,11,2024-06-12,96.89975653912963
S2145,Term2,12,2024-06-19,92.21263522088924
S2145,Term3,1,2024-06-26,100.0
S2145,Term3,2,2024-07-03,76.80708586234918
S2145,Term3,3,2024-07-10,88.55900604580964
S2145,Term3,4,2024-07-17,90.11881494140412
S2145,Term3,5,2024-07-24,93.34321000302684
S2145,Term3,6,2024-07-31,98.52737348118484
S2145,Term3,7,2024-08-07,76.39283312986784
S2145,Term3,8,2024-08-14,83.62995678687423
S2145,Term3,9,2024-08-21,77.67820305303826
S2145,Term3,10,2024-08-28,84.3686575197235
S2145,Term3,11,2024-09-04,93.3811933847557
S2145,Term3,12,2024-09-11,65.15157399687158
S2146,Term1,1,2024-01-10,98.31245883351143
S2146,Term1,2,2024-01-17,71.329814508835
S2146,Term1,3,2024-01-24,81.31155616363323
S2146,Term1,4,2024-01-31,99.9273030995935
S2146,Term1,5,2024-02-07,88.93611661580087
S2146,Term1,6,2024-02-14,89.07435937916392
S2146,Term1,7,2024-02-21,70.83248745645867
S2146,Term1,8,2024-02-28,72.47096877011391
S2146,Term1,9,2024-03-06,96.29507676002703
S2146,Term1,10,2024-03-13,77.93027745418732
S2146,Term1,11,2024-03-20,79.0610575204018
S2146,Term1,12,2024-03-27,96.56741501265654
S2146,Term2,1,2024-04-03,72.40103745556567
S2146,Term2,2,2024-04-10,88.2308215946351
S2146,Term2,3,2024-04-17,85.51488791401229
S2146,Term2,4,2024-04-24,84.96777128964109
S2146,Term2,5,2024-05-01,78.77877241746995
S2146,Term2,6,2024-05-08,78.04173782244006
S2146,Term2,7,2024-05-15,72.05963003446162
S2146,Term2,8,2024-05-22,90.79198031249568
S2146,Term2,9,2024-05-29,76.98220970179916
S2146,Term2,10,2024-06-05,96.62493545400702
S2146,Term2,11,2024-06-12,82.30533950091217
S2146,Term2,12,2024-06-19,72.29859412694755
S2146,Term3,1,2024-06-26,82.14623341421895
S2146,Term3,2,2024-07-03,80.0697136103623
S2146,Term3,3,2024-07-10,97.10924094073663
S2146,Term3,4,2024-07-17,80.57199772898161
S2146,Term3,5,2024-07-24,81.6854754255961
S2146,Term3,6,2024-07-31,100.0
S2146,Term3,7,2024-08-07,91.09920785756019
S2146,Term3,8,2024-08-14,100.0
S2146,Term3,9,2024-08-21,100.0
S2146,Term3,10,2024-08-28,74.35404893964575
S2146,Term3,11,2024-09-04,96.87941025280129
S2146,Term3,12,2024-09-11,100.0
S2147,Term1,1,2024-01-10,100.0
S2147,Term1,2,2024-01-17,96.85715180292024
S2147,Term1,3,2024-01-24,96.6102759389101
S2147,Term1,4,2024-01-31,81.3680674758934
S2147,Term1,5,2024-02-07,74.95141498780511
S2147,Term1,6,2024-02-14,80.77339217323052
S2147,Term1,7,2024-02-21,65.02253198280684
S2147,Term1,8,2024-02-28,100.0
S2147,Term1,9,2024-03-06,81.60048448698745
S2147,Term1,10,2024-03-13,100.0
S2147,Term1,11,2024-03-20,70.22200507334081
S2147,Term1,12,2024-03-27,97.99149905202653
S2147,Term2,1,2024-04-03,79.06143210184817
S2147,Term2,2,2024-04-10,69.5875671002899
S2147,Term2,3,2024-04-17,100.0
S2147,Term2,4,2024-04-24,98.28774003208929
S2147,Term2,5,2024-05-01,87.5415090422294
S2147,Term2,6,2024-05-08,85.40725462161956
S2147,Term2,7,2024-05-15,90.27412022582942
S2147,Term2,8,2024-05-22,87.33554293500893
S2147,Term2,9,2024-05-29,75.49268854994234
S2147,Term2,10,2024-06-05,80.05537276258093
S2147,Term2,11,2024-06-12,100.0
S2147,Term2,12,2024-06-19,100.0
S2147,Term3,1,2024-06-26,100.0
S2147,Term3,2,2024-07-03,90.73868728195148
S2147,Term3,3,2024-07-10,80.94701160757678
S2147,Term3,4,2024-07-17,75.42176927323641
S2147,Term3,5,2024-07-24,76.21261107483757
S2147,Term3,6,2024-07-31,78.36078809575888
S2147,Term3,7,2024-08-07,100.0
S2147,Term3,8,2024-08-14,100.0
S2147,Term3,9,2024-08-21,93.95534067922472
S2147,Term3,10,2024-08-28,73.4726418830461
S2147,Term3,11,2024-09-04,95.71667112053244
S2147,Term3,12,2024-09-11,82.13659565787273
S2148,Term1,1,2024-01-10,59.16388673627054
S2148,Term1,2,2024-01-17,88.44520764881511
S2148,Term1,3,2024-01-24,74.89704350999133
S2148,Term1,4,2024-01-31,75.30335885091955
S2148,Term1,5,2024-02-07,81.99510407718391
S2148,Term1,6,2024-02-14,79.02012432469104
S2148,Term1,7,2024-02-21,84.58891817075191
S2148,Term1,8,2024-02-28,84.01203339979354
S2148,Term1,9,2024-03-06,62.49029088582842
S2148,Term1,10,2024-03-13,100.0
S2148,Term1,11,2024-03-20,73.19947932461584
S2148,Term1,12,2024-03-27,73.57121937843432
S2148,Term2,1,2024-04-03,81.05736097851643
S2148,Term2,2,2024-04-10,83.69998183156846
S2148,Term2,3,2024-04-17,100.0
S2148,Term2,4,2024-04-24,88.23308142465882
S2148,Term2,5,2024-05-01,91.79758580931441
S2148,Term2,6,2024-05-08,88.29443425099939
S2148,Term2,7,2024-05-15,87.77753898998527
S2148,Term2,8,2024-05-22,88.7167540370441
S2148,Term2,9,2024-05-29,61.80719028917274
S2148,Term2,10,2024-06-05,82.00097818192566
S2148,Term2,11,2024-06-12,98.94713332685389
S2148,Term2,12,2024-06-19,100.0
S2148,Term3,1,2024-06-26,70.54829280952588
S2148,Term3,2,2024-07-03,90.07695952389223
S2148,Term3,3,2024-07-10,78.1474410655079
S2148,Term3,4,2024-07-17,100.0
S2148,Term3,5,2024-07-24,68.75460687050222
S2148,Term3,6,2024-07-31,92.49927388379055
S2148,Term3,7,2024-08-07,68.11346680594971
S2148,Term3,8,2024-08-14,81.17719998327001
S2148,Term3,9,2024-08-21,84.58824003100229
S2148,Term3,10,2024-08-28,97.8363001808753
S2148,Term3,11,2024-09-04,72.07399808609766
S2148,Term3,12,2024-09-11,92.96059658616862
S2149,Term1,1,2024-01-10,85.22533268065537
S2149,Term1,2,2024-01-17,88.27352063543175
S2149,Term1,3,2024-01-24,96.4999925762217
S2149,Term1,4,2024-01-31,69.60931968393655
S2149,Term1,5,2024-02-07,94.7271396777831
S2149,Term1,6,2024-02-14,78.1731417629269
S2149,Term1,7,2024-02-21,98.1504814597219
S2149,Term1,8,2024-02-28,89.01469161445456
S2149,Term1,9,2024-03-06,82.48565942179533
S2149,Term1,10,2024-03-13,77.91968837091014
S2149,Term1,11,2024-03-20,94.87953993226397
S2149,Term1,12,2024-03-27,100.0
S2149,Term2,1,2024-04-03,78.60578150967778
S2149,Term2,2,2024-04-10,71.40392121062324
S2149,Term2,3,2024-04-17,93.33053251534271
S2149,Term2,4,2024-04-24,67.6176286955956
S2149,Term2,5,2024-05-01,69.33385074900434
S2149,Term2,6,2024-05-08,72.24759669366522
S2149,Term2,7,2024-05-15,80.01459420353501
S2149,Term2,8,2024-05-22,68.96401732941466
S2149,Term2,9,2024-05-29,61.73440108742106
S2149,Term2,10,2024-06-05,71.37466966795452
S2149,Term2,11,2024-06-12,92.70969335887142
S2149,Term2,12,2024-06-19,69.74147113447879
S2149,Term3,1,2024-06-26,80.91676386454996
S2149,Term3,2,2024-07-03,100.0
S2149,Term3,3,2024-07-10,84.40991043967492
S2149,Term3,4,2024-07-17,89.11037187675512
S2149,Term3,5,2024-07-24,73.64751978098136
S2149,Term3,6,2024-07-31,100.0
S2149,Term3,7,2024-08-07,78.50446613033886
S2149,Term3,8,2024-08-14,82.2627437865818
S2149,Term3,9,2024-08-21,100.0
S2149,Term3,10,2024-08-28,82.81918906175657
S2149,Term3,11,2024-09-04,85.57466539210257
S2149,Term3,12,2024-09-11,81.61974015053045
S2150,Term1,1,2024-01-10,81.70201146331327
S2150,Term1,2,2024-01-17,89.4460241299371
S2150,Term1,3,2024-01-24,91.63531827037727
S2150,Term1,4,2024-01-31,77.2810188254492
S2150,Term1,5,2024-02-07,75.80703452623685
S2150,Term1,6,2024-02-14,77.69036693370924
S2150,Term1,7,2024-02-21,68.18495182960278
S2150,Term1,8,2024-02-28,65.91483689776842
S2150,Term1,9,2024-03-06,88.5660057666989
S2150,Term1,10,2024-03-13,96.26314963810134
S2150,Term1,11,2024-03-20,95.45254351774261
S2150,Term1,12,2024-03-27,56.4161047223601
S2150,Term2,1,2024-04-03,82.05921895548087
S2150,Term2,2,2024-04-10,71.77489653288929
S2150,Term2,3,2024-04-17,86.72484925385028
S2150,Term2,4,2024-04-24,79.98611777428742
S2150,Term2,5,2024-05-01,92.10294287493505
S2150,Term2,6,2024-05-08,84.7701629151839
S2150,Term2,7,2024-05-15,62.24797726098533
S2150,Term2,8,2024-05-22,73.39496952640552
S2150,Term2,9,2024-05-29,85.06942137791984
S2150,Term2,10,2024-06-05,86.08132515077304
S2150,Term2,11,2024-06-12,68.13187830755197
S2150,Term2,12,2024-06-19,66.56248355744654
S2150,Term3,1,2024-06-26,85.67494405087815
S2150,Term3,2,2024-07-03,68.15599232739368
S2150,Term3,3,2024-07-10,64.97644688199057
S2150,Term3,4,2024-07-17,79.6583138484239
S2150,Term3,5,2024-07-24,79.13864690393619
S2150,Term3,6,2024-07-31,74.45919427192838
S2150,Term3,7,2024-08-07,76.55515651930045
S2150,Term3,8,2024-08-14,85.16602867866874
S2150,Term3,9,2024-08-21,76.35804515584216
S2150,Term3,10,2024-08-28,85.84836425997807
S2150,Term3,11,2024-09-04,80.43437756659199
S2150,Term3,12,2024-09-11,87.01180186463986
S2151,Term1,1,2024-01-10,95.53846678523973
S2151,Term1,2,2024-01-17,95.07097414468714
S2151,Term1,3,2024-01-24,100.0
S2151,Term1,4,2024-01-31,95.05776276276592
S2151,Term1,5,2024-02-07,87.86269037850165
S2151,Term1,6,2024-02-14,79.79882034831826
S2151,Term1,7,2024-02-21,80.3468689262053
S2151,Term1,8,2024-02-28,74.46667232277028
S2151,Term1,9,2024-03-06,85.0543514926187
S2151,Term1,10,2024-03-13,93.36864974454322
S2151,Term1,11,2024-03-20,76.29198876540376
S2151,Term1,12,2024-03-27,84.55338569603471
S2151,Term2,1,2024-04-03,76.87165325533877
S2151,Term2,2,2024-04-10,87.51225196225138
S2151,Term2,3,2024-04-17,78.4073993926006
S2151,Term2,4,2024-04-24,76.12587314447137
S2151,Term2,5,2024-05-01,76.84039966081569
S2151,Term2,6,2024-05-08,91.0399452861468
S2151,Term2,7,2024-05-15,83.83900713603575
S2151,Term2,8,2024-05-22,79.85893923999957
S2151,Term2,9,2024-05-29,88.13685403056652
S2151,Term2,10,2024-06-05,80.0258053903882
S2151,Term2,11,2024-06-12,98.51821472422844
S2151,Term2,12,2024-06-19,73.31360615568092
S2151,Term3,1,2024-06-26,82.75634184619263
S2151,Term3,2,2024-07-03,68.14281733999599
S2151,Term3,3,2024-07-10,80.83750729731888
S2151,Term3,4,2024-07-17,64.84437402752044
S2151,Term3,5,2024-07-24,93.95579827070952
S2151,Term3,6,2024-07-31,94.19804520406694
S2151,Term3,7,2024-08-07,94.41004208469371
S2151,Term3,8,2024-08-14,85.34646976209362
S2151,Term3,9,2024-08-21,74.4415551434789
S2151,Term3,10,2024-08-28,75.3959124155686
S2151,Term3,11,2024-09-04,100.0
S2151,Term3,12,2024-09-11,100.0
S2152,Term1,1,2024-01-10,86.47066188340926
S2152,Term1,2,2024-01-17,78.81239159103608
S2152,Term1,3,2024-01-24,100.0
S2152,Term1,4,2024-01-31,76.66596206338228
S2152,Term1,5,2024-02-07,87.74619049715089
S2152,Term1,6,2024-02-14,100.0
S2152,Term1,7,2024-02-21,74.96393800402447
S2152,Term1,8,2024-02-28,94.95068302764534
S2152,Term1,9,2024-03-06,91.24672955012643
S2152,Term1,10,2024-03-13,84.52580149322127
S2152,Term1,11,2024-03-20,73.07879681040261
S2152,Term1,12,2024-03-27,76.3067228787607
S2152,Term2,1,2024-04-03,88.47341287420791
S2152,Term2,2,2024-04-10,67.91995846142336
S2152,Term2,3,2024-04-17,86.56892630821899
S2152,Term2,4,2024-04-24,91.49261180873995
S2152,Term2,5,2024-05-01,96.8226420737092
S2152,Term2,6,2024-05-08,68.21971510647734
S2152,Term2,7,2024-05-15,100.0
S2152,Term2,8,2024-05-22,100.0
S2152,Term2,9,2024-05-29,89.92181881256313
S2152,Term2,10,2024-06-05,72.54341702290407
S2152,Term2,11,2024-06-12,81.06268853967711
S2152,Term2,12,2024-06-19,84.42883305857792
S2152,Term3,1,2024-06-26,88.24556210476668
S2152,Term3,2,2024-07-03,85.26377863172323
S2152,Term3,3,2024-07-10,88.37398171473541
S2152,Term3,4,2024-07-17,83.91103891193053
S2152,Term3,5,2024-07-24,88.18128513414692
S2152,Term3,6,2024-07-31,79.47371894606424
S2152,Term3,7,2024-08-07,80.94175939621037
S2152,Term3,8,2024-08-14,78.08769795427999
S2152,Term3,9,2024-08-21,100.0
S2152,Term3,10,2024-08-28,100.0
S2152,Term3,11,2024-09-04,91.66353028016339
S2152,Term3,12,2024-09-11,100.0
S2153,Term1,1,2024-01-10,94.58153606773459
S2153,Term1,2,2024-01-17,87.17525391416866
S2153,Term1,3,2024-01-24,66.93314390776379
S2153,Term1,4,2024-01-31,81.85403295849832
S2153,Term1,5,2024-02-07,80.97954529577977
S2153,Term1,6,2024-02-14,71.40309792289412
S2153,Term1,7,2024-02-21,67.16605270472061
S2153,Term1,8,2024-02-28,90.9126321588043
S2153,Term1,9,2024-03-06,88.89405186844975
S2153,Term1,10,2024-03-13,70.99123623918865
S2153,Term1,11,2024-03-20,76.04945792276573
S2153,Term1,12,2024-03-27,98.93466727784997
S2153,Term2,1,2024-04-03,74.46764183780127
S2153,Term2,2,2024-04-10,87.04958684720563
S2153,Term2,3,2024-04-17,82.72266040518423
S2153,Term2,4,2024-04-24,91.07636165274475
S2153,Term2,5,2024-05-01,74.72670816812284
S2153,Term2,6,2024-05-08,86.08100173048129
S2153,Term2,7,2024-05-15,87.02467092815053
S2153,Term2,8,2024-05-22,87.76216967475064
S2153,Term2,9,2024-05-29,85.94888629555136
S2153,Term2,10,2024-06-05,89.13531184712932
S2153,Term2,11,2024-06-12,100.0
S2153,Term2,12,2024-06-19,100.0
S2153,Term3,1,2024-06-26,77.32940631055934
S2153,Term3,2,2024-07-03,57.181084235770015
S2153,Term3,3,2024-07-10,92.14594360866369
S2153,Term3,4,2024-07-17,87.2350295188152
S2153,Term3,5,2024-07-24,97.73250231020296
S2153,Term3,6,2024-07-31,88.41863079658381
S2153,Term3,7,2024-08-07,85.70324727430862
S2153,Term3,8,2024-08-14,98.54687915052668
S2153,Term3,9,2024-08-21,100.0
S2153,Term3,10,2024-08-28,68.36127929462802
S2153,Term3,11,2024-09-04,75.20072575432499
S2153,Term3,12,2024-09-11,83.73288448853586
S2154,Term1,1,2024-01-10,86.18125148709501
S2154,Term1,2,2024-01-17,82.28820155977301
S2154,Term1,3,2024-01-24,90.21048613434263
S2154,Term1,4,2024-01-31,96.9532574718052
S2154,Term1,5,2024-02-07,100.0
S2154,Term1,6,2024-02-14,91.9469562852748
S2154,Term1,7,2024-02-21,74.77199585856269
S2154,Term1,8,2024-02-28,83.23148529762618
S2154,Term1,9,2024-03-06,84.09577310488531
S2154,Term1,10,2024-03-13,91.17568287977392
S2154,Term1,11,2024-03-20,89.6580164012073
S2154,Term1,12,2024-03-27,100.0
S2154,Term2,1,2024-04-03,79.46184237694109
S2154,Term2,2,2024-04-10,89.61700640520164
S2154,Term2,3,2024-04-17,100.0
S2154,Term2,4,2024-04-24,77.97751723715679
S2154,Term2,5,2024-05-01,86.74178435404426
S2154,Term2,6,2024-05-08,73.66143398651181
S2154,Term2,7,2024-05-15,85.98504279552918
S2154,Term2,8,2024-05-22,75.6373942223483
S2154,Term2,9,2024-05-29,97.56161084189615
S2154,Term2,10,2024-06-05,86.76782630837674
S2154,Term2,11,2024-06-12,73.77523288021249
S2154,Term2,12,2024-06-19,95.08681237350007
S2154,Term3,1,2024-06-26,87.15599246645905
S2154,Term3,2,2024-07-03,96.43382532668146
S2154,Term3,3,2024-07-10,71.22804846462702
S2154,Term3,4,2024-07-17,89.42589294698394
S2154,Term3,5,2024-07-24,94.2801003357365
S2154,Term3,6,2024-07-31,79.91947011717116
S2154,Term3,7,2024-08-07,69.89196727638219
S2154,Term3,8,2024-08-14,84.50071005555527
S2154,Term3,9,2024-08-21,99.73738352537114
S2154,Term3,10,2024-08-28,98.51116396760868
S2154,Term3,11,2024-09-04,79.85885878293308
S2154,Term3,12,2024-09-11,69.60297476348269
S2155,Term1,1,2024-01-10,79.82584335580513
S2155,Term1,2,2024-01-17,79.37826819121705
S2155,Term1,3,2024-01-24,90.35736139965732
S2155,Term1,4,2024-01-31,83.73998196515055
S2155,Term1,5,2024-02-07,75.9608294591543
S2155,Term1,6,2024-02-14,98.25115680712801
S2155,Term1,7,2024-02-21,86.68511040933801
S2155,Term1,8,2024-02-28,90.22498783277129
S2155,Term1,9,2024-03-06,64.30017479042479
S2155,Term1,10,2024-03-13,55.90882155163257
S2155,Term1,11,2024-03-20,67.7494506226671
S2155,Term1,12,2024-03-27,79.2334788927187
S2155,Term2,1,2024-04-03,91.91627221136571
S2155,Term2,2,2024-04-10,56.89303755511242
S2155,Term2,3,2024-04-17,100.0
S2155,Term2,4,2024-04-24,87.04679232124151
S2155,Term2,5,2024-05-01,100.0
S2155,Term2,6,2024-05-08,74.36835901031046
S2155,Term2,7,2024-05-15,91.0463192100699
S2155,Term2,8,2024-05-22,86.02235115964945
S2155,Term2,9,2024-05-29,94.81223575665464
S2155,Term2,10,2024-06-05,82.1945035888034
S2155,Term2,11,2024-06-12,90.67858250809107
S2155,Term2,12,2024-06-19,98.2263438252544
S2155,Term3,1,2024-06-26,77.1858844732987
S2155,Term3,2,2024-07-03,87.9069307898758
S2155,Term3,3,2024-07-10,62.345653153331824
S2155,Term3,4,2024-07-17,93.43003622876029
S2155,Term3,5,2024-07-24,100.0
S2155,Term3,6,2024-07-31,70.06676742701566
S2155,Term3,7,2024-08-07,83.90342487486468
S2155,Term3,8,2024-08-14,95.56577561096937
S2155,Term3,9,2024-08-21,85.37700968159861
S2155,Term3,10,2024-08-28,86.9811946179187
S2155,Term3,11,2024-09-04,80.30800670171634
S2155,Term3,12,2024-09-11,79.86217296294502
S2156,Term1,1,2024-01-10,83.95967015697546
S2156,Term1,2,2024-01-17,85.50005706567227
S2156,Term1,3,2024-01-24,70.82270486107228
S2156,Term1,4,2024-01-31,84.20773616864766
S2156,Term1,5,2024-02-07,100.0
S2156,Term1,6,2024-02-14,79.97039447693314
S2156,Term1,7,2024-02-21,70.15294020550446
S2156,Term1,8,2024-02-28,83.18300718416288
S2156,Term1,9,2024-03-06,76.42464625450845
S2156,Term1,10,2024-03-13,68.93989809613673
S2156,Term1,11,2024-03-20,86.67002154079145
S2156,Term1,12,2024-03-27,76.47661555418706
S2156,Term2,1,2024-04-03,77.5034299977607
S2156,Term2,2,2024-04-10,86.84112856462467
S2156,Term2,3,2024-04-17,66.60190485565198
S2156,Term2,4,2024-04-24,64.1011641969865
S2156,Term2,5,2024-05-01,93.05046633402318
S2156,Term2,6,2024-05-08,61.829996791311004
S2156,Term2,7,2024-05-15,73.27986765631175
S2156,Term2,8,2024-05-22,63.40192557533875
S2156,Term2,9,2024-05-29,79.16636239781401
S2156,Term2,10,2024-06-05,90.13670497181398
S2156,Term2,11,2024-06-12,86.34805538478852
S2156,Term2,12,2024-06-19,100.0
S2156,Term3,1,2024-06-26,98.04298741346801
S2156,Term3,2,2024-07-03,73.82610579812078
S2156,Term3,3,2024-07-10,70.63533994208308
S2156,Term3,4,2024-07-17,100.0
S2156,Term3,5,2024-07-24,97.75086406880035
S2156,Term3,6,2024-07-31,92.07243528723487
S2156,Term3,7,2024-08-07,85.89822174658741
S2156,Term3,8,2024-08-14,88.28225880970021
S2156,Term3,9,2024-08-21,67.21512069421088
S2156,Term3,10,2024-08-28,86.88447004236122
S2156,Term3,11,2024-09-04,85.85477676950818
S2156,Term3,12,2024-09-11,74.15033388278223
S2157,Term1,1,2024-01-10,78.53768255717826
S2157,Term1,2,2024-01-17,100.0
S2157,Term1,3,2024-01-24,83.49790095646165
S2157,Term1,4,2024-01-31,100.0
S2157,Term1,5,2024-02-07,64.1118467621514
S2157,Term1,6,2024-02-14,78.73443776529103
S2157,Term1,7,2024-02-21,66.43265738503698
S2157,Term1,8,2024-02-28,70.48693055329798
S2157,Term1,9,2024-03-06,75.06153153208844
S2157,Term1,10,2024-03-13,88.78371552124709
S2157,Term1,11,2024-03-20,88.20191405296464
S2157,Term1,12,2024-03-27,76.84851616446873
S2157,Term2,1,2024-04-03,58.266405311961016
S2157,Term2,2,2024-04-10,100.0
S2157,Term2,3,2024-04-17,81.57082340756372
S2157,Term2,4,2024-04-24,71.60451795638633
S2157,Term2,5,2024-05-01,88.29916937284105
S2157,Term2,6,2024-05-08,87.4533420462781
S2157,Term2,7,2024-05-15,81.12788242000042
S2157,Term2,8,2024-05-22,86.78237218769806
S2157,Term2,9,2024-05-29,71.13964191510378
S2157,Term2,10,2024-06-05,94.1189541181178
S2157,Term2,11,2024-06-12,73.03759486291756
S2157,Term2,12,2024-06-19,77.73316413635882
S2157,Term3,1,2024-06-26,92.7856217938189
S2157,Term3,2,2024-07-03,99.4475075801228
S2157,Term3,3,2024-07-10,100.0
S2157,Term3,4,2024-07-17,97.66957886159886
S2157,Term3,5,2024-07-24,81.11113379437862
S2157,Term3,6,2024-07-31,66.50760317079445
S2157,Term3,7,2024-08-07,100.0
S2157,Term3,8,2024-08-14,100.0
S2157,Term3,9,2024-08-21,76.93628615975805
S2157,Term3,10,2024-08-28,96.05426845389472
S2157,Term3,11,2024-09-04,81.01386647283114
S2157,Term3,12,2024-09-11,100.0
S2158,Term1,1,2024-01-10,78.82162405115461
S2158,Term1,2,2024-01-17,100.0
S2158,Term1,3,2024-01-24,94.43344657117895
S2158,Term1,4,2024-01-31,100.0
S2158,Term1,5,2024-02-07,79.43443276420145
S2158,Term1,6,2024-02-14,89.86035525333031
S2158,Term1,7,2024-02-21,73.36864961986761
S2158,Term1,8,2024-02-28,95.12787102543035
S2158,Term1,9,2024-03-06,95.78849839404549
S2158,Term1,10,2024-03-13,100.0
S2158,Term1,11,2024-03-20,90.78447756663579
S2158,Term1,12,2024-03-27,93.68913043007312
S2158,Term2,1,2024-04-03,79.35003548195462
S2158,Term2,2,2024-04-10,91.49655247162286
S2158,Term2,3,2024-04-17,80.44130549574899
S2158,Term2,4,2024-04-24,86.390329106104
S2158,Term2,5,2024-05-01,87.09418793854954
S2158,Term2,6,2024-05-08,80.77234151980996
S2158,Term2,7,2024-05-15,85.75534115850392
S2158,Term2,8,2024-05-22,80.49645796343896
S2158,Term2,9,2024-05-29,80.44322649959393
S2158,Term2,10,2024-06-05,97.91997581802725
S2158,Term2,11,2024-06-12,87.10496370191693
S2158,Term2,12,2024-06-19,89.16479526640333
S2158,Term3,1,2024-06-26,67.51234277217357
S2158,Term3,2,2024-07-03,90.08149998196468
S2158,Term3,3,2024-07-10,91.36508156770286
S2158,Term3,4,2024-07-17,80.21993652773497
S2158,Term3,5,2024-07-24,100.0
S2158,Term3,6,2024-07-31,57.52927282979122
S2158,Term3,7,2024-08-07,94.41240562924655
S2158,Term3,8,2024-08-14,93.55365765945834
S2158,Term3,9,2024-08-21,91.49899518399295
S2158,Term3,10,2024-08-28,87.11455246766347
S2158,Term3,11,2024-09-04,91.60815187150045
S2158,Term3,12,2024-09-11,95.41810575467073
S2159,Term1,1,2024-01-10,76.28934899401607
S2159,Term1,2,2024-01-17,88.59034746616108
S2159,Term1,3,2024-01-24,82.80019789572036
S2159,Term1,4,2024-01-31,71.87477919729389
S2159,Term1,5,2024-02-07,93.60603969535947
S2159,Term1,6,2024-02-14,78.2276749037916
S2159,Term1,7,2024-02-21,67.02569590264639
S2159,Term1,8,2024-02-28,78.53067207158021
S2159,Term1,9,2024-03-06,75.41321322288243
S2159,Term1,10,2024-03-13,97.34174811028133
S2159,Term1,11,2024-03-20,86.83831768669693
S2159,Term1,12,2024-03-27,100.0
S2159,Term2,1,2024-04-03,77.00132522520344
S2159,Term2,2,2024-04-10,95.490038462758
S2159,Term2,3,2024-04-17,100.0
S2159,Term2,4,2024-04-24,89.27238960552569
S2159,Term2,5,2024-05-01,95.33978634787783
S2159,Term2,6,2024-05-08,93.32221197070487
S2159,Term2,7,2024-05-15,67.93509607089008
S2159,Term2,8,2024-05-22,92.0298075696094
S2159,Term2,9,2024-05-29,88.67747584779482
S2159,Term2,10,2024-06-05,81.88303139922029
S2159,Term2,11,2024-06-12,74.39156350954143
S2159,Term2,12,2024-06-19,93.32779888392444
S2159,Term3,1,2024-06-26,73.33115512467255
S2159,Term3,2,2024-07-03,100.0
S2159,Term3,3,2024-07-10,86.37002900185755
S2159,Term3,4,2024-07-17,70.32031542656196
S2159,Term3,5,2024-07-24,78.83204466005994
S2159,Term3,6,2024-07-31,81.6623879405222
S2159,Term3,7,2024-08-07,100.0
S2159,Term3,8,2024-08-14,74.38493263828605
S2159,Term3,9,2024-08-21,83.60539284098336
S2159,Term3,10,2024-08-28,78.54605956161973
S2159,Term3,11,2024-09-04,90.99110182697997
S2159,Term3,12,2024-09-11,78.73739903553947
S2160,Term1,1,2024-01-10,71.33132000632348
S2160,Term1,2,2024-01-17,82.65646504244562
S2160,Term1,3,2024-01-24,81.40727388001308
S2160,Term1,4,2024-01-31,77.89306746851184
S2160,Term1,5,2024-02-07,78.53427569323459
S2160,Term1,6,2024-02-14,99.21634957457204
S2160,Term1,7,2024-02-21,81.16311742878995
S2160,Term1,8,2024-02-28,71.3904680502588
S2160,Term1,9,2024-03-06,79.45460843440172
S2160,Term1,10,2024-03-13,85.65202791358472
S2160,Term1,11,2024-03-20,68.96476436138374
S2160,Term1,12,2024-03-27,100.0
S2160,Term2,1,2024-04-03,95.41095373007526
S2160,Term2,2,2024-04-10,100.0
S2160,Term2,3,2024-04-17,89.70553750585219
S2160,Term2,4,2024-04-24,59.875630598438796
S2160,Term2,5,2024-05-01,100.0
S2160,Term2,6,2024-05-08,74.63717968348129
S2160,Term2,7,2024-05-15,75.61375907197481
S2160,Term2,8,2024-05-22,86.87590172746532
S2160,Term2,9,2024-05-29,100.0
S2160,Term2,10,2024-06-05,97.6394456074288
S2160,Term2,11,2024-06-12,95.87537344211225
S2160,Term2,12,2024-06-19,81.25807536550536
S2160,Term3,1,2024-06-26,81.06870968689466
S2160,Term3,2,2024-07-03,89.15132401576079
S2160,Term3,3,2024-07-10,83.43914990459761
S2160,Term3,4,2024-07-17,95.67181488795224
S2160,Term3,5,2024-07-24,94.96141197394272
S2160,Term3,6,2024-07-31,92.09609585407247
S2160,Term3,7,2024-08-07,54.688464618767455
S2160,Term3,8,2024-08-14,86.53586036412717
S2160,Term3,9,2024-08-21,83.69375343120758
S2160,Term3,10,2024-08-28,87.01630722111437
S2160,Term3,11,2024-09-04,75.94810433744311
S2160,Term3,12,2024-09-11,69.1025690752093
S2161,Term1,1,2024-01-10,90.55766175970048
S2161,Term1,2,2024-01-17,80.72438418721526
S2161,Term1,3,2024-01-24,91.89631592449119
S2161,Term1,4,2024-01-31,76.94902746778274
S2161,Term1,5,2024-02-07,100.0
S2161,Term1,6,2024-02-14,97.01277811084915
S2161,Term1,7,2024-02-21,88.56192530255056
S2161,Term1,8,2024-02-28,82.44053903936863
S2161,Term1,9,2024-03-06,95.22890653357837
S2161,Term1,10,2024-03-13,89.71057378284887
S2161,Term1,11,2024-03-20,87.86301025516725
S2161,Term1,12,2024-03-27,97.51438491471531
S2161,Term2,1,2024-04-03,100.0
S2161,Term2,2,2024-04-10,69.97106578617347
S2161,Term2,3,2024-04-17,72.39539071180232
S2161,Term2,4,2024-04-24,75.63687129425442
S2161,Term2,5,2024-05-01,66.97090482827738
S2161,Term2,6,2024-05-08,84.24701769317019
S2161,Term2,7,2024-05-15,92.20139746293407
S2161,Term2,8,2024-05-22,84.74298046057196
S2161,Term2,9,2024-05-29,78.59054030064524
S2161,Term2,10,2024-06-05,98.5174930855499
S2161,Term2,11,2024-06-12,86.68667683848099
S2161,Term2,12,2024-06-19,89.11579560839581
S2161,Term3,1,2024-06-26,98.85081765879713
S2161,Term3,2,2024-07-03,83.5210967337864
S2161,Term3,3,2024-07-10,100.0
S2161,Term3,4,2024-07-17,79.62621995353881
S2161,Term3,5,2024-07-24,100.0
S2161,Term3,6,2024-07-31,73.30317781705095
S2161,Term3,7,2024-08-07,91.2098188345653
S2161,Term3,8,2024-08-14,77.28961397432515
S2161,Term3,9,2024-08-21,98.43479340377311
S2161,Term3,10,2024-08-28,79.26120870569886
S2161,Term3,11,2024-09-04,88.49045428772904
S2161,Term3,12,2024-09-11,77.19349604750117
S2162,Term1,1,2024-01-10,96.24670208399937
S2162,Term1,2,2024-01-17,77.13098487233033
S2162,Term1,3,2024-01-24,100.0
S2162,Term1,4,2024-01-31,73.04803471646332
S2162,Term1,5,2024-02-07,68.85246498006224
S2162,Term1,6,2024-02-14,96.41862493694903
S2162,Term1,7,2024-02-21,77.90027631683773
S2162,Term1,8,2024-02-28,84.91315223860558
S2162,Term1,9,2024-03-06,81.13310615397135
S2162,Term1,10,2024-03-13,69.24870079416772
S2162,Term1,11,2024-03-20,84.07607603033995
S2162,Term1,12,2024-03-27,100.0
S2162,Term2,1,2024-04-03,97.03764403966679
S2162,Term2,2,2024-04-10,87.78151315151109
S2162,Term2,3,2024-04-17,98.34721951642129
S2162,Term2,4,2024-04-24,72.28577698366988
S2162,Term2,5,2024-05-01,81.09454805313993
S2162,Term2,6,2024-05-08,89.7496592887625
S2162,Term2,7,2024-05-15,83.43502207819466
S2162,Term2,8,2024-05-22,82.03812003428132
S2162,Term2,9,2024-05-29,70.59227521214686
S2162,Term2,10,2024-06-05,60.02390333628746
S2162,Term2,11,2024-06-12,94.81439709939563
S2162,Term2,12,2024-06-19,87.91865887902671
S2162,Term3,1,2024-06-26,95.82398053852111
S2162,Term3,2,2024-07-03,79.75316869409951
S2162,Term3,3,2024-07-10,76.44666538206887
S2162,Term3,4,2024-07-17,85.0785755996396
S2162,Term3,5,2024-07-24,95.2503957833538
S2162,Term3,6,2024-07-31,82.22257342014815
S2162,Term3,7,2024-08-07,94.62142221194183
S2162,Term3,8,2024-08-14,72.92430393288296
S2162,Term3,9,2024-08-21,83.06263440196159
S2162,Term3,10,2024-08-28,84.15863027106363
S2162,Term3,11,2024-09-04,99.71667932706303
S2162,Term3,12,2024-09-11,87.4915287761909
S2163,Term1,1,2024-01-10,100.0
S2163,Term1,2,2024-01-17,68.82778240063021
S2163,Term1,3,2024-01-24,86.55902685293536
S2163,Term1,4,2024-01-31,87.15277647016535
S2163,Term1,5,2024-02-07,92.4411183710424
S2163,Term1,6,2024-02-14,75.2396807626133
S2163,Term1,7,2024-02-21,100.0
S2163,Term1,8,2024-02-28,85.15556729766111
S2163,Term1,9,2024-03-06,71.95518984478099
S2163,Term1,10,2024-03-13,84.80770011503658
S2163,Term1,11,2024-03-20,81.24206172543863
S2163,Term1,12,2024-03-27,100.0
S2163,Term2,1,2024-04-03,97.59932319430015
S2163,Term2,2,2024-04-10,85.5959362684986
S2163,Term2,3,2024-04-17,83.65699977760954
S2163,Term2,4,2024-04-24,96.41268234977758
S2163,Term2,5,2024-05-01,96.98634592393857
S2163,Term2,6,2024-05-08,50.06140096815221
S2163,Term2,7,2024-05-15,92.7159178568
S2163,Term2,8,2024-05-22,85.33559852774351
S2163,Term2,9,2024-05-29,69.26627413855628
S2163,Term2,10,2024-06-05,95.56256967549012
S2163,Term2,11,2024-06-12,100.0
S2163,Term2,12,2024-06-19,91.68155136193337
S2163,Term3,1,2024-06-26,98.20514130708237
S2163,Term3,2,2024-07-03,100.0
S2163,Term3,3,2024-07-10,75.03685419135938
S2163,Term3,4,2024-07-17,62.70914265799699
S2163,Term3,5,2024-07-24,92.88239275971402
S2163,Term3,6,2024-07-31,82.02866156270258
S2163,Term3,7,2024-08-07,68.50991857154148
S2163,Term3,8,2024-08-14,84.06196076637048
S2163,Term3,9,2024-08-21,93.73056848548744
S2163,Term3,10,2024-08-28,83.21234002282768
S2163,Term3,11,2024-09-04,75.55806843117955
S2163,Term3,12,2024-09-11,82.31791527644188
S2164,Term1,1,2024-01-10,84.76628241638386
S2164,Term1,2,2024-01-17,61.84621284848701
S2164,Term1,3,2024-01-24,83.28670056195168
S2164,Term1,4,2024-01-31,68.8679143342613
S2164,Term1,5,2024-02-07,92.90831142425316
S2164,Term1,6,2024-02-14,66.26748909295867
S2164,Term1,7,2024-02-21,97.15230645461124
S2164,Term1,8,2024-02-28,80.09001916943271
S2164,Term1,9,2024-03-06,78.48429151873586
S2164,Term1,10,2024-03-13,88.53345516762366
S2164,Term1,11,2024-03-20,74.6075866573193
S2164,Term1,12,2024-03-27,88.34494904956077
S2164,Term2,1,2024-04-03,76.21469470373955
S2164,Term2,2,2024-04-10,78.31918585210276
S2164,Term2,3,2024-04-17,89.86425003194962
S2164,Term2,4,2024-04-24,71.33703119518741
S2164,Term2,5,2024-05-01,69.82795237885172
S2164,Term2,6,2024-05-08,87.9787060889241
S2164,Term2,7,2024-05-15,84.67720177012738
S2164,Term2,8,2024-05-22,87.02431293771271
S2164,Term2,9,2024-05-29,88.93167084065705
S2164,Term2,10,2024-06-05,85.68850664568377
S2164,Term2,11,2024-06-12,92.29711148760482
S2164,Term2,12,2024-06-19,86.1692354437439
S2164,Term3,1,2024-06-26,60.912353203896366
S2164,Term3,2,2024-07-03,64.02538486405774
S2164,Term3,3,2024-07-10,100.0
S2164,Term3,4,2024-07-17,85.00086240470635
S2164,Term3,5,2024-07-24,96.40289982060516
S2164,Term3,6,2024-07-31,80.85155313247509
S2164,Term3,7,2024-08-07,84.30381886727284
S2164,Term3,8,2024-08-14,79.55962414874988
S2164,Term3,9,2024-08-21,100.0
S2164,Term3,10,2024-08-28,88.0389090683697
S2164,Term3,11,2024-09-04,78.58170513392562
S2164,Term3,12,2024-09-11,65.18152343883771
S2165,Term1,1,2024-01-10,100.0
S2165,Term1,2,2024-01-17,83.04065937726035
S2165,Term1,3,2024-01-24,93.93074943473917
S2165,Term1,4,2024-01-31,95.27196748367855
S2165,Term1,5,2024-02-07,79.44603371883555
S2165,Term1,6,2024-02-14,93.06943330463388
S2165,Term1,7,2024-02-21,77.75034055898058
S2165,Term1,8,2024-02-28,73.11488365552701
S2165,Term1,9,2024-03-06,98.97357631014654
S2165,Term1,10,2024-03-13,83.10172744213361
S2165,Term1,11,2024-03-20,91.22215400323186
S2165,Term1,12,2024-03-27,89.93105192658125
S2165,Term2,1,2024-04-03,92.65518352066347
S2165,Term2,2,2024-04-10,66.3215567895805
S2165,Term2,3,2024-04-17,77.97651362420356
S2165,Term2,4,2024-04-24,81.1062981100429
S2165,Term2,5,2024-05-01,75.02225592518211
S2165,Term2,6,2024-05-08,90.14808217619665
S2165,Term2,7,2024-05-15,99.24271693115077
S2165,Term2,8,2024-05-22,100.0
S2165,Term2,9,2024-05-29,80.92954281748139
S2165,Term2,10,2024-06-05,88.50359034949489
S2165,Term2,11,2024-06-12,90.34772205388118
S2165,Term2,12,2024-06-19,92.45507313044236
S2165,Term3,1,2024-06-26,74.46237912312827
S2165,Term3,2,2024-07-03,100.0
S2165,Term3,3,2024-07-10,96.11824221215734
S2165,Term3,4,2024-07-17,96.4317921243093
S2165,Term3,5,2024-07-24,99.44152068280476
S2165,Term3,6,2024-07-31,91.40963130719182
S2165,Term3,7,2024-08-07,72.67223892338833
S2165,Term3,8,2024-08-14,83.33232722133872
S2165,Term3,9,2024-08-21,65.18735925925702
S2165,Term3,10,2024-08-28,89.98087011638901
S2165,Term3,11,2024-09-04,82.96943610201345
S2165,Term3,12,2024-09-11,84.51373139767682
S2166,Term1,1,2024-01-10,99.4480135610278
S2166,Term1,2,2024-01-17,79.51607153732249
S2166,Term1,3,2024-01-24,81.97452209473508
S2166,Term1,4,2024-01-31,85.2636795515586
S2166,Term1,5,2024-02-07,62.920093007036414
S2166,Term1,6,2024-02-14,81.80723613085596
S2166,Term1,7,2024-02-21,55.1704610525658
S2166,Term1,8,2024-02-28,77.97374125725113
S2166,Term1,9,2024-03-06,95.26226864071393
S2166,Term1,10,2024-03-13,90.36719869901283
S2166,Term1,11,2024-03-20,77.86215627455108
S2166,Term1,12,2024-03-27,85.48957861868575
S2166,Term2,1,2024-04-03,72.10012519443514
S2166,Term2,2,2024-04-10,84.97187916220575
S2166,Term2,3,2024-04-17,100.0
S2166,Term2,4,2024-04-24,100.0
S2166,Term2,5,2024-05-01,85.63146556020713
S2166,Term2,6,2024-05-08,86.92172997898449
S2166,Term2,7,2024-05-15,73.24521622438539
S2166,Term2,8,2024-05-22,75.37853070458739
S2166,Term2,9,2024-05-29,89.34621186525632
S2166,Term2,10,2024-06-05,78.70128921236218
S2166,Term2,11,2024-06-12,95.84979513821898
S2166,Term2,12,2024-06-19,100.0
S2166,Term3,1,2024-06-26,88.99144941737246
S2166,Term3,2,2024-07-03,86.22084647007912
S2166,Term3,3,2024-07-10,64.83064450107219
S2166,Term3,4,2024-07-17,93.9713229432646
S2166,Term3,5,2024-07-24,71.2759443815313
S2166,Term3,6,2024-07-31,79.98389045639897
S2166,Term3,7,2024-08-07,96.51491070862161
S2166,Term3,8,2024-08-14,97.35709797170838
S2166,Term3,9,2024-08-21,79.40190967179859
S2166,Term3,10,2024-08-28,80.09301358096016
S2166,Term3,11,2024-09-04,76.60817352091993
S2166,Term3,12,2024-09-11,70.62575505608908
S2167,Term1,1,2024-01-10,77.3824542147491
S2167,Term1,2,2024-01-17,65.64243977302374
S2167,Term1,3,2024-01-24,93.19675097809917
S2167,Term1,4,2024-01-31,89.73428326194251
S2167,Term1,5,2024-02-07,91.72635141844616
S2167,Term1,6,2024-02-14,73.54715139309829
S2167,Term1,7,2024-02-21,70.65915323781932
S2167,Term1,8,2024-02-28,85.64217129176272
S2167,Term1,9,2024-03-06,85.7692307794027
S2167,Term1,10,2024-03-13,83.23276206984465
S2167,Term1,11,2024-03-20,81.52620076974581
S2167,Term1,12,2024-03-27,100.0
S2167,Term2,1,2024-04-03,90.11230014151575
S2167,Term2,2,2024-04-10,100.0
S2167,Term2,3,2024-04-17,100.0
S2167,Term2,4,2024-04-24,100.0
S2167,Term2,5,2024-05-01,72.10644680372798
S2167,Term2,6,2024-05-08,92.11805189197636
S2167,Term2,7,2024-05-15,79.81881413207952
S2167,Term2,8,2024-05-22,65.0393594636856
S2167,Term2,9,2024-05-29,100.0
S2167,Term2,10,2024-06-05,81.47568969153245
S2167,Term2,11,2024-06-12,72.3387804367998
S2167,Term2,12,2024-06-19,80.02523364101567
S2167,Term3,1,2024-06-26,75.44531052671417
S2167,Term3,2,2024-07-03,76.6756243886
S2167,Term3,3,2024-07-10,82.3407593178082
S2167,Term3,4,2024-07-17,100.0
S2167,Term3,5,2024-07-24,77.00419340146449
S2167,Term3,6,2024-07-31,100.0
S2167,Term3,7,2024-08-07,95.18604155175426
S2167,Term3,8,2024-08-14,89.75525876303303
S2167,Term3,9,2024-08-21,93.9774403870225
S2167,Term3,10,2024-08-28,85.1638679660495
S2167,Term3,11,2024-09-04,100.0
S2167,Term3,12,2024-09-11,91.8037631592052
S2168,Term1,1,2024-01-10,65.02400817969385
S2168,Term1,2,2024-01-17,88.55502318267958
S2168,Term1,3,2024-01-24,94.40767771591138
S2168,Term1,4,2024-01-31,81.5319853767854
S2168,Term1,5,2024-02-07,86.51507047256719
S2168,Term1,6,2024-02-14,77.64570406390712
S2168,Term1,7,2024-02-21,68.46849212723728
S2168,Term1,8,2024-02-28,66.39547754882511
S2168,Term1,9,2024-03-06,66.55518415517363
S2168,Term1,10,2024-03-13,93.02853690964639
S2168,Term1,11,2024-03-20,55.11661949948406
S2168,Term1,12,2024-03-27,77.00224087643822
S2168,Term2,1,2024-04-03,75.81216057705547
S2168,Term2,2,2024-04-10,81.61408556815043
S2168,Term2,3,2024-04-17,62.72282140076557
S2168,Term2,4,2024-04-24,89.84665713688743
S2168,Term2,5,2024-05-01,69.72206327008121
S2168,Term2,6,2024-05-08,98.58886648851123
S2168,Term2,7,2024-05-15,77.53881174893401
S2168,Term2,8,2024-05-22,83.85264371905696
S2168,Term2,9,2024-05-29,85.04528627866247
S2168,Term2,10,2024-06-05,87.93089263432687
S2168,Term2,11,2024-06-12,85.4441725299537
S2168,Term2,12,2024-06-19,79.87467341520842
S2168,Term3,1,2024-06-26,89.11658236832852
S2168,Term3,2,2024-07-03,90.59376556593945
S2168,Term3,3,2024-07-10,75.81838399468455
S2168,Term3,4,2024-07-17,90.11641382768269
S2168,Term3,5,2024-07-24,99.30064362882035
S2168,Term3,6,2024-07-31,93.47073035325462
S2168,Term3,7,2024-08-07,96.18850289976625
S2168,Term3,8,2024-08-14,87.06305018688934
S2168,Term3,9,2024-08-21,73.76619464710146
S2168,Term3,10,2024-08-28,75.28426648355625
S2168,Term3,11,2024-09-04,88.83865561425294
S2168,Term3,12,2024-09-11,96.31316470182773
S2169,Term1,1,2024-01-10,100.0
S2169,Term1,2,2024-01-17,96.78186333326325
S2169,Term1,3,2024-01-24,70.95477091002998
S2169,Term1,4,2024-01-31,75.7927291316802
S2169,Term1,5,2024-02-07,100.0
S2169,Term1,6,2024-02-14,82.42733281627866
S2169,Term1,7,2024-02-21,85.57017561713546
S2169,Term1,8,2024-02-28,73.47499695508925
S2169,Term1,9,2024-03-06,100.0
S2169,Term1,10,2024-03-13,91.0039984878475
S2169,Term1,11,2024-03-20,75.70478382537627
S2169,Term1,12,2024-03-27,73.07409653371275
S2169,Term2,1,2024-04-03,88.68644735077447
S2169,Term2,2,2024-04-10,85.53047409856543
S2169,Term2,3,2024-04-17,94.98532260665353
S2169,Term2,4,2024-04-24,91.5636216775264
S2169,Term2,5,2024-05-01,81.82623581477652
S2169,Term2,6,2024-05-08,78.4743808544636
S2169,Term2,7,2024-05-15,83.08069422041399
S2169,Term2,8,2024-05-22,78.39182984011885
S2169,Term2,9,2024-05-29,83.43765360634286
S2169,Term2,10,2024-06-05,85.19729114343258
S2169,Term2,11,2024-06-12,74.22482927943932
S2169,Term2,12,2024-06-19,92.56815834517457
S2169,Term3,1,2024-06-26,80.55486742636396
S2169,Term3,2,2024-07-03,74.89738779657588
S2169,Term3,3,2024-07-10,80.78071086061759
S2169,Term3,4,2024-07-17,87.90709787944344
S2169,Term3,5,2024-07-24,85.99645839775964
S2169,Term3,6,2024-07-31,90.06541737885354
S2169,Term3,7,2024-08-07,95.78015350090635
S2169,Term3,8,2024-08-14,100.0
S2169,Term3,9,2024-08-21,88.42583395225664
S2169,Term3,10,2024-08-28,72.16717135317404
S2169,Term3,11,2024-09-04,81.77067036963639
S2169,Term3,12,2024-09-11,72.9481793874039
S2170,Term1,1,2024-01-10,100.0
S2170,Term1,2,2024-01-17,100.0
S2170,Term1,3,2024-01-24,92.80373436995612
S2170,Term1,4,2024-01-31,95.30150611166837
S2170,Term1,5,2024-02-07,88.01131831883991
S2170,Term1,6,2024-02-14,89.39267098552949
S2170,Term1,7,2024-02-21,65.83054938005053
S2170,Term1,8,2024-02-28,84.11281161691707
S2170,Term1,9,2024-03-06,74.42616325184488
S2170,Term1,10,2024-03-13,88.37627845046045
S2170,Term1,11,2024-03-20,84.2846818553376
S2170,Term1,12,2024-03-27,100.0
S2170,Term2,1,2024-04-03,95.9995322646741
S2170,Term2,2,2024-04-10,88.41414379025974
S2170,Term2,3,2024-04-17,81.79672375432449
S2170,Term2,4,2024-04-24,100.0
S2170,Term2,5,2024-05-01,84.64054424648164
S2170,Term2,6,2024-05-08,88.98008753962333
S2170,Term2,7,2024-05-15,85.50699525312201
S2170,Term2,8,2024-05-22,80.15015313151213
S2170,Term2,9,2024-05-29,85.43807466862624
S2170,Term2,10,2024-06-05,61.45639779186021
S2170,Term2,11,2024-06-12,66.42752318510576
S2170,Term2,12,2024-06-19,89.19556650003553
S2170,Term3,1,2024-06-26,100.0
S2170,Term3,2,2024-07-03,89.17865324973002
S2170,Term3,3,2024-07-10,76.35557374124015
S2170,Term3,4,2024-07-17,67.68575495119197
S2170,Term3,5,2024-07-24,94.41432712570766
S2170,Term3,6,2024-07-31,78.19365818781878
S2170,Term3,7,2024-08-07,92.71882502263072
S2170,Term3,8,2024-08-14,89.67838189678861
S2170,Term3,9,2024-08-21,90.73960470705627
S2170,Term3,10,2024-08-28,85.40322048824267
S2170,Term3,11,2024-09-04,89.6037326196357
S2170,Term3,12,2024-09-11,83.56654718492398
S2171,Term1,1,2024-01-10,77.37632158758156
S2171,Term1,2,2024-01-17,73.43801127380738
S2171,Term1,3,2024-01-24,56.37989442434826
S2171,Term1,4,2024-01-31,82.82668525114589
S2171,Term1,5,2024-02-07,100.0
S2171,Term1,6,2024-02-14,93.76096111045118
S2171,Term1,7,2024-02-21,87.7325094217115
S2171,Term1,8,2024-02-28,76.19194006853019
S2171,Term1,9,2024-03-06,96.96807070910893
S2171,Term1,10,2024-03-13,83.56828825836371
S2171,Term1,11,2024-03-20,100.0
S2171,Term1,12,2024-03-27,73.22695284046382
S2171,Term2,1,2024-04-03,76.00036566432813
S2171,Term2,2,2024-04-10,74.83276066936446
S2171,Term2,3,2024-04-17,67.21457955479184
S2171,Term2,4,2024-04-24,73.75546377769885
S2171,Term2,5,2024-05-01,86.23859511719101
S2171,Term2,6,2024-05-08,76.45358770179247
S2171,Term2,7,2024-05-15,40.0
S2171,Term2,8,2024-05-22,97.89127956904146
S2171,Term2,9,2024-05-29,64.79087524783114
S2171,Term2,10,2024-06-05,92.07073941863965
S2171,Term2,11,2024-06-12,85.37457507603477
S2171,Term2,12,2024-06-19,100.0
S2171,Term3,1,2024-06-26,96.96348977827144
S2171,Term3,2,2024-07-03,78.94474485418031
S2171,Term3,3,2024-07-10,76.57523725173625
S2171,Term3,4,2024-07-17,100.0
S2171,Term3,5,2024-07-24,67.28954683478307
S2171,Term3,6,2024-07-31,87.2905592310245
S2171,Term3,7,2024-08-07,83.42655444100393
S2171,Term3,8,2024-08-14,80.88128717554389
S2171,Term3,9,2024-08-21,89.2421678133811
S2171,Term3,10,2024-08-28,87.27471832610411
S2171,Term3,11,2024-09-04,90.48880891350093
S2171,Term3,12,2024-09-11,86.66770782835941
S2172,Term1,1,2024-01-10,90.01217686020698
S2172,Term1,2,2024-01-17,86.12038231517914
S2172,Term1,3,2024-01-24,77.08687735340422
S2172,Term1,4,2024-01-31,85.04801512283915
S2172,Term1,5,2024-02-07,76.42736128355176
S2172,Term1,6,2024-02-14,75.63548074322979
S2172,Term1,7,2024-02-21,80.96619996738698
S2172,Term1,8,2024-02-28,83.56692207116988
S2172,Term1,9,2024-03-06,85.42270367617373
S2172,Term1,10,2024-03-13,95.99654592835996
S2172,Term1,11,2024-03-20,79.01843100950988
S2172,Term1,12,2024-03-27,87.36222311769785
S2172,Term2,1,2024-04-03,86.41633256732582
S2172,Term2,2,2024-04-10,77.69646055040722
S2172,Term2,3,2024-04-17,85.88488943447854
S2172,Term2,4,2024-04-24,97.03265698212776
S2172,Term2,5,2024-05-01,87.2380746026008
S2172,Term2,6,2024-05-08,87.71900714832769
S2172,Term2,7,2024-05-15,76.53606002868798
S2172,Term2,8,2024-05-22,100.0
S2172,Term2,9,2024-05-29,77.21972355612999
S2172,Term2,10,2024-06-05,64.98659847343026
S2172,Term2,11,2024-06-12,95.32220944261692
S2172,Term2,12,2024-06-19,83.62219552421888
S2172,Term3,1,2024-06-26,81.3634981486351
S2172,Term3,2,2024-07-03,78.45335463506167
S2172,Term3,3,2024-07-10,100.0
S2172,Term3,4,2024-07-17,89.25508334325619
S2172,Term3,5,2024-07-24,91.59701465974102
S2172,Term3,6,2024-07-31,86.9513874829872
S2172,Term3,7,2024-08-07,88.24059536134236
S2172,Term3,8,2024-08-14,100.0
S2172,Term3,9,2024-08-21,81.98974406526766
S2172,Term3,10,2024-08-28,67.51674945375125
S2172,Term3,11,2024-09-04,95.41665585073332
S2172,Term3,12,2024-09-11,90.96041934690871
S2173,Term1,1,2024-01-10,86.29575775462051
S2173,Term1,2,2024-01-17,90.64903889857344
S2173,Term1,3,2024-01-24,80.55106935646991
S2173,Term1,4,2024-01-31,85.24831099425111
S2173,Term1,5,2024-02-07,83.41959695368108
S2173,Term1,6,2024-02-14,77.902140915149
S2173,Term1,7,2024-02-21,99.27007339726003
S2173,Term1,8,2024-02-28,68.0528964709864
S2173,Term1,9,2024-03-06,100.0
S2173,Term1,10,2024-03-13,95.5283465104777
S2173,Term1,11,2024-03-20,63.66429358357179
S2173,Term1,12,2024-03-27,82.31000404610884
S2173,Term2,1,2024-04-03,82.97744900915731
S2173,Term2,2,2024-04-10,89.70263954730535
S2173,Term2,3,2024-04-17,73.12746075112335
S2173,Term2,4,2024-04-24,85.3843041204186
S2173,Term2,5,2024-05-01,83.54656722252824
S2173,Term2,6,2024-05-08,76.14857964911873
S2173,Term2,7,2024-05-15,74.47897322234522
S2173,Term2,8,2024-05-22,96.02565576042828
S2173,Term2,9,2024-05-29,64.64100951948888
S2173,Term2,10,2024-06-05,90.73454723315261
S2173,Term2,11,2024-06-12,94.57012368253748
S2173,Term2,12,2024-06-19,82.37729993993901
S2173,Term3,1,2024-06-26,85.62847407669996
S2173,Term3,2,2024-07-03,98.96193999636857
S2173,Term3,3,2024-07-10,76.54178187131131
S2173,Term3,4,2024-07-17,77.78017085333052
S2173,Term3,5,2024-07-24,79.0541958268083
S2173,Term3,6,2024-07-31,98.98390719067937
S2173,Term3,7,2024-08-07,100.0
S2173,Term3,8,2024-08-14,68.24931718643657
S2173,Term3,9,2024-08-21,97.07488896773964
S2173,Term3,10,2024-08-28,94.82689967616741
S2173,Term3,11,2024-09-04,100.0
S2173,Term3,12,2024-09-11,89.62129638551656
S2174,Term1,1,2024-01-10,84.46887855665707
S2174,Term1,2,2024-01-17,98.74260023885991
S2174,Term1,3,2024-01-24,93.38684549802119
S2174,Term1,4,2024-01-31,100.0
S2174,Term1,5,2024-02-07,96.50449413954193
S2174,Term1,6,2024-02-14,86.84257571708699
S2174,Term1,7,2024-02-21,70.91074743548594
S2174,Term1,8,2024-02-28,78.02899387367057
S2174,Term1,9,2024-03-06,67.76854026366381
S2174,Term1,10,2024-03-13,82.41925556726964
S2174,Term1,11,2024-03-20,96.11281111879414
S2174,Term1,12,2024-03-27,84.95594693823381
S2174,Term2,1,2024-04-03,97.26070322512086
S2174,Term2,2,2024-04-10,89.05088480126815
S2174,Term2,3,2024-04-17,80.16289252295188
S2174,Term2,4,2024-04-24,86.05150186203957
S2174,Term2,5,2024-05-01,90.66516029266116
S2174,Term2,6,2024-05-08,86.67068078156339
S2174,Term2,7,2024-05-15,86.80821074622297
S2174,Term2,8,2024-05-22,75.77139870895952
S2174,Term2,9,2024-05-29,79.8042848170934
S2174,Term2,10,2024-06-05,100.0
S2174,Term2,11,2024-06-12,99.74159788508251
S2174,Term2,12,2024-06-19,67.3139092382834
S2174,Term3,1,2024-06-26,56.59637250992366
S2174,Term3,2,2024-07-03,85.91430905738467
S2174,Term3,3,2024-07-10,95.72167473311188
S2174,Term3,4,2024-07-17,78.76069795093352
S2174,Term3,5,2024-07-24,97.25990473837525
S2174,Term3,6,2024-07-31,85.71585478008501
S2174,Term3,7,2024-08-07,83.0432646432763
S2174,Term3,8,2024-08-14,94.07338211410217
S2174,Term3,9,2024-08-21,78.61749048517277
S2174,Term3,10,2024-08-28,81.55952413835617
S2174,Term3,11,2024-09-04,93.04200714556555
S2174,Term3,12,2024-09-11,84.62324875520771
S2175,Term1,1,2024-01-10,100.0
S2175,Term1,2,2024-01-17,93.32590495427222
S2175,Term1,3,2024-01-24,92.54576593999315
S2175,Term1,4,2024-01-31,84.40594424721918
S2175,Term1,5,2024-02-07,95.49705612051528
S2175,Term1,6,2024-02-14,81.12870672638024
S2175,Term1,7,2024-02-21,88.38853301439418
S2175,Term1,8,2024-02-28,74.00448343594528
S2175,Term1,9,2024-03-06,97.4732967067671
S2175,Term1,10,2024-03-13,88.4872563671415
S2175,Term1,11,2024-03-20,100.0
S2175,Term1,12,2024-03-27,100.0
S2175,Term2,1,2024-04-03,94.15983341719777
S2175,Term2,2,2024-04-10,85.82110373449484
S2175,Term2,3,2024-04-17,73.64722585449317
S2175,Term2,4,2024-04-24,95.85699763910588
S2175,Term2,5,2024-05-01,87.52341476674275
S2175,Term2,6,2024-05-08,91.45641806985354
S2175,Term2,7,2024-05-15,100.0
S2175,Term2,8,2024-05-22,75.10692053603984
S2175,Term2,9,2024-05-29,73.90834997822397
S2175,Term2,10,2024-06-05,82.16288873955183
S2175,Term2,11,2024-06-12,94.85441379702188
S2175,Term2,12,2024-06-19,91.65840688257386
S2175,Term3,1,2024-06-26,74.25173785965073
S2175,Term3,2,2024-07-03,94.0786348084298
S2175,Term3,3,2024-07-10,70.58544617328084
S2175,Term3,4,2024-07-17,74.94709990781371
S2175,Term3,5,2024-07-24,83.61451219372972
S2175,Term3,6,2024-07-31,78.35882504829736
S2175,Term3,7,2024-08-07,95.67831386381121
S2175,Term3,8,2024-08-14,88.43654179601313
S2175,Term3,9,2024-08-21,100.0
S2175,Term3,10,2024-08-28,82.03377561574703
S2175,Term3,11,2024-09-04,83.53357418751108
S2175,Term3,12,2024-09-11,99.52459130874115
S2176,Term1,1,2024-01-10,83.90895036251445
S2176,Term1,2,2024-01-17,100.0
S2176,Term1,3,2024-01-24,91.4899385246139
S2176,Term1,4,2024-01-31,56.76656236137569
S2176,Term1,5,2024-02-07,99.13084496979357
S2176,Term1,6,2024-02-14,95.9527217574377
S2176,Term1,7,2024-02-21,96.41599127332654
S2176,Term1,8,2024-02-28,62.068259457456904
S2176,Term1,9,2024-03-06,77.04412046474744
S2176,Term1,10,2024-03-13,77.93554199731877
S2176,Term1,11,2024-03-20,74.90654358927529
S2176,Term1,12,2024-03-27,100.0
S2176,Term2,1,2024-04-03,84.8587859461164
S2176,Term2,2,2024-04-10,84.56126868844996
S2176,Term2,3,2024-04-17,91.62409972378934
S2176,Term2,4,2024-04-24,91.83162001467258
S2176,Term2,5,2024-05-01,44.981287472490045
S2176,Term2,6,2024-05-08,77.24370955420764
S2176,Term2,7,2024-05-15,68.04653706650468
S2176,Term2,8,2024-05-22,89.80367311785784
S2176,Term2,9,2024-05-29,81.53329102799142
S2176,Term2,10,2024-06-05,85.18465077401522
S2176,Term2,11,2024-06-12,60.057763013313725
S2176,Term2,12,2024-06-19,81.28177330371402
S2176,Term3,1,2024-06-26,98.38156302199378
S2176,Term3,2,2024-07-03,100.0
S2176,Term3,3,2024-07-10,93.6263610344884
S2176,Term3,4,2024-07-17,68.97441647862257
S2176,Term3,5,2024-07-24,100.0
S2176,Term3,6,2024-07-31,93.6880270600002
S2176,Term3,7,2024-08-07,83.59373159122553
S2176,Term3,8,2024-08-14,60.69956422588307
S2176,Term3,9,2024-08-21,96.4431394079502
S2176,Term3,10,2024-08-28,77.89400404019945
S2176,Term3,11,2024-09-04,89.15398985265738
S2176,Term3,12,2024-09-11,85.82072632763995
S2177,Term1,1,2024-01-10,100.0
S2177,Term1,2,2024-01-17,83.49559616802989
S2177,Term1,3,2024-01-24,84.81863691896862
S2177,Term1,4,2024-01-31,100.0
S2177,Term1,5,2024-02-07,77.10133307499774
S2177,Term1,6,2024-02-14,94.77187421689332
S2177,Term1,7,2024-02-21,82.61661132545844
S2177,Term1,8,2024-02-28,72.96949645594086
S2177,Term1,9,2024-03-06,85.01393184065047
S2177,Term1,10,2024-03-13,93.30046136329585
S2177,Term1,11,2024-03-20,100.0
S2177,Term1,12,2024-03-27,100.0
S2177,Term2,1,2024-04-03,81.4628311092936
S2177,Term2,2,2024-04-10,73.15300921561344
S2177,Term2,3,2024-04-17,81.17513320507025
S2177,Term2,4,2024-04-24,70.82163096003814
S2177,Term2,5,2024-05-01,82.39136560700194
S2177,Term2,6,2024-05-08,80.90001659656289
S2177,Term2,7,2024-05-15,93.72988244988119
S2177,Term2,8,2024-05-22,58.52877784102746
S2177,Term2,9,2024-05-29,76.19670464696033
S2177,Term2,10,2024-06-05,76.29378034669702
S2177,Term2,11,2024-06-12,99.2455270288963
S2177,Term2,12,2024-06-19,71.6338674711878
S2177,Term3,1,2024-06-26,87.71988831578793
S2177,Term3,2,2024-07-03,83.46245902696262
S2177,Term3,3,2024-07-10,97.51651032203658
S2177,Term3,4,2024-07-17,92.14998237412657
S2177,Term3,5,2024-07-24,86.45492478184455
S2177,Term3,6,2024-07-31,78.34399750494318
S2177,Term3,7,2024-08-07,62.771889962681485
S2177,Term3,8,2024-08-14,87.96502786824887
S2177,Term3,9,2024-08-21,91.36587758235848
S2177,Term3,10,2024-08-28,66.10158865030417
S2177,Term3,11,2024-09-04,70.1956700280574
S2177,Term3,12,2024-09-11,88.02795968046011
S2178,Term1,1,2024-01-10,89.06970023449443
S2178,Term1,2,2024-01-17,73.11223227889529
S2178,Term1,3,2024-01-24,78.11122343718354
S2178,Term1,4,2024-01-31,62.96213393715488
S2178,Term1,5,2024-02-07,100.0
S2178,Term1,6,2024-02-14,69.40150711157857
S2178,Term1,7,2024-02-21,91.50711269498261
S2178,Term1,8,2024-02-28,84.58047164615944
S2178,Term1,9,2024-03-06,100.0
S2178,Term1,10,2024-03-13,75.49295088670293
S2178,Term1,11,2024-03-20,85.73503252408464
S2178,Term1,12,2024-03-27,64.6188770891518
S2178,Term2,1,2024-04-03,61.737677956722955
S2178,Term2,2,2024-04-10,92.15600300638569
S2178,Term2,3,2024-04-17,63.57968993116357
S2178,Term2,4,2024-04-24,82.26138958678563
S2178,Term2,5,2024-05-01,97.13554537567504
S2178,Term2,6,2024-05-08,93.96021827313615
S2178,Term2,7,2024-05-15,77.02497414461688
S2178,Term2,8,2024-05-22,65.93796236310193
S2178,Term2,9,2024-05-29,91.11393833986634
S2178,Term2,10,2024-06-05,100.0
S2178,Term2,11,2024-06-12,77.05314305601252
S2178,Term2,12,2024-06-19,75.3602456991146
S2178,Term3,1,2024-06-26,78.70117644557202
S2178,Term3,2,2024-07-03,91.85930452968539
S2178,Term3,3,2024-07-10,99.74221127697895
S2178,Term3,4,2024-07-17,70.12471826343373
S2178,Term3,5,2024-07-24,67.02061828810416
S2178,Term3,6,2024-07-31,100.0
S2178,Term3,7,2024-08-07,82.87212654531953
S2178,Term3,8,2024-08-14,88.03471354828372
S2178,Term3,9,2024-08-21,76.69682991258833
S2178,Term3,10,2024-08-28,90.87954771343259
S2178,Term3,11,2024-09-04,96.52073049641827
S2178,Term3,12,2024-09-11,88.59755405887516
S2179,Term1,1,2024-01-10,100.0
S2179,Term1,2,2024-01-17,81.0790649207069
S2179,Term1,3,2024-01-24,81.84541032357549
S2179,Term1,4,2024-01-31,87.77687621532898
S2179,Term1,5,2024-02-07,90.57953974607317
S2179,Term1,6,2024-02-14,87.73536714475131
S2179,Term1,7,2024-02-21,69.58701967653892
S2179,Term1,8,2024-02-28,88.75018199434673
S2179,Term1,9,2024-03-06,80.50991698235875
S2179,Term1,10,2024-03-13,78.02827583110425
S2179,Term1,11,2024-03-20,85.38978465703893
S2179,Term1,12,2024-03-27,73.46172775204943
S2179,Term2,1,2024-04-03,71.37530411352122
S2179,Term2,2,2024-04-10,53.6143724799538
S2179,Term2,3,2024-04-17,100.0
S2179,Term2,4,2024-04-24,91.66877582923603
S2179,Term2,5,2024-05-01,83.59883054432434
S2179,Term2,6,2024-05-08,76.99332115736023
S2179,Term2,7,2024-05-15,50.487612615443
S2179,Term2,8,2024-05-22,76.25765348534219
S2179,Term2,9,2024-05-29,93.59039604596892
S2179,Term2,10,2024-06-05,96.30609164312642
S2179,Term2,11,2024-06-12,92.70750392323961
S2179,Term2,12,2024-06-19,86.90070346902962
S2179,Term3,1,2024-06-26,100.0
S2179,Term3,2,2024-07-03,81.05755333493751
S2179,Term3,3,2024-07-10,98.02226699361233
S2179,Term3,4,2024-07-17,80.38501067535745
S2179,Term3,5,2024-07-24,74.42630429346686
S2179,Term3,6,2024-07-31,72.93144423492974
S2179,Term3,7,2024-08-07,72.22604294592456
S2179,Term3,8,2024-08-14,92.90881634562982
S2179,Term3,9,2024-08-21,76.08705314683506
S2179,Term3,10,2024-08-28,72.60365385958067
S2179,Term3,11,2024-09-04,93.56482263593632
S2179,Term3,12,2024-09-11,88.93564468566679
S2180,Term1,1,2024-01-10,96.55110379414963
S2180,Term1,2,2024-01-17,91.15119413527358
S2180,Term1,3,2024-01-24,75.96266103763226
S2180,Term1,4,2024-01-31,85.91322899762305
S2180,Term1,5,2024-02-07,86.50159588923613
S2180,Term1,6,2024-02-14,73.97009609831197
S2180,Term1,7,2024-02-21,71.74450031087208
S2180,Term1,8,2024-02-28,76.83134069058755
S2180,Term1,9,2024-03-06,100.0
S2180,Term1,10,2024-03-13,80.04707086934141
S2180,Term1,11,2024-03-20,99.79440149664057
S2180,Term1,12,2024-03-27,79.37607388624242
S2180,Term2,1,2024-04-03,95.66606583447991
S2180,Term2,2,2024-04-10,95.82989986669416
S2180,Term2,3,2024-04-17,96.43108609542453
S2180,Term2,4,2024-04-24,89.65392810410751
S2180,Term2,5,2024-05-01,100.0
S2180,Term2,6,2024-05-08,89.54024763223273
S2180,Term2,7,2024-05-15,100.0
S2180,Term2,8,2024-05-22,65.5609623617388
S2180,Term2,9,2024-05-29,89.17943497200181
S2180,Term2,10,2024-06-05,88.399883110428
S2180,Term2,11,2024-06-12,73.76176185033411
S2180,Term2,12,2024-06-19,91.95501066116486
S2180,Term3,1,2024-06-26,67.11900789308058
S2180,Term3,2,2024-07-03,77.14978809087606
S2180,Term3,3,2024-07-10,61.01094624522631
S2180,Term3,4,2024-07-17,100.0
S2180,Term3,5,2024-07-24,82.22140607265645
S2180,Term3,6,2024-07-31,100.0
S2180,Term3,7,2024-08-07,94.63539911823395
S2180,Term3,8,2024-08-14,90.37717856021229
S2180,Term3,9,2024-08-21,77.965267668628
S2180,Term3,10,2024-08-28,72.44379957175096
S2180,Term3,11,2024-09-04,91.27565888676334
S2180,Term3,12,2024-09-11,84.14183188872421
S2181,Term1,1,2024-01-10,68.92875621417639
S2181,Term1,2,2024-01-17,66.79769900190018
S2181,Term1,3,2024-01-24,73.495555250277
S2181,Term1,4,2024-01-31,100.0
S2181,Term1,5,2024-02-07,100.0
S2181,Term1,6,2024-02-14,87.45986976770692
S2181,Term1,7,2024-02-21,86.78731355489546
S2181,Term1,8,2024-02-28,80.96415553804574
S2181,Term1,9,2024-03-06,73.78617582028598
S2181,Term1,10,2024-03-13,100.0
S2181,Term1,11,2024-03-20,100.0
S2181,Term1,12,2024-03-27,74.27897096992858
S2181,Term2,1,2024-04-03,84.00593945890478
S2181,Term2,2,2024-04-10,79.60160439147799
S2181,Term2,3,2024-04-17,79.95713110162028
S2181,Term2,4,2024-04-24,99.23089906515834
S2181,Term2,5,2024-05-01,69.25646145560654
S2181,Term2,6,2024-05-08,90.59763629123567
S2181,Term2,7,2024-05-15,93.73885728767038
S2181,Term2,8,2024-05-22,83.29418591677818
S2181,Term2,9,2024-05-29,95.71681392384127
S2181,Term2,10,2024-06-05,86.7718220864494
S2181,Term2,11,2024-06-12,99.60555905387335
S2181,Term2,12,2024-06-19,66.73353634088974
S2181,Term3,1,2024-06-26,80.81469686791758
S2181,Term3,2,2024-07-03,84.13824228578758
S2181,Term3,3,2024-07-10,52.93351138634381
S2181,Term3,4,2024-07-17,71.96856719705758
S2181,Term3,5,2024-07-24,75.23680894769457
S2181,Term3,6,2024-07-31,96.37847193788019
S2181,Term3,7,2024-08-07,76.5178798442248
S2181,Term3,8,2024-08-14,75.18305215232827
S2181,Term3,9,2024-08-21,94.8098293678743
S2181,Term3,10,2024-08-28,65.58507225051935
S2181,Term3,11,2024-09-04,60.145071190677136
S2181,Term3,12,2024-09-11,80.66089239916784
S2182,Term1,1,2024-01-10,67.62751878305974
S2182,Term1,2,2024-01-17,68.08384846408421
S2182,Term1,3,2024-01-24,91.88120550025579
S2182,Term1,4,2024-01-31,95.51168605495096
S2182,Term1,5,2024-02-07,94.4663705902255
S2182,Term1,6,2024-02-14,98.3053199236868
S2182,Term1,7,2024-02-21,99.89361184017761
S2182,Term1,8,2024-02-28,59.45691749407683
S2182,Term1,9,2024-03-06,90.4049435191536
S2182,Term1,10,2024-03-13,78.6447016051653
S2182,Term1,11,2024-03-20,76.03090904811476
S2182,Term1,12,2024-03-27,91.72497558650447
S2182,Term2,1,2024-04-03,64.23645424125098
S2182,Term2,2,2024-04-10,63.986696729532156
S2182,Term2,3,2024-04-17,92.6028729289806
S2182,Term2,4,2024-04-24,90.85343221013078
S2182,Term2,5,2024-05-01,86.64079187045812
S2182,Term2,6,2024-05-08,74.44103914332236
S2182,Term2,7,2024-05-15,93.9259556149855
S2182,Term2,8,2024-05-22,93.16363470472571
S2182,Term2,9,2024-05-29,86.02365418056945
S2182,Term2,10,2024-06-05,70.87214750476275
S2182,Term2,11,2024-06-12,79.89701985124591
S2182,Term2,12,2024-06-19,95.05400413029331
S2182,Term3,1,2024-06-26,100.0
S2182,Term3,2,2024-07-03,81.08156075948406
S2182,Term3,3,2024-07-10,82.00392438630085
S2182,Term3,4,2024-07-17,83.05973070369927
S2182,Term3,5,2024-07-24,88.29871610693166
S2182,Term3,6,2024-07-31,78.02719239927971
S2182,Term3,7,2024-08-07,50.26977930914099
S2182,Term3,8,2024-08-14,99.31322801976516
S2182,Term3,9,2024-08-21,100.0
S2182,Term3,10,2024-08-28,77.65120168473145
S2182,Term3,11,2024-09-04,72.20015957297471
S2182,Term3,12,2024-09-11,83.35479373131733
S2183,Term1,1,2024-01-10,82.74995339525472
S2183,Term1,2,2024-01-17,96.94622292595551
S2183,Term1,3,2024-01-24,85.65567329974046
S2183,Term1,4,2024-01-31,75.4885260355458
S2183,Term1,5,2024-02-07,69.17908659330341
S2183,Term1,6,2024-02-14,95.38761021783608
S2183,Term1,7,2024-02-21,92.194134893971
S2183,Term1,8,2024-02-28,97.72671853710183
S2183,Term1,9,2024-03-06,73.38175899134687
S2183,Term1,10,2024-03-13,100.0
S2183,Term1,11,2024-03-20,64.07566591531315
S2183,Term1,12,2024-03-27,93.51521225681776
S2183,Term2,1,2024-04-03,62.08500679363718
S2183,Term2,2,2024-04-10,75.51602341961839
S2183,Term2,3,2024-04-17,100.0
S2183,Term2,4,2024-04-24,94.97637105371187
S2183,Term2,5,2024-05-01,78.44535501415382
S2183,Term2,6,2024-05-08,78.77395548613974
S2183,Term2,7,2024-05-15,86.2074653300253
S2183,Term2,8,2024-05-22,91.16969188912867
S2183,Term2,9,2024-05-29,100.0
S2183,Term2,10,2024-06-05,79.52519194469807
S2183,Term2,11,2024-06-12,65.65857923815358
S2183,Term2,12,2024-06-19,86.88362352458512
S2183,Term3,1,2024-06-26,79.51082994989926
S2183,Term3,2,2024-07-03,69.39239554301864
S2183,Term3,3,2024-07-10,88.57202698375353
S2183,Term3,4,2024-07-17,82.44263495088653
S2183,Term3,5,2024-07-24,88.67814647763753
S2183,Term3,6,2024-07-31,74.26666959775383
S2183,Term3,7,2024-08-07,90.84052636390598
S2183,Term3,8,2024-08-14,69.19482163894025
S2183,Term3,9,2024-08-21,75.067223323641
S2183,Term3,10,2024-08-28,82.08502922695267
S2183,Term3,11,2024-09-04,100.0
S2183,Term3,12,2024-09-11,94.41790442258193
S2184,Term1,1,2024-01-10,97.92631005121348
S2184,Term1,2,2024-01-17,100.0
S2184,Term1,3,2024-01-24,100.0
S2184,Term1,4,2024-01-31,85.4990688107012
S2184,Term1,5,2024-02-07,100.0
S2184,Term1,6,2024-02-14,97.1516230528233
S2184,Term1,7,2024-02-21,96.95239003969031
S2184,Term1,8,2024-02-28,100.0
S2184,Term1,9,2024-03-06,79.96824362818629
S2184,Term1,10,2024-03-13,79.01577971276345
S2184,Term1,11,2024-03-20,88.83718616178234
S2184,Term1,12,2024-03-27,82.80760273693735
S2184,Term2,1,2024-04-03,88.82201023597808
S2184,Term2,2,2024-04-10,100.0
S2184,Term2,3,2024-04-17,79.26223932752465
S2184,Term2,4,2024-04-24,81.34385244887524
S2184,Term2,5,2024-05-01,87.09173204231892
S2184,Term2,6,2024-05-08,82.26017888769798
S2184,Term2,7,2024-05-15,62.03193006383815
S2184,Term2,8,2024-05-22,78.03846828761273
S2184,Term2,9,2024-05-29,93.24847890685005
S2184,Term2,10,2024-06-05,100.0
S2184,Term2,11,2024-06-12,71.14457718954728
S2184,Term2,12,2024-06-19,71.08861120922988
S2184,Term3,1,2024-06-26,85.36280563260803
S2184,Term3,2,2024-07-03,60.09285922146596
S2184,Term3,3,2024-07-10,79.66035756415447
S2184,Term3,4,2024-07-17,64.16749528538328
S2184,Term3,5,2024-07-24,100.0
S2184,Term3,6,2024-07-31,75.76802614779515
S2184,Term3,7,2024-08-07,100.0
S2184,Term3,8,2024-08-14,98.36225624150006
S2184,Term3,9,2024-08-21,77.24419242763099
S2184,Term3,10,2024-08-28,72.13648435784707
S2184,Term3,11,2024-09-04,82.67745100998894
S2184,Term3,12,2024-09-11,83.74424050890156
S2185,Term1,1,2024-01-10,89.15376332742882
S2185,Term1,2,2024-01-17,75.68148052563785
S2185,Term1,3,2024-01-24,93.95673848226643
S2185,Term1,4,2024-01-31,88.18393665999879
S2185,Term1,5,2024-02-07,80.91525811940963
S2185,Term1,6,2024-02-14,76.45551213498372
S2185,Term1,7,2024-02-21,82.78138020281577
S2185,Term1,8,2024-02-28,75.19718497806917
S2185,Term1,9,2024-03-06,85.70126433860305
S2185,Term1,10,2024-03-13,86.02526422263892
S2185,Term1,11,2024-03-20,88.14048740171607
S2185,Term1,12,2024-03-27,100.0
S2185,Term2,1,2024-04-03,83.41066336360512
S2185,Term2,2,2024-04-10,97.05517440549379
S2185,Term2,3,2024-04-17,87.75504876370842
S2185,Term2,4,2024-04-24,82.14106837721855
S2185,Term2,5,2024-05-01,83.5700887605852
S2185,Term2,6,2024-05-08,84.2940830899834
S2185,Term2,7,2024-05-15,88.3572124927386
S2185,Term2,8,2024-05-22,73.48815081737236
S2185,Term2,9,2024-05-29,67.41591539866039
S2185,Term2,10,2024-06-05,92.85156872169131
S2185,Term2,11,2024-06-12,95.77748599097511
S2185,Term2,12,2024-06-19,93.94762999363364
S2185,Term3,1,2024-06-26,86.85966422267767
S2185,Term3,2,2024-07-03,94.20669552943946
S2185,Term3,3,2024-07-10,93.5611483122057
S2185,Term3,4,2024-07-17,94.45155230745945
S2185,Term3,5,2024-07-24,74.68551014389463
S2185,Term3,6,2024-07-31,71.83657843414443
S2185,Term3,7,2024-08-07,80.33716903897275
S2185,Term3,8,2024-08-14,84.79139068548814
S2185,Term3,9,2024-08-21,82.09694647441252
S2185,Term3,10,2024-08-28,62.47971602394549
S2185,Term3,11,2024-09-04,100.0
S2185,Term3,12,2024-09-11,81.71144813337118
S2186,Term1,1,2024-01-10,87.07245299892344
S2186,Term1,2,2024-01-17,99.9345878891567
S2186,Term1,3,2024-01-24,56.86033276574554
S2186,Term1,4,2024-01-31,78.85967353705945
S2186,Term1,5,2024-02-07,80.35459271704235
S2186,Term1,6,2024-02-14,80.96427945459226
S2186,Term1,7,2024-02-21,82.91816091143257
S2186,Term1,8,2024-02-28,100.0
S2186,Term1,9,2024-03-06,93.08150650872668
S2186,Term1,10,2024-03-13,96.49642322354595
S2186,Term1,11,2024-03-20,85.56544326173109
S2186,Term1,12,2024-03-27,68.20752344625399
S2186,Term2,1,2024-04-03,60.043635578247915
S2186,Term2,2,2024-04-10,66.64710732122043
S2186,Term2,3,2024-04-17,89.31718844999223
S2186,Term2,4,2024-04-24,85.38123655237162
S2186,Term2,5,2024-05-01,82.47803622932791
S2186,Term2,6,2024-05-08,80.57707711911836
S2186,Term2,7,2024-05-15,100.0
S2186,Term2,8,2024-05-22,75.1251569082823
S2186,Term2,9,2024-05-29,96.13383347339271
S2186,Term2,10,2024-06-05,85.02295523225193
S2186,Term2,11,2024-06-12,84.26872585856803
S2186,Term2,12,2024-06-19,99.11965058340093
S2186,Term3,1,2024-06-26,100.0
S2186,Term3,2,2024-07-03,82.12540651738195
S2186,Term3,3,2024-07-10,94.59043263090571
S2186,Term3,4,2024-07-17,89.36669634580065
S2186,Term3,5,2024-07-24,85.08924566571898
S2186,Term3,6,2024-07-31,87.45105931188431
S2186,Term3,7,2024-08-07,76.74389422186195
S2186,Term3,8,2024-08-14,81.32680728002698
S2186,Term3,9,2024-08-21,78.03237664296752
S2186,Term3,10,2024-08-28,95.81652059714703
S2186,Term3,11,2024-09-04,83.85758661350725
S2186,Term3,12,2024-09-11,69.42743170461954
S2187,Term1,1,2024-01-10,76.31875332204294
S2187,Term1,2,2024-01-17,46.60882425745386
S2187,Term1,3,2024-01-24,79.06608877741422
S2187,Term1,4,2024-01-31,85.4517407811658
S2187,Term1,5,2024-02-07,83.36636981359632
S2187,Term1,6,2024-02-14,100.0
S2187,Term1,7,2024-02-21,91.89887249098044
S2187,Term1,8,2024-02-28,91.36542223706981
S2187,Term1,9,2024-03-06,65.28077158515666
S2187,Term1,10,2024-03-13,80.62429535059441
S2187,Term1,11,2024-03-20,79.16004631211565
S2187,Term1,12,2024-03-27,75.5670256143039
S2187,Term2,1,2024-04-03,75.40143201383984
S2187,Term2,2,2024-04-10,63.30252455270052
S2187,Term2,3,2024-04-17,69.68976154382406
S2187,Term2,4,2024-04-24,95.48912083317938
S2187,Term2,5,2024-05-01,83.28502369608181
S2187,Term2,6,2024-05-08,78.923170980708
S2187,Term2,7,2024-05-15,84.9350639841675
S2187,Term2,8,2024-05-22,99.00868814441381
S2187,Term2,9,2024-05-29,85.05052625050944
S2187,Term2,10,2024-06-05,91.48448957117246
S2187,Term2,11,2024-06-12,74.84074189134091
S2187,Term2,12,2024-06-19,77.57644059103937
S2187,Term3,1,2024-06-26,89.24772262076411
S2187,Term3,2,2024-07-03,100.0
S2187,Term3,3,2024-07-10,100.0
S2187,Term3,4,2024-07-17,91.99393683347367
S2187,Term3,5,2024-07-24,86.81720512192862
S2187,Term3,6,2024-07-31,100.0
S2187,Term3,7,2024-08-07,94.53613987654148
S2187,Term3,8,2024-08-14,57.476055731552066
S2187,Term3,9,2024-08-21,72.35282982573733
S2187,Term3,10,2024-08-28,89.05768390429517
S2187,Term3,11,2024-09-04,63.55638921338833
S2187,Term3,12,2024-09-11,74.22893194291765
S2188,Term1,1,2024-01-10,76.60222067610431
S2188,Term1,2,2024-01-17,81.92600912505
S2188,Term1,3,2024-01-24,81.5508375012855
S2188,Term1,4,2024-01-31,81.53055487399807
S2188,Term1,5,2024-02-07,94.90369020688377
S2188,Term1,6,2024-02-14,81.81731361459359
S2188,Term1,7,2024-02-21,80.3844384151452
S2188,Term1,8,2024-02-28,68.8099347502778
S2188,Term1,9,2024-03-06,97.2921544238299
S2188,Term1,10,2024-03-13,76.94202983263017
S2188,Term1,11,2024-03-20,71.9556360639847
S2188,Term1,12,2024-03-27,87.55708689842766
S2188,Term2,1,2024-04-03,75.79670485140325
S2188,Term2,2,2024-04-10,78.68856712246847
S2188,Term2,3,2024-04-17,88.10152209182883
S2188,Term2,4,2024-04-24,81.08220851464533
S2188,Term2,5,2024-05-01,100.0
S2188,Term2,6,2024-05-08,84.10205748016962
S2188,Term2,7,2024-05-15,92.41405862655067
S2188,Term2,8,2024-05-22,61.699671430084656
S2188,Term2,9,2024-05-29,74.67221041702324
S2188,Term2,10,2024-06-05,71.95703566099945
S2188,Term2,11,2024-06-12,73.54744332036846
S2188,Term2,12,2024-06-19,89.98645592604403
S2188,Term3,1,2024-06-26,97.42678081332892
S2188,Term3,2,2024-07-03,89.13556605561413
S2188,Term3,3,2024-07-10,82.28026451720429
S2188,Term3,4,2024-07-17,77.42973953545096
S2188,Term3,5,2024-07-24,98.36319701423811
S2188,Term3,6,2024-07-31,100.0
S2188,Term3,7,2024-08-07,86.62066845740429
S2188,Term3,8,2024-08-14,96.27235676885887
S2188,Term3,9,2024-08-21,89.1204441975457
S2188,Term3,10,2024-08-28,94.06605887758707
S2188,Term3,11,2024-09-04,71.0254386626786
S2188,Term3,12,2024-09-11,79.14236463829451
S2189,Term1,1,2024-01-10,89.74563328054701
S2189,Term1,2,2024-01-17,99.54989132898375
S2189,Term1,3,2024-01-24,75.1823893403479
S2189,Term1,4,2024-01-31,60.600410667518474
S2189,Term1,5,2024-02-07,79.02082688270501
S2189,Term1,6,2024-02-14,97.121568572179
S2189,Term1,7,2024-02-21,65.9932529069458
S2189,Term1,8,2024-02-28,70.876961294421
S2189,Term1,9,2024-03-06,86.87102303261335
S2189,Term1,10,2024-03-13,83.60834496686243
S2189,Term1,11,2024-03-20,92.13359777863873
S2189,Term1,12,2024-03-27,70.25527887465304
S2189,Term2,1,2024-04-03,81.100256869976
S2189,Term2,2,2024-04-10,99.34222482883717
S2189,Term2,3,2024-04-17,70.68524567635859
S2189,Term2,4,2024-04-24,100.0
S2189,Term2,5,2024-05-01,72.19099616933573
S2189,Term2,6,2024-05-08,95.19257892853133
S2189,Term2,7,2024-05-15,80.52449787744249
S2189,Term2,8,2024-05-22,71.26110090833228
S2189,Term2,9,2024-05-29,79.03721143416882
S2189,Term2,10,2024-06-05,91.53915025814793
S2189,Term2,11,2024-06-12,84.91775206118211
S2189,Term2,12,2024-06-19,98.42163293732013
S2189,Term3,1,2024-06-26,100.0
S2189,Term3,2,2024-07-03,70.80363201618579
S2189,Term3,3,2024-07-10,69.92477026107586
S2189,Term3,4,2024-07-17,69.3424747165499
S2189,Term3,5,2024-07-24,74.20964684742377
S2189,Term3,6,2024-07-31,98.25057424983693
S2189,Term3,7,2024-08-07,91.72434340800082
S2189,Term3,8,2024-08-14,78.45966912493083
S2189,Term3,9,2024-08-21,84.86676891252598
S2189,Term3,10,2024-08-28,100.0
S2189,Term3,11,2024-09-04,100.0
S2189,Term3,12,2024-09-11,88.11261200131362
S2190,Term1,1,2024-01-10,53.08862579143121
S2190,Term1,2,2024-01-17,88.56744513711968
S2190,Term1,3,2024-01-24,96.21697755449617
S2190,Term1,4,2024-01-31,87.6955877902729
S2190,Term1,5,2024-02-07,93.7181790248174
S2190,Term1,6,2024-02-14,89.28478449352461
S2190,Term1,7,2024-02-21,70.18425499021762
S2190,Term1,8,2024-02-28,74.36513879963844
S2190,Term1,9,2024-03-06,81.14617375443812
S2190,Term1,10,2024-03-13,97.78497733886022
S2190,Term1,11,2024-03-20,75.80939118015255
S2190,Term1,12,2024-03-27,90.47083159801177
S2190,Term2,1,2024-04-03,88.64431112705437
S2190,Term2,2,2024-04-10,100.0
S2190,Term2,3,2024-04-17,84.49984266244702
S2190,Term2,4,2024-04-24,63.9428989806849
S2190,Term2,5,2024-05-01,92.76244557876133
S2190,Term2,6,2024-05-08,100.0
S2190,Term2,7,2024-05-15,93.54860013839748
S2190,Term2,8,2024-05-22,75.54806089827511
S2190,Term2,9,2024-05-29,72.01664944985242
S2190,Term2,10,2024-06-05,73.56437399791113
S2190,Term2,11,2024-06-12,100.0
S2190,Term2,12,2024-06-19,81.07207071374276
S2190,Term3,1,2024-06-26,77.04827927406367
S2190,Term3,2,2024-07-03,83.0987602704732
S2190,Term3,3,2024-07-10,81.19711541673158
S2190,Term3,4,2024-07-17,100.0
S2190,Term3,5,2024-07-24,72.82627010780436
S2190,Term3,6,2024-07-31,99.16771877992537
S2190,Term3,7,2024-08-07,86.46510515741302
S2190,Term3,8,2024-08-14,99.48431816113222
S2190,Term3,9,2024-08-21,100.0
S2190,Term3,10,2024-08-28,86.01757160695715
S2190,Term3,11,2024-09-04,81.21923668481001
S2190,Term3,12,2024-09-11,85.79414598238124
S2191,Term1,1,2024-01-10,83.86275193593842
S2191,Term1,2,2024-01-17,65.11640253113526
S2191,Term1,3,2024-01-24,100.0
S2191,Term1,4,2024-01-31,87.94942020857428
S2191,Term1,5,2024-02-07,71.04280977938735
S2191,Term1,6,2024-02-14,60.18972015761909
S2191,Term1,7,2024-02-21,57.068809204835816
S2191,Term1,8,2024-02-28,94.24576524025004
S2191,Term1,9,2024-03-06,77.57226917911485
S2191,Term1,10,2024-03-13,79.5411919827384
S2191,Term1,11,2024-03-20,90.85785117446588
S2191,Term1,12,2024-03-27,78.80742212677866
S2191,Term2,1,2024-04-03,91.55829299264215
S2191,Term2,2,2024-04-10,86.14316877252058
S2191,Term2,3,2024-04-17,83.99044500220917
S2191,Term2,4,2024-04-24,66.12699513170213
S2191,Term2,5,2024-05-01,75.16322372273369
S2191,Term2,6,2024-05-08,92.23042438704239
S2191,Term2,7,2024-05-15,76.81573822163139
S2191,Term2,8,2024-05-22,99.46443466941389
S2191,Term2,9,2024-05-29,100.0
S2191,Term2,10,2024-06-05,92.87662361009588
S2191,Term2,11,2024-06-12,100.0
S2191,Term2,12,2024-06-19,93.64872685955282
S2191,Term3,1,2024-06-26,78.58885572793375
S2191,Term3,2,2024-07-03,87.4018199776891
S2191,Term3,3,2024-07-10,100.0
S2191,Term3,4,2024-07-17,78.71735508847058
S2191,Term3,5,2024-07-24,72.52807241346311
S2191,Term3,6,2024-07-31,71.38966692261677
S2191,Term3,7,2024-08-07,82.38964739399741
S2191,Term3,8,2024-08-14,72.95833493628325
S2191,Term3,9,2024-08-21,100.0
S2191,Term3,10,2024-08-28,87.59627841509545
S2191,Term3,11,2024-09-04,96.66071571712604
S2191,Term3,12,2024-09-11,81.41601531304362
S2192,Term1,1,2024-01-10,71.31763362692658
S2192,Term1,2,2024-01-17,69.28727265480067
S2192,Term1,3,2024-01-24,74.10409909386254
S2192,Term1,4,2024-01-31,89.17030592832053
S2192,Term1,5,2024-02-07,91.23859518121537
S2192,Term1,6,2024-02-14,92.23835287670421
S2192,Term1,7,2024-02-21,67.13592779461771
S2192,Term1,8,2024-02-28,84.99508976922075
S2192,Term1,9,2024-03-06,72.68725802929129
S2192,Term1,10,2024-03-13,89.81759161101434
S2192,Term1,11,2024-03-20,90.74892466596943
S2192,Term1,12,2024-03-27,70.93392343568274
S2192,Term2,1,2024-04-03,96.61635528635617
S2192,Term2,2,2024-04-10,100.0
S2192,Term2,3,2024-04-17,95.01802885101594
S2192,Term2,4,2024-04-24,83.04599152538674
S2192,Term2,5,2024-05-01,81.2014515614831
S2192,Term2,6,2024-05-08,82.4912322199299
S2192,Term2,7,2024-05-15,75.87119383867588
S2192,Term2,8,2024-05-22,88.0287784798246
S2192,Term2,9,2024-05-29,71.33844890614834
S2192,Term2,10,2024-06-05,62.3236265608252
S2192,Term2,11,2024-06-12,87.63522018176258
S2192,Term2,12,2024-06-19,85.25479678930985
S2192,Term3,1,2024-06-26,78.14595980275367
S2192,Term3,2,2024-07-03,69.6076405286756
S2192,Term3,3,2024-07-10,88.47692832296842
S2192,Term3,4,2024-07-17,73.11789953715459
S2192,Term3,5,2024-07-24,83.33266778961598
S2192,Term3,6,2024-07-31,100.0
S2192,Term3,7,2024-08-07,92.81427723490461
S2192,Term3,8,2024-08-14,68.57040805141963
S2192,Term3,9,2024-08-21,69.70178114785237
S2192,Term3,10,2024-08-28,86.8218291129251
S2192,Term3,11,2024-09-04,68.49615181529175
S2192,Term3,12,2024-09-11,60.97929422518856
S2193,Term1,1,2024-01-10,91.38846413556068
S2193,Term1,2,2024-01-17,88.85122905185041
S2193,Term1,3,2024-01-24,90.40717997534959
S2193,Term1,4,2024-01-31,88.15642218181485
S2193,Term1,5,2024-02-07,84.21627145993126
S2193,Term1,6,2024-02-14,77.05373742788007
S2193,Term1,7,2024-02-21,91.19361959305532
S2193,Term1,8,2024-02-28,100.0
S2193,Term1,9,2024-03-06,78.98525191067856
S2193,Term1,10,2024-03-13,72.75111747750042
S2193,Term1,11,2024-03-20,71.37856696706513
S2193,Term1,12,2024-03-27,74.59923719999539
S2193,Term2,1,2024-04-03,87.43118229371288
S2193,Term2,2,2024-04-10,59.32446923735728
S2193,Term2,3,2024-04-17,90.27004509318792
S2193,Term2,4,2024-04-24,92.72695612355388
S2193,Term2,5,2024-05-01,63.42305968068544
S2193,Term2,6,2024-05-08,73.2498347646688
S2193,Term2,7,2024-05-15,85.95617175814496
S2193,Term2,8,2024-05-22,83.27836323634723
S2193,Term2,9,2024-05-29,91.23564961922308
S2193,Term2,10,2024-06-05,83.30635814180361
S2193,Term2,11,2024-06-12,100.0
S2193,Term2,12,2024-06-19,81.14596721147582
S2193,Term3,1,2024-06-26,73.20360415936295
S2193,Term3,2,2024-07-03,72.23869760485893
S2193,Term3,3,2024-07-10,93.82562211138027
S2193,Term3,4,2024-07-17,85.355453703483
S2193,Term3,5,2024-07-24,92.60459080870234
S2193,Term3,6,2024-07-31,92.35746999075022
S2193,Term3,7,2024-08-07,60.76180176683391
S2193,Term3,8,2024-08-14,71.31900878771867
S2193,Term3,9,2024-08-21,72.75249951395415
S2193,Term3,10,2024-08-28,75.20722973809885
S2193,Term3,11,2024-09-04,79.95573608108168
S2193,Term3,12,2024-09-11,96.98979513540623
S2194,Term1,1,2024-01-10,99.3817882286068
S2194,Term1,2,2024-01-17,81.48531003756403
S2194,Term1,3,2024-01-24,81.98462966410307
S2194,Term1,4,2024-01-31,76.53479531131256
S2194,Term1,5,2024-02-07,86.07025236686253
S2194,Term1,6,2024-02-14,87.43025059280724
S2194,Term1,7,2024-02-21,94.67770666002718
S2194,Term1,8,2024-02-28,94.58126471179064
S2194,Term1,9,2024-03-06,57.374583387171384
S2194,Term1,10,2024-03-13,83.16946062835459
S2194,Term1,11,2024-03-20,100.0
S2194,Term1,12,2024-03-27,79.74262087234099
S2194,Term2,1,2024-04-03,98.67090182035946
S2194,Term2,2,2024-04-10,81.32257839986573
S2194,Term2,3,2024-04-17,87.09908160930357
S2194,Term2,4,2024-04-24,71.35731169121021
S2194,Term2,5,2024-05-01,71.80901730920182
S2194,Term2,6,2024-05-08,93.70589886715618
S2194,Term2,7,2024-05-15,95.58181936240798
S2194,Term2,8,2024-05-22,85.3171468744059
S2194,Term2,9,2024-05-29,70.26970908833931
S2194,Term2,10,2024-06-05,85.52565467928657
S2194,Term2,11,2024-06-12,100.0
S2194,Term2,12,2024-06-19,100.0
S2194,Term3,1,2024-06-26,81.19950481208903
S2194,Term3,2,2024-07-03,65.08158579690652
S2194,Term3,3,2024-07-10,95.08436319465734
S2194,Term3,4,2024-07-17,81.68844284253998
S2194,Term3,5,2024-07-24,96.31648769873247
S2194,Term3,6,2024-07-31,88.37286670021143
S2194,Term3,7,2024-08-07,74.3986707308578
S2194,Term3,8,2024-08-14,85.69893232791257
S2194,Term3,9,2024-08-21,100.0
S2194,Term3,10,2024-08-28,83.21015213239308
S2194,Term3,11,2024-09-04,72.58233803865546
S2194,Term3,12,2024-09-11,65.93626997684012
S2195,Term1,1,2024-01-10,75.73402375762419
S2195,Term1,2,2024-01-17,80.07836485874822
S2195,Term1,3,2024-01-24,94.83998963100711
S2195,Term1,4,2024-01-31,71.54980878626054
S2195,Term1,5,2024-02-07,100.0
S2195,Term1,6,2024-02-14,68.9541734699057
S2195,Term1,7,2024-02-21,100.0
S2195,Term1,8,2024-02-28,100.0
S2195,Term1,9,2024-03-06,86.6939949926559
S2195,Term1,10,2024-03-13,65.2276775827649
S2195,Term1,11,2024-03-20,84.33491125621094
S2195,Term1,12,2024-03-27,80.35790850416193
S2195,Term2,1,2024-04-03,69.70855332338891
S2195,Term2,2,2024-04-10,88.49211552696931
S2195,Term2,3,2024-04-17,75.11628244173227
S2195,Term2,4,2024-04-24,76.42112983540503
S2195,Term2,5,2024-05-01,82.55585638513173
S2195,Term2,6,2024-05-08,78.10109405553156
S2195,Term2,7,2024-05-15,100.0
S2195,Term2,8,2024-05-22,78.5714244040054
S2195,Term2,9,2024-05-29,90.2905721367337
S2195,Term2,10,2024-06-05,86.74626990652435
S2195,Term2,11,2024-06-12,89.23300270310646
S2195,Term2,12,2024-06-19,90.14906084333118
S2195,Term3,1,2024-06-26,95.57633783927346
S2195,Term3,2,2024-07-03,88.1973529074237
S2195,Term3,3,2024-07-10,87.69874953863584
S2195,Term3,4,2024-07-17,85.70172482161767
S2195,Term3,5,2024-07-24,83.3389857719203
S2195,Term3,6,2024-07-31,74.05842542007187
S2195,Term3,7,2024-08-07,84.26957947095758
S2195,Term3,8,2024-08-14,87.8952085031864
S2195,Term3,9,2024-08-21,89.82597467887354
S2195,Term3,10,2024-08-28,87.16341727588284
S2195,Term3,11,2024-09-04,82.20453983861759
S2195,Term3,12,2024-09-11,84.31504116164923
S2196,Term1,1,2024-01-10,78.3562421853905
S2196,Term1,2,2024-01-17,88.75868789207877
S2196,Term1,3,2024-01-24,82.34646126503054
S2196,Term1,4,2024-01-31,87.16673125836964
S2196,Term1,5,2024-02-07,97.00963652059063
S2196,Term1,6,2024-02-14,76.48769308429097
S2196,Term1,7,2024-02-21,92.16034457092582
S2196,Term1,8,2024-02-28,85.39852215862447
S2196,Term1,9,2024-03-06,100.0
S2196,Term1,10,2024-03-13,82.40439605843788
S2196,Term1,11,2024-03-20,93.3419749978128
S2196,Term1,12,2024-03-27,85.18424142107172
S2196,Term2,1,2024-04-03,68.34034590023808
S2196,Term2,2,2024-04-10,78.75173085377027
S2196,Term2,3,2024-04-17,95.56565326514072
S2196,Term2,4,2024-04-24,79.80766647270072
S2196,Term2,5,2024-05-01,58.35692422192463
S2196,Term2,6,2024-05-08,84.62316379690596
S2196,Term2,7,2024-05-15,71.89196442458787
S2196,Term2,8,2024-05-22,86.58181279116063
S2196,Term2,9,2024-05-29,100.0
S2196,Term2,10,2024-06-05,94.23348772963485
S2196,Term2,11,2024-06-12,100.0
S2196,Term2,12,2024-06-19,78.2618557426661
S2196,Term3,1,2024-06-26,83.28200399637362
S2196,Term3,2,2024-07-03,72.46676563830664
S2196,Term3,3,2024-07-10,76.79147865951886
S2196,Term3,4,2024-07-17,73.87738201256585
S2196,Term3,5,2024-07-24,69.31932436945651
S2196,Term3,6,2024-07-31,100.0
S2196,Term3,7,2024-08-07,59.89647645968293
S2196,Term3,8,2024-08-14,100.0
S2196,Term3,9,2024-08-21,99.95270709904277
S2196,Term3,10,2024-08-28,90.99751210574797
S2196,Term3,11,2024-09-04,71.62591278287117
S2196,Term3,12,2024-09-11,66.01389866268151
S2197,Term1,1,2024-01-10,78.41915582483723
S2197,Term1,2,2024-01-17,92.50144547607908
S2197,Term1,3,2024-01-24,85.03676364928809
S2197,Term1,4,2024-01-31,72.47800605886292
S2197,Term1,5,2024-02-07,98.77845741587788
S2197,Term1,6,2024-02-14,100.0
S2197,Term1,7,2024-02-21,82.28081003182483
S2197,Term1,8,2024-02-28,86.31204284316814
S2197,Term1,9,2024-03-06,66.89381579644605
S2197,Term1,10,2024-03-13,80.02735940669157
S2197,Term1,11,2024-03-20,91.12527973601192
S2197,Term1,12,2024-03-27,89.25827848309333
S2197,Term2,1,2024-04-03,78.90798580948352
S2197,Term2,2,2024-04-10,81.70907789828263
S2197,Term2,3,2024-04-17,79.63347116146538
S2197,Term2,4,2024-04-24,81.65842343537938
S2197,Term2,5,2024-05-01,90.07881763021751
S2197,Term2,6,2024-05-08,61.38955497557053
S2197,Term2,7,2024-05-15,84.10780582230494
S2197,Term2,8,2024-05-22,89.19970642750827
S2197,Term2,9,2024-05-29,78.15418377230708
S2197,Term2,10,2024-06-05,79.24800347242142
S2197,Term2,11,2024-06-12,79.5952667102146
S2197,Term2,12,2024-06-19,79.25140031755409
S2197,Term3,1,2024-06-26,85.07060533420449
S2197,Term3,2,2024-07-03,86.5480330961654
S2197,Term3,3,2024-07-10,59.7938282051944
S2197,Term3,4,2024-07-17,92.83456445766745
S2197,Term3,5,2024-07-24,81.52001338783649
S2197,Term3,6,2024-07-31,100.0
S2197,Term3,7,2024-08-07,70.7002175332155
S2197,Term3,8,2024-08-14,74.59222589494802
S2197,Term3,9,2024-08-21,82.56509225700087
S2197,Term3,10,2024-08-28,89.95870539623243
S2197,Term3,11,2024-09-04,61.59079207154198
S2197,Term3,12,2024-09-11,75.05079937460673
S2198,Term1,1,2024-01-10,92.09584192688612
S2198,Term1,2,2024-01-17,73.62251264280948
S2198,Term1,3,2024-01-24,100.0
S2198,Term1,4,2024-01-31,79.55339681381113
S2198,Term1,5,2024-02-07,74.20752158389725
S2198,Term1,6,2024-02-14,92.32293109347424
S2198,Term1,7,2024-02-21,100.0
S2198,Term1,8,2024-02-28,89.99675510492676
S2198,Term1,9,2024-03-06,100.0
S2198,Term1,10,2024-03-13,100.0
S2198,Term1,11,2024-03-20,73.93769584086905
S2198,Term1,12,2024-03-27,96.26069600871504
S2198,Term2,1,2024-04-03,66.71835388835743
S2198,Term2,2,2024-04-10,90.09883038143661
S2198,Term2,3,2024-04-17,84.14418531382216
S2198,Term2,4,2024-04-24,99.91540243650475
S2198,Term2,5,2024-05-01,99.06701815581809
S2198,Term2,6,2024-05-08,91.83740020641282
S2198,Term2,7,2024-05-15,88.58113479379382
S2198,Term2,8,2024-05-22,91.1004241206634
S2198,Term2,9,2024-05-29,85.74125045651854
S2198,Term2,10,2024-06-05,84.26565110670515
S2198,Term2,11,2024-06-12,100.0
S2198,Term2,12,2024-06-19,100.0
S2198,Term3,1,2024-06-26,83.30008962757351
S2198,Term3,2,2024-07-03,87.85163683612893
S2198,Term3,3,2024-07-10,85.97986269727329
S2198,Term3,4,2024-07-17,65.65961869675365
S2198,Term3,5,2024-07-24,80.96277306865592
S2198,Term3,6,2024-07-31,100.0
S2198,Term3,7,2024-08-07,76.00268949961827
S2198,Term3,8,2024-08-14,100.0
S2198,Term3,9,2024-08-21,99.06551571507259
S2198,Term3,10,2024-08-28,89.81797780655451
S2198,Term3,11,2024-09-04,91.73011943171704
S2198,Term3,12,2024-09-11,73.9935196439797
S2199,Term1,1,2024-01-10,81.81725497330358
S2199,Term1,2,2024-01-17,100.0
S2199,Term1,3,2024-01-24,77.62564792991759
S2199,Term1,4,2024-01-31,97.73358108338559
S2199,Term1,5,2024-02-07,68.4755177267553
S2199,Term1,6,2024-02-14,70.62209905029988
S2199,Term1,7,2024-02-21,100.0
S2199,Term1,8,2024-02-28,84.8579542451161
S2199,Term1,9,2024-03-06,78.53800135606791
S2199,Term1,10,2024-03-13,100.0
S2199,Term1,11,2024-03-20,99.94985865956205
S2199,Term1,12,2024-03-27,96.04905478308686
S2199,Term2,1,2024-04-03,78.16122496705474
S2199,Term2,2,2024-04-10,81.5569890887479
S2199,Term2,3,2024-04-17,88.73954588469675
S2199,Term2,4,2024-04-24,93.33279210576684
S2199,Term2,5,2024-05-01,78.89819711177755
S2199,Term2,6,2024-05-08,87.04884532744836
S2199,Term2,7,2024-05-15,88.20869560956888
S2199,Term2,8,2024-05-22,100.0
S2199,Term2,9,2024-05-29,94.05358994722143
S2199,Term2,10,2024-06-05,66.91838026197651
S2199,Term2,11,2024-06-12,82.43643629817537
S2199,Term2,12,2024-06-19,73.854599560199
S2199,Term3,1,2024-06-26,91.81704904734008
S2199,Term3,2,2024-07-03,96.07784020606053
S2199,Term3,3,2024-07-10,86.21867182732294
S2199,Term3,4,2024-07-17,81.7824756324658
S2199,Term3,5,2024-07-24,85.8300375164318
S2199,Term3,6,2024-07-31,87.50703128173305
S2199,Term3,7,2024-08-07,77.31880417939712
S2199,Term3,8,2024-08-14,70.37546679076762
S2199,Term3,9,2024-08-21,60.39833148933576
S2199,Term3,10,2024-08-28,100.0
S2199,Term3,11,2024-09-04,90.95639492361958
S2199,Term3,12,2024-09-11,89.35013213613007
S2200,Term1,1,2024-01-10,100.0
S2200,Term1,2,2024-01-17,69.934383883691
S2200,Term1,3,2024-01-24,64.17242948973978
S2200,Term1,4,2024-01-31,89.61078299822907
S2200,Term1,5,2024-02-07,88.51925650532117
S2200,Term1,6,2024-02-14,64.22431828392696
S2200,Term1,7,2024-02-21,89.31425274568566
S2200,Term1,8,2024-02-28,80.19732457120519
S2200,Term1,9,2024-03-06,75.31494328314902
S2200,Term1,10,2024-03-13,80.99891550061105
S2200,Term1,11,2024-03-20,55.701657148978356
S2200,Term1,12,2024-03-27,77.90350931929675
S2200,Term2,1,2024-04-03,76.54846516618954
S2200,Term2,2,2024-04-10,91.68522936323369
S2200,Term2,3,2024-04-17,83.10123836186936
S2200,Term2,4,2024-04-24,92.66642648414658
S2200,Term2,5,2024-05-01,54.40552786315983
S2200,Term2,6,2024-05-08,74.93082132914742
S2200,Term2,7,2024-05-15,91.67196461885733
S2200,Term2,8,2024-05-22,81.29362443312213
S2200,Term2,9,2024-05-29,95.1455263956924
S2200,Term2,10,2024-06-05,63.34476508732932
S2200,Term2,11,2024-06-12,93.7733300762737
S2200,Term2,12,2024-06-19,77.33032938657952
S2200,Term3,1,2024-06-26,76.16563498740791
S2200,Term3,2,2024-07-03,96.89256456312943
S2200,Term3,3,2024-07-10,98.94281355947807
S2200,Term3,4,2024-07-17,97.41639635304739
S2200,Term3,5,2024-07-24,100.0
S2200,Term3,6,2024-07-31,100.0
S2200,Term3,7,2024-08-07,75.45476099521241
S2200,Term3,8,2024-08-14,86.6996575376278
S2200,Term3,9,2024-08-21,80.67762509818078
S2200,Term3,10,2024-08-28,100.0
S2200,Term3,11,2024-09-04,98.25843945638451
S2200,Term3,12,2024-09-11,82.73343835943854
S2201,Term1,1,2024-01-10,95.53491757303603
S2201,Term1,2,2024-01-17,70.21361840424274
S2201,Term1,3,2024-01-24,88.00314085174567
S2201,Term1,4,2024-01-31,73.74493008876298
S2201,Term1,5,2024-02-07,64.73689359247112
S2201,Term1,6,2024-02-14,94.414434850358
S2201,Term1,7,2024-02-21,95.90309314225061
S2201,Term1,8,2024-02-28,90.48655163454383
S2201,Term1,9,2024-03-06,82.80439551320198
S2201,Term1,10,2024-03-13,69.80369614184309
S2201,Term1,11,2024-03-20,71.06383755139304
S2201,Term1,12,2024-03-27,73.36864024313444
S2201,Term2,1,2024-04-03,82.19592049930091
S2201,Term2,2,2024-04-10,97.91414480325898
S2201,Term2,3,2024-04-17,97.72485053294383
S2201,Term2,4,2024-04-24,65.21718880464547
S2201,Term2,5,2024-05-01,76.68119995939664
S2201,Term2,6,2024-05-08,76.35806776513793
S2201,Term2,7,2024-05-15,54.62100245798506
S2201,Term2,8,2024-05-22,91.79345136339889
S2201,Term2,9,2024-05-29,82.04608210817774
S2201,Term2,10,2024-06-05,83.6422895604283
S2201,Term2,11,2024-06-12,100.0
S2201,Term2,12,2024-06-19,86.05970815941228
S2201,Term3,1,2024-06-26,79.83123442040778
S2201,Term3,2,2024-07-03,91.86493145205932
S2201,Term3,3,2024-07-10,97.70646215890675
S2201,Term3,4,2024-07-17,88.55761079259071
S2201,Term3,5,2024-07-24,93.27027518437778
S2201,Term3,6,2024-07-31,83.25318820308539
S2201,Term3,7,2024-08-07,84.01770704368404
S2201,Term3,8,2024-08-14,86.35624852358595
S2201,Term3,9,2024-08-21,75.96254859480806
S2201,Term3,10,2024-08-28,78.18326062756479
S2201,Term3,11,2024-09-04,100.0
S2201,Term3,12,2024-09-11,100.0
S2202,Term1,1,2024-01-10,100.0
S2202,Term1,2,2024-01-17,69.12091171877744
S2202,Term1,3,2024-01-24,67.96170958498033
S2202,Term1,4,2024-01-31,70.71148681665807
S2202,Term1,5,2024-02-07,86.61264930255376
S2202,Term1,6,2024-02-14,51.295304891708035
S2202,Term1,7,2024-02-21,77.934381200566
S2202,Term1,8,2024-02-28,100.0
S2202,Term1,9,2024-03-06,96.78926596874689
S2202,Term1,10,2024-03-13,78.8908641931179
S2202,Term1,11,2024-03-20,79.79973470595235
S2202,Term1,12,2024-03-27,91.80690048168285
S2202,Term2,1,2024-04-03,96.22322506293038
S2202,Term2,2,2024-04-10,78.60235278712288
S2202,Term2,3,2024-04-17,82.18760773936675
S2202,Term2,4,2024-04-24,78.20788325775972
S2202,Term2,5,2024-05-01,69.02380670349743
S2202,Term2,6,2024-05-08,82.36307502373823
S2202,Term2,7,2024-05-15,81.44886951749484
S2202,Term2,8,2024-05-22,69.87227060813613
S2202,Term2,9,2024-05-29,92.75297125165275
S2202,Term2,10,2024-06-05,90.79984814351067
S2202,Term2,11,2024-06-12,93.34863641014091
S2202,Term2,12,2024-06-19,75.78315573442758
S2202,Term3,1,2024-06-26,61.197091862624234
S2202,Term3,2,2024-07-03,90.60797355574779
S2202,Term3,3,2024-07-10,77.03064742444344
S2202,Term3,4,2024-07-17,74.31198240105158
S2202,Term3,5,2024-07-24,69.9153631042787
S2202,Term3,6,2024-07-31,81.69612966295415
S2202,Term3,7,2024-08-07,100.0
S2202,Term3,8,2024-08-14,78.93460574373383
S2202,Term3,9,2024-08-21,71.9223634699968
S2202,Term3,10,2024-08-28,92.82320081236034
S2202,Term3,11,2024-09-04,87.07374735725541
S2202,Term3,12,2024-09-11,59.56838358774151
S2203,Term1,1,2024-01-10,92.94815583703944
S2203,Term1,2,2024-01-17,100.0
S2203,Term1,3,2024-01-24,53.793568870851715
S2203,Term1,4,2024-01-31,70.17152771173451
S2203,Term1,5,2024-02-07,50.81767493618072
S2203,Term1,6,2024-02-14,84.09634695110998
S2203,Term1,7,2024-02-21,96.88463483933623
S2203,Term1,8,2024-02-28,86.26600899755535
S2203,Term1,9,2024-03-06,100.0
S2203,Term1,10,2024-03-13,94.9666034839616
S2203,Term1,11,2024-03-20,100.0
S2203,Term1,12,2024-03-27,98.92252921728513
S2203,Term2,1,2024-04-03,80.16468317668594
S2203,Term2,2,2024-04-10,85.80071747481807
S2203,Term2,3,2024-04-17,74.57587701422833
S2203,Term2,4,2024-04-24,82.23212597358342
S2203,Term2,5,2024-05-01,85.74198006421744
S2203,Term2,6,2024-05-08,83.98111211757575
S2203,Term2,7,2024-05-15,100.0
S2203,Term2,8,2024-05-22,81.03798324991803
S2203,Term2,9,2024-05-29,73.81496303731171
S2203,Term2,10,2024-06-05,74.56466758116176
S2203,Term2,11,2024-06-12,92.86120325947037
S2203,Term2,12,2024-06-19,68.16233910293201
S2203,Term3,1,2024-06-26,82.58576595818899
S2203,Term3,2,2024-07-03,100.0
S2203,Term3,3,2024-07-10,88.51118134888996
S2203,Term3,4,2024-07-17,84.10473533057494
S2203,Term3,5,2024-07-24,84.56907515633884
S2203,Term3,6,2024-07-31,72.64522489327393
S2203,Term3,7,2024-08-07,74.7143834747855
S2203,Term3,8,2024-08-14,82.65781992502508
S2203,Term3,9,2024-08-21,88.25527636131152
S2203,Term3,10,2024-08-28,96.37780014162533
S2203,Term3,11,2024-09-04,86.11072740605722
S2203,Term3,12,2024-09-11,100.0
S2204,Term1,1,2024-01-10,100.0
S2204,Term1,2,2024-01-17,94.54320654978645
S2204,Term1,3,2024-01-24,99.69977689667061
S2204,Term1,4,2024-01-31,73.11143774334286
S2204,Term1,5,2024-02-07,71.20961278374325
S2204,Term1,6,2024-02-14,91.21568051548199
S2204,Term1,7,2024-02-21,68.90548225759544
S2204,Term1,8,2024-02-28,81.5155378718088
S2204,Term1,9,2024-03-06,94.25430286395687
S2204,Term1,10,2024-03-13,100.0
S2204,Term1,11,2024-03-20,81.94941219654322
S2204,Term1,12,2024-03-27,77.20066845630771
S2204,Term2,1,2024-04-03,88.84553945813899
S2204,Term2,2,2024-04-10,72.11747867771334
S2204,Term2,3,2024-04-17,82.92065622047888
S2204,Term2,4,2024-04-24,84.90399942068463
S2204,Term2,5,2024-05-01,84.66419208795045
S2204,Term2,6,2024-05-08,86.06204168581458
S2204,Term2,7,2024-05-15,74.9858217331343
S2204,Term2,8,2024-05-22,76.276084088579
S2204,Term2,9,2024-05-29,76.03460486760855
S2204,Term2,10,2024-06-05,65.55886792965931
S2204,Term2,11,2024-06-12,89.10196386215327
S2204,Term2,12,2024-06-19,95.73588942030406
S2204,Term3,1,2024-06-26,94.55572099424244
S2204,Term3,2,2024-07-03,81.85003767447094
S2204,Term3,3,2024-07-10,75.26793712643335
S2204,Term3,4,2024-07-17,93.93177570835228
S2204,Term3,5,2024-07-24,92.66707626849463
S2204,Term3,6,2024-07-31,87.60904770923555
S2204,Term3,7,2024-08-07,100.0
S2204,Term3,8,2024-08-14,84.68289374359524
S2204,Term3,9,2024-08-21,81.91732019290133
S2204,Term3,10,2024-08-28,80.2021920271048
S2204,Term3,11,2024-09-04,66.26946752223031
S2204,Term3,12,2024-09-11,92.93607956970752
S2205,Term1,1,2024-01-10,83.73417559410669
S2205,Term1,2,2024-01-17,91.11917489628155
S2205,Term1,3,2024-01-24,100.0
S2205,Term1,4,2024-01-31,80.3109787611446
S2205,Term1,5,2024-02-07,56.94389539850138
S2205,Term1,6,2024-02-14,90.77284443412927
S2205,Term1,7,2024-02-21,87.0023126787121
S2205,Term1,8,2024-02-28,76.21055348834416
S2205,Term1,9,2024-03-06,89.76719602745797
S2205,Term1,10,2024-03-13,94.4331558412525
S2205,Term1,11,2024-03-20,73.64068107746144
S2205,Term1,12,2024-03-27,81.38401766315941
S2205,Term2,1,2024-04-03,100.0
S2205,Term2,2,2024-04-10,76.34053370524762
S2205,Term2,3,2024-04-17,85.80003706496542
S2205,Term2,4,2024-04-24,53.507066007473384
S2205,Term2,5,2024-05-01,67.21785398702445
S2205,Term2,6,2024-05-08,86.8902099679936
S2205,Term2,7,2024-05-15,99.73585371502722
S2205,Term2,8,2024-05-22,68.65564381598799
S2205,Term2,9,2024-05-29,85.89476874472597
S2205,Term2,10,2024-06-05,80.4913850913554
S2205,Term2,11,2024-06-12,96.43705665990993
S2205,Term2,12,2024-06-19,70.38636033612897
S2205,Term3,1,2024-06-26,90.16093178040983
S2205,Term3,2,2024-07-03,77.15571175604492
S2205,Term3,3,2024-07-10,87.6764562979177
S2205,Term3,4,2024-07-17,85.82717262770167
S2205,Term3,5,2024-07-24,81.97865111028858
S2205,Term3,6,2024-07-31,90.73374215523262
S2205,Term3,7,2024-08-07,85.52383281163553
S2205,Term3,8,2024-08-14,83.40632437507966
S2205,Term3,9,2024-08-21,80.72300159172708
S2205,Term3,10,2024-08-28,85.93118067694404
S2205,Term3,11,2024-09-04,87.66452257775286
S2205,Term3,12,2024-09-11,73.13029503903255
S2206,Term1,1,2024-01-10,80.80634514499148
S2206,Term1,2,2024-01-17,72.33776866442592
S2206,Term1,3,2024-01-24,84.52185492663057
S2206,Term1,4,2024-01-31,77.89201354175167
S2206,Term1,5,2024-02-07,94.24939777577507
S2206,Term1,6,2024-02-14,93.07272373308028
S2206,Term1,7,2024-02-21,73.92701723722756
S2206,Term1,8,2024-02-28,84.97231185521831
S2206,Term1,9,2024-03-06,92.66219895098037
S2206,Term1,10,2024-03-13,82.89630015803165
S2206,Term1,11,2024-03-20,76.26138970233346
S2206,Term1,12,2024-03-27,71.89115766346245
S2206,Term2,1,2024-04-03,95.25121073894034
S2206,Term2,2,2024-04-10,95.83255777941963
S2206,Term2,3,2024-04-17,82.50462881351142
S2206,Term2,4,2024-04-24,94.19365101432012
S2206,Term2,5,2024-05-01,49.417473641375906
S2206,Term2,6,2024-05-08,100.0
S2206,Term2,7,2024-05-15,83.11666233667385
S2206,Term2,8,2024-05-22,86.70131872959386
S2206,Term2,9,2024-05-29,81.15378731600836
S2206,Term2,10,2024-06-05,100.0
S2206,Term2,11,2024-06-12,72.2712205125336
S2206,Term2,12,2024-06-19,100.0
S2206,Term3,1,2024-06-26,89.75525105134133
S2206,Term3,2,2024-07-03,92.4719705910179
S2206,Term3,3,2024-07-10,81.049545240053
S2206,Term3,4,2024-07-17,69.30136962524355
S2206,Term3,5,2024-07-24,96.16612918643321
S2206,Term3,6,2024-07-31,88.73690021427197
S2206,Term3,7,2024-08-07,100.0
S2206,Term3,8,2024-08-14,82.67468415741162
S2206,Term3,9,2024-08-21,79.96922345321302
S2206,Term3,10,2024-08-28,100.0
S2206,Term3,11,2024-09-04,100.0
S2206,Term3,12,2024-09-11,85.11216611638876
S2207,Term1,1,2024-01-10,75.96691003771473
S2207,Term1,2,2024-01-17,94.7263691534746
S2207,Term1,3,2024-01-24,81.9517532059519
S2207,Term1,4,2024-01-31,92.19115390480958
S2207,Term1,5,2024-02-07,81.88868830745496
S2207,Term1,6,2024-02-14,100.0
S2207,Term1,7,2024-02-21,76.6061259393916
S2207,Term1,8,2024-02-28,90.76635595026352
S2207,Term1,9,2024-03-06,79.13557635721452
S2207,Term1,10,2024-03-13,81.62192126295076
S2207,Term1,11,2024-03-20,80.05533214287308
S2207,Term1,12,2024-03-27,93.86329679312098
S2207,Term2,1,2024-04-03,96.02035737920644
S2207,Term2,2,2024-04-10,91.69286594718845
S2207,Term2,3,2024-04-17,83.70419839905675
S2207,Term2,4,2024-04-24,86.68216037201911
S2207,Term2,5,2024-05-01,95.77265882151309
S2207,Term2,6,2024-05-08,96.15173904649126
S2207,Term2,7,2024-05-15,52.71669242375758
S2207,Term2,8,2024-05-22,81.73333393872765
S2207,Term2,9,2024-05-29,82.30889450272618
S2207,Term2,10,2024-06-05,93.03103076951395
S2207,Term2,11,2024-06-12,84.19875018747105
S2207,Term2,12,2024-06-19,93.63020057139144
S2207,Term3,1,2024-06-26,72.05607074763337
S2207,Term3,2,2024-07-03,88.12065418552936
S2207,Term3,3,2024-07-10,95.80246784140593
S2207,Term3,4,2024-07-17,67.30740556818222
S2207,Term3,5,2024-07-24,100.0
S2207,Term3,6,2024-07-31,99.29063119439823
S2207,Term3,7,2024-08-07,85.0162396295877
S2207,Term3,8,2024-08-14,75.05910271313478
S2207,Term3,9,2024-08-21,82.89897819671553
S2207,Term3,10,2024-08-28,86.00562831533608
S2207,Term3,11,2024-09-04,90.28795068174458
S2207,Term3,12,2024-09-11,100.0
S2208,Term1,1,2024-01-10,79.28681836668585
S2208,Term1,2,2024-01-17,91.75251805087073
S2208,Term1,3,2024-01-24,69.49085004879865
S2208,Term1,4,2024-01-31,80.03679142809679
S2208,Term1,5,2024-02-07,89.5206021744323
S2208,Term1,6,2024-02-14,93.29514989210566
S2208,Term1,7,2024-02-21,75.96121028002456
S2208,Term1,8,2024-02-28,79.71049964785703
S2208,Term1,9,2024-03-06,100.0
S2208,Term1,10,2024-03-13,98.94290343553654
S2208,Term1,11,2024-03-20,87.5014866046284
S2208,Term1,12,2024-03-27,58.160258161351415
S2208,Term2,1,2024-04-03,100.0
S2208,Term2,2,2024-04-10,84.76082126011306
S2208,Term2,3,2024-04-17,81.24919530374407
S2208,Term2,4,2024-04-24,78.73168088975062
S2208,Term2,5,2024-05-01,89.5164044463893
S2208,Term2,6,2024-05-08,89.63899107005116
S2208,Term2,7,2024-05-15,96.40753447751815
S2208,Term2,8,2024-05-22,73.88725402781185
S2208,Term2,9,2024-05-29,81.25006146230487
S2208,Term2,10,2024-06-05,100.0
S2208,Term2,11,2024-06-12,87.6950875989999
S2208,Term2,12,2024-06-19,82.92970752007905
S2208,Term3,1,2024-06-26,73.70058681299558
S2208,Term3,2,2024-07-03,91.07121166984902
S2208,Term3,3,2024-07-10,97.37221860450933
S2208,Term3,4,2024-07-17,95.49505174971769
S2208,Term3,5,2024-07-24,81.894389636693
S2208,Term3,6,2024-07-31,89.33502740036243
S2208,Term3,7,2024-08-07,100.0
S2208,Term3,8,2024-08-14,97.85058750605762
S2208,Term3,9,2024-08-21,75.59004709368017
S2208,Term3,10,2024-08-28,54.44793922454237
S2208,Term3,11,2024-09-04,88.56127008501082
S2208,Term3,12,2024-09-11,94.5828175209812
S2209,Term1,1,2024-01-10,71.92930609752085
S2209,Term1,2,2024-01-17,84.89452573452667
S2209,Term1,3,2024-01-24,81.83561120952305
S2209,Term1,4,2024-01-31,86.25143586678638
S2209,Term1,5,2024-02-07,78.46364455456344
S2209,Term1,6,2024-02-14,100.0
S2209,Term1,7,2024-02-21,86.77562656759315
S2209,Term1,8,2024-02-28,74.451797366023
S2209,Term1,9,2024-03-06,96.00954584312464
S2209,Term1,10,2024-03-13,69.82974884809954
S2209,Term1,11,2024-03-20,100.0
S2209,Term1,12,2024-03-27,96.89271309067077
S2209,Term2,1,2024-04-03,100.0
S2209,Term2,2,2024-04-10,83.10104353070061
S2209,Term2,3,2024-04-17,79.04663224259949
S2209,Term2,4,2024-04-24,86.00826113119712
S2209,Term2,5,2024-05-01,83.98675856373363
S2209,Term2,6,2024-05-08,77.16716457323786
S2209,Term2,7,2024-05-15,78.3565202304923
S2209,Term2,8,2024-05-22,80.60352583280243
S2209,Term2,9,2024-05-29,70.95995576272165
S2209,Term2,10,2024-06-05,93.13555947519201
S2209,Term2,11,2024-06-12,84.37243434914792
S2209,Term2,12,2024-06-19,81.29945836919623
S2209,Term3,1,2024-06-26,71.67575006869987
S2209,Term3,2,2024-07-03,71.07552426799042
S2209,Term3,3,2024-07-10,100.0
S2209,Term3,4,2024-07-17,77.47291044566117
S2209,Term3,5,2024-07-24,92.32634073051192
S2209,Term3,6,2024-07-31,86.95161363880213
S2209,Term3,7,2024-08-07,51.69773846670277
S2209,Term3,8,2024-08-14,100.0
S2209,Term3,9,2024-08-21,93.20900774531339
S2209,Term3,10,2024-08-28,75.7879581483423
S2209,Term3,11,2024-09-04,84.65960194684486
S2209,Term3,12,2024-09-11,71.20979959115601
S2210,Term1,1,2024-01-10,100.0
S2210,Term1,2,2024-01-17,74.10810750110242
S2210,Term1,3,2024-01-24,78.72299203966409
S2210,Term1,4,2024-01-31,76.2452670622289
S2210,Term1,5,2024-02-07,85.96455280251004
S2210,Term1,6,2024-02-14,100.0
S2210,Term1,7,2024-02-21,100.0
S2210,Term1,8,2024-02-28,80.21204626933243
S2210,Term1,9,2024-03-06,89.53910778781507
S2210,Term1,10,2024-03-13,85.98286495124889
S2210,Term1,11,2024-03-20,73.2206888266713
S2210,Term1,12,2024-03-27,100.0
S2210,Term2,1,2024-04-03,100.0
S2210,Term2,2,2024-04-10,87.26939019653241
S2210,Term2,3,2024-04-17,100.0
S2210,Term2,4,2024-04-24,99.54528055261366
S2210,Term2,5,2024-05-01,85.98233609298107
S2210,Term2,6,2024-05-08,88.91156326393592
S2210,Term2,7,2024-05-15,100.0
S2210,Term2,8,2024-05-22,73.64615702644383
S2210,Term2,9,2024-05-29,100.0
S2210,Term2,10,2024-06-05,82.2986492717786
S2210,Term2,11,2024-06-12,100.0
S2210,Term2,12,2024-06-19,84.93728083044616
S2210,Term3,1,2024-06-26,89.05127466967566
S2210,Term3,2,2024-07-03,84.5882997211305
S2210,Term3,3,2024-07-10,78.61787652626526
S2210,Term3,4,2024-07-17,81.75934122226826
S2210,Term3,5,2024-07-24,100.0
S2210,Term3,6,2024-07-31,57.23003220793038
S2210,Term3,7,2024-08-07,70.13240866234196
S2210,Term3,8,2024-08-14,76.29433948770277
S2210,Term3,9,2024-08-21,72.05986249076774
S2210,Term3,10,2024-08-28,100.0
S2210,Term3,11,2024-09-04,100.0
S2210,Term3,12,2024-09-11,92.10438171273539
S2211,Term1,1,2024-01-10,77.34635119026957
S2211,Term1,2,2024-01-17,100.0
S2211,Term1,3,2024-01-24,65.94244088805347
S2211,Term1,4,2024-01-31,100.0
S2211,Term1,5,2024-02-07,76.78444243386939
S2211,Term1,6,2024-02-14,81.85557733790274
S2211,Term1,7,2024-02-21,79.84787379406343
S2211,Term1,8,2024-02-28,72.12271103081588
S2211,Term1,9,2024-03-06,100.0
S2211,Term1,10,2024-03-13,94.46673556941384
S2211,Term1,11,2024-03-20,99.58564650495745
S2211,Term1,12,2024-03-27,70.31596873527074
S2211,Term2,1,2024-04-03,87.17125392404799
S2211,Term2,2,2024-04-10,91.25234427197684
S2211,Term2,3,2024-04-17,88.24907828259812
S2211,Term2,4,2024-04-24,71.075518587184
S2211,Term2,5,2024-05-01,97.90600025356764
S2211,Term2,6,2024-05-08,86.45860099342185
S2211,Term2,7,2024-05-15,73.54043157228396
S2211,Term2,8,2024-05-22,62.736993525368035
S2211,Term2,9,2024-05-29,92.27999816187855
S2211,Term2,10,2024-06-05,100.0
S2211,Term2,11,2024-06-12,72.81694871984462
S2211,Term2,12,2024-06-19,87.0453646049556
S2211,Term3,1,2024-06-26,98.32596734909892
S2211,Term3,2,2024-07-03,69.76417280678439
S2211,Term3,3,2024-07-10,79.2405187709797
S2211,Term3,4,2024-07-17,74.67809464886318
S2211,Term3,5,2024-07-24,96.81612033789455
S2211,Term3,6,2024-07-31,100.0
S2211,Term3,7,2024-08-07,86.90843517678081
S2211,Term3,8,2024-08-14,74.89919117207079
S2211,Term3,9,2024-08-21,79.68650874486583
S2211,Term3,10,2024-08-28,77.43401782903896
S2211,Term3,11,2024-09-04,73.27277366052392
S2211,Term3,12,2024-09-11,83.77554159017842
S2212,Term1,1,2024-01-10,91.89791781354235
S2212,Term1,2,2024-01-17,90.88308933314224
S2212,Term1,3,2024-01-24,84.90121162516587
S2212,Term1,4,2024-01-31,85.68464604190437
S2212,Term1,5,2024-02-07,84.02139045892265
S2212,Term1,6,2024-02-14,69.43346153000472
S2212,Term1,7,2024-02-21,86.92161876379447
S2212,Term1,8,2024-02-28,77.9964929745442
S2212,Term1,9,2024-03-06,68.83188137008675
S2212,Term1,10,2024-03-13,89.448466805387
S2212,Term1,11,2024-03-20,77.65923956297746
S2212,Term1,12,2024-03-27,87.73304705510603
S2212,Term2,1,2024-04-03,95.17165378083313
S2212,Term2,2,2024-04-10,73.59713534625722
S2212,Term2,3,2024-04-17,86.10545538487565
S2212,Term2,4,2024-04-24,63.274925419235664
S2212,Term2,5,2024-05-01,100.0
S2212,Term2,6,2024-05-08,68.69120203733462
S2212,Term2,7,2024-05-15,78.82216405123151
S2212,Term2,8,2024-05-22,100.0
S2212,Term2,9,2024-05-29,82.18572488702817
S2212,Term2,10,2024-06-05,70.6312277643964
S2212,Term2,11,2024-06-12,93.55687878743842
S2212,Term2,12,2024-06-19,93.28638954581422
S2212,Term3,1,2024-06-26,77.4017639276172
S2212,Term3,2,2024-07-03,78.7008817506352
S2212,Term3,3,2024-07-10,79.77509235258296
S2212,Term3,4,2024-07-17,82.51571247176763
S2212,Term3,5,2024-07-24,62.28434707693832
S2212,Term3,6,2024-07-31,82.8229136665828
S2212,Term3,7,2024-08-07,100.0
S2212,Term3,8,2024-08-14,74.24836039315954
S2212,Term3,9,2024-08-21,77.99807687836284
S2212,Term3,10,2024-08-28,70.79658804164325
S2212,Term3,11,2024-09-04,92.34594311674425
S2212,Term3,12,2024-09-11,99.43836829770852
S2213,Term1,1,2024-01-10,99.16381407013151
S2213,Term1,2,2024-01-17,70.02387293327608
S2213,Term1,3,2024-01-24,90.99750076596352
S2213,Term1,4,2024-01-31,100.0
S2213,Term1,5,2024-02-07,91.11595729252147
S2213,Term1,6,2024-02-14,90.74091620012533
S2213,Term1,7,2024-02-21,79.3402890563781
S2213,Term1,8,2024-02-28,87.64131788552396
S2213,Term1,9,2024-03-06,99.83581815647686
S2213,Term1,10,2024-03-13,88.93850762114516
S2213,Term1,11,2024-03-20,70.02070292764328
S2213,Term1,12,2024-03-27,79.52749990856834
S2213,Term2,1,2024-04-03,99.51135446666792
S2213,Term2,2,2024-04-10,88.89691984421314
S2213,Term2,3,2024-04-17,86.42874493891692
S2213,Term2,4,2024-04-24,78.3518136010396
S2213,Term2,5,2024-05-01,99.26319016641322
S2213,Term2,6,2024-05-08,100.0
S2213,Term2,7,2024-05-15,100.0
S2213,Term2,8,2024-05-22,100.0
S2213,Term2,9,2024-05-29,80.695525110806
S2213,Term2,10,2024-06-05,78.99797083151316
S2213,Term2,11,2024-06-12,83.12385791800978
S2213,Term2,12,2024-06-19,85.46287890371505
S2213,Term3,1,2024-06-26,100.0
S2213,Term3,2,2024-07-03,98.990640873621
S2213,Term3,3,2024-07-10,91.46163264705393
S2213,Term3,4,2024-07-17,67.82575880983735
S2213,Term3,5,2024-07-24,64.7437378648375
S2213,Term3,6,2024-07-31,87.88555293762045
S2213,Term3,7,2024-08-07,95.5631584672086
S2213,Term3,8,2024-08-14,84.04519541216635
S2213,Term3,9,2024-08-21,100.0
S2213,Term3,10,2024-08-28,72.01070747463477
S2213,Term3,11,2024-09-04,70.49977660605282
S2213,Term3,12,2024-09-11,77.02862830630815
S2214,Term1,1,2024-01-10,76.57243344170517
S2214,Term1,2,2024-01-17,91.31543042418375
S2214,Term1,3,2024-01-24,79.93945777787796
S2214,Term1,4,2024-01-31,66.42591446465606
S2214,Term1,5,2024-02-07,95.6989414803414
S2214,Term1,6,2024-02-14,63.880576887134445
S2214,Term1,7,2024-02-21,72.14538132387149
S2214,Term1,8,2024-02-28,65.52752115107357
S2214,Term1,9,2024-03-06,87.48545532485048
S2214,Term1,10,2024-03-13,87.23257254581455
S2214,Term1,11,2024-03-20,100.0
S2214,Term1,12,2024-03-27,95.9659198737466
S2214,Term2,1,2024-04-03,100.0
S2214,Term2,2,2024-04-10,88.46331581558192
S2214,Term2,3,2024-04-17,73.27681814691324
S2214,Term2,4,2024-04-24,86.53729122392195
S2214,Term2,5,2024-05-01,92.10905208864769
S2214,Term2,6,2024-05-08,93.44568858701889
S2214,Term2,7,2024-05-15,79.3310542706999
S2214,Term2,8,2024-05-22,90.86543768538878
S2214,Term2,9,2024-05-29,73.80366434990482
S2214,Term2,10,2024-06-05,72.4806688706714
S2214,Term2,11,2024-06-12,71.61058346337418
S2214,Term2,12,2024-06-19,85.29551186268156
S2214,Term3,1,2024-06-26,70.86596373908435
S2214,Term3,2,2024-07-03,79.90306732154791
S2214,Term3,3,2024-07-10,95.8349986169675
S2214,Term3,4,2024-07-17,72.65044386306033
S2214,Term3,5,2024-07-24,78.94825559794819
S2214,Term3,6,2024-07-31,85.85957532131404
S2214,Term3,7,2024-08-07,87.9626428183872
S2214,Term3,8,2024-08-14,79.00851291033327
S2214,Term3,9,2024-08-21,94.44232082482188
S2214,Term3,10,2024-08-28,92.0854276094167
S2214,Term3,11,2024-09-04,98.67827925234043
S2214,Term3,12,2024-09-11,84.02077690783528
S2215,Term1,1,2024-01-10,78.84617428652388
S2215,Term1,2,2024-01-17,76.80841573585454
S2215,Term1,3,2024-01-24,88.68433021515236
S2215,Term1,4,2024-01-31,80.47413060626472
S2215,Term1,5,2024-02-07,78.16996266783053
S2215,Term1,6,2024-02-14,79.62055282905614
S2215,Term1,7,2024-02-21,76.79571417850897
S2215,Term1,8,2024-02-28,87.38825335315279
S2215,Term1,9,2024-03-06,68.04900180947126
S2215,Term1,10,2024-03-13,88.63619550969955
S2215,Term1,11,2024-03-20,93.1185851248354
S2215,Term1,12,2024-03-27,78.02945034187243
S2215,Term2,1,2024-04-03,100.0
S2215,Term2,2,2024-04-10,85.21145573172224
S2215,Term2,3,2024-04-17,66.26388420280134
S2215,Term2,4,2024-04-24,81.62508512395995
S2215,Term2,5,2024-05-01,85.75187373922957
S2215,Term2,6,2024-05-08,90.38761066684256
S2215,Term2,7,2024-05-15,81.91083371066983
S2215,Term2,8,2024-05-22,72.86115669154731
S2215,Term2,9,2024-05-29,71.8602325826526
S2215,Term2,10,2024-06-05,77.15680857781994
S2215,Term2,11,2024-06-12,78.30669564977484
S2215,Term2,12,2024-06-19,71.38031002120891
S2215,Term3,1,2024-06-26,76.2062420667556
S2215,Term3,2,2024-07-03,92.91350229327226
S2215,Term3,3,2024-07-10,100.0
S2215,Term3,4,2024-07-17,94.06554056645156
S2215,Term3,5,2024-07-24,100.0
S2215,Term3,6,2024-07-31,96.68942161880437
S2215,Term3,7,2024-08-07,94.99756394078014
S2215,Term3,8,2024-08-14,80.94644484331207
S2215,Term3,9,2024-08-21,86.69093054064336
S2215,Term3,10,2024-08-28,79.95256789052775
S2215,Term3,11,2024-09-04,82.37071405199647
S2215,Term3,12,2024-09-11,85.81800520463904
S2216,Term1,1,2024-01-10,93.56279381894832
S2216,Term1,2,2024-01-17,90.07988057818149
S2216,Term1,3,2024-01-24,83.05804884382772
S2216,Term1,4,2024-01-31,85.6664648907
S2216,Term1,5,2024-02-07,90.20156409032232
S2216,Term1,6,2024-02-14,93.00873325669401
S2216,Term1,7,2024-02-21,66.77205804091358
S2216,Term1,8,2024-02-28,72.07133243321276
S2216,Term1,9,2024-03-06,98.2877264072721
S2216,Term1,10,2024-03-13,84.2695651608273
S2216,Term1,11,2024-03-20,79.91108087959626
S2216,Term1,12,2024-03-27,81.83800632488753
S2216,Term2,1,2024-04-03,81.83553633308135
S2216,Term2,2,2024-04-10,91.69525337829248
S2216,Term2,3,2024-04-17,71.7038032722308
S2216,Term2,4,2024-04-24,85.29733295796113
S2216,Term2,5,2024-05-01,87.95341275340485
S2216,Term2,6,2024-05-08,89.75521499878604
S2216,Term2,7,2024-05-15,87.67436795452352
S2216,Term2,8,2024-05-22,91.19087476376833
S2216,Term2,9,2024-05-29,78.12764618730024
S2216,Term2,10,2024-06-05,73.69836721210054
S2216,Term2,11,2024-06-12,100.0
S2216,Term2,12,2024-06-19,81.38482378510916
S2216,Term3,1,2024-06-26,82.78654635214518
S2216,Term3,2,2024-07-03,93.13408117261461
S2216,Term3,3,2024-07-10,100.0
S2216,Term3,4,2024-07-17,78.46566259678364
S2216,Term3,5,2024-07-24,73.0142167817257
S2216,Term3,6,2024-07-31,70.09415979050067
S2216,Term3,7,2024-08-07,100.0
S2216,Term3,8,2024-08-14,72.54271616246758
S2216,Term3,9,2024-08-21,84.6693287618132
S2216,Term3,10,2024-08-28,73.27258201548437
S2216,Term3,11,2024-09-04,67.61972898450036
S2216,Term3,12,2024-09-11,81.49149576287577
S2217,Term1,1,2024-01-10,73.74656000390607
S2217,Term1,2,2024-01-17,76.70045889492025
S2217,Term1,3,2024-01-24,100.0
S2217,Term1,4,2024-01-31,90.09875325006884
S2217,Term1,5,2024-02-07,96.17763423464787
S2217,Term1,6,2024-02-14,94.89591475419104
S2217,Term1,7,2024-02-21,83.7896689230517
S2217,Term1,8,2024-02-28,79.72337968746851
S2217,Term1,9,2024-03-06,87.9872153423334
S2217,Term1,10,2024-03-13,87.02140923918994
S2217,Term1,11,2024-03-20,78.1743349940163
S2217,Term1,12,2024-03-27,86.55817396560232
S2217,Term2,1,2024-04-03,76.5240435196445
S2217,Term2,2,2024-04-10,82.94250483230992
S2217,Term2,3,2024-04-17,80.97659830579195
S2217,Term2,4,2024-04-24,69.77352888873065
S2217,Term2,5,2024-05-01,56.78610144265396
S2217,Term2,6,2024-05-08,73.73124100072361
S2217,Term2,7,2024-05-15,100.0
S2217,Term2,8,2024-05-22,81.28381861555927
S2217,Term2,9,2024-05-29,94.31161793075685
S2217,Term2,10,2024-06-05,59.5066582828797
S2217,Term2,11,2024-06-12,72.90056718442807
S2217,Term2,12,2024-06-19,68.74612459165179
S2217,Term3,1,2024-06-26,82.57239987895463
S2217,Term3,2,2024-07-03,100.0
S2217,Term3,3,2024-07-10,90.52286731873501
S2217,Term3,4,2024-07-17,100.0
S2217,Term3,5,2024-07-24,81.94675926777204
S2217,Term3,6,2024-07-31,100.0
S2217,Term3,7,2024-08-07,100.0
S2217,Term3,8,2024-08-14,83.6875712030745
S2217,Term3,9,2024-08-21,78.52882346527161
S2217,Term3,10,2024-08-28,69.18626875611817
S2217,Term3,11,2024-09-04,81.29127689707636
S2217,Term3,12,2024-09-11,85.9827601024095
S2218,Term1,1,2024-01-10,100.0
S2218,Term1,2,2024-01-17,69.46031231084696
S2218,Term1,3,2024-01-24,85.71594272436374
S2218,Term1,4,2024-01-31,63.228302543324595
S2218,Term1,5,2024-02-07,79.87884605393718
S2218,Term1,6,2024-02-14,88.73674428894422
S2218,Term1,7,2024-02-21,91.1509978322627
S2218,Term1,8,2024-02-28,92.06827695570306
S2218,Term1,9,2024-03-06,89.76884839464215
S2218,Term1,10,2024-03-13,91.9650632811549
S2218,Term1,11,2024-03-20,85.54886954803196
S2218,Term1,12,2024-03-27,72.42560432813234
S2218,Term2,1,2024-04-03,62.780116435839325
S2218,Term2,2,2024-04-10,78.4397461391534
S2218,Term2,3,2024-04-17,83.38461480324125
S2218,Term2,4,2024-04-24,100.0
S2218,Term2,5,2024-05-01,83.79277989812576
S2218,Term2,6,2024-05-08,82.64117158939969
S2218,Term2,7,2024-05-15,89.62632552210135
S2218,Term2,8,2024-05-22,81.75985615058558
S2218,Term2,9,2024-05-29,94.72650398736326
S2218,Term2,10,2024-06-05,100.0
S2218,Term2,11,2024-06-12,100.0
S2218,Term2,12,2024-06-19,86.16448752693387
S2218,Term3,1,2024-06-26,89.04270837634537
S2218,Term3,2,2024-07-03,100.0
S2218,Term3,3,2024-07-10,83.20045572524475
S2218,Term3,4,2024-07-17,93.15030570309015
S2218,Term3,5,2024-07-24,71.3780784437701
S2218,Term3,6,2024-07-31,81.26993022070002
S2218,Term3,7,2024-08-07,98.87337539974368
S2218,Term3,8,2024-08-14,76.38165239454852
S2218,Term3,9,2024-08-21,83.46338585524387
S2218,Term3,10,2024-08-28,66.10948425277456
S2218,Term3,11,2024-09-04,100.0
S2218,Term3,12,2024-09-11,100.0
S2219,Term1,1,2024-01-10,87.25719479383298
S2219,Term1,2,2024-01-17,91.09015446498793
S2219,Term1,3,2024-01-24,89.75077728332042
S2219,Term1,4,2024-01-31,100.0
S2219,Term1,5,2024-02-07,78.77439949154353
S2219,Term1,6,2024-02-14,93.78721143913879
S2219,Term1,7,2024-02-21,97.92899798622608
S2219,Term1,8,2024-02-28,99.58391164571748
S2219,Term1,9,2024-03-06,57.88754939401963
S2219,Term1,10,2024-03-13,77.80870626081827
S2219,Term1,11,2024-03-20,72.76995254437715
S2219,Term1,12,2024-03-27,86.79505942684823
S2219,Term2,1,2024-04-03,60.80763736582873
S2219,Term2,2,2024-04-10,60.45252530865277
S2219,Term2,3,2024-04-17,100.0
S2219,Term2,4,2024-04-24,92.41227265916008
S2219,Term2,5,2024-05-01,86.45211091838574
S2219,Term2,6,2024-05-08,89.36407177406778
S2219,Term2,7,2024-05-15,86.75609108499016
S2219,Term2,8,2024-05-22,96.96820787861832
S2219,Term2,9,2024-05-29,77.41066969523226
S2219,Term2,10,2024-06-05,87.23937791288283
S2219,Term2,11,2024-06-12,87.72905521525259
S2219,Term2,12,2024-06-19,72.43770449849995
S2219,Term3,1,2024-06-26,100.0
S2219,Term3,2,2024-07-03,79.65187912118309
S2219,Term3,3,2024-07-10,97.2090600377068
S2219,Term3,4,2024-07-17,86.37895271645776
S2219,Term3,5,2024-07-24,100.0
S2219,Term3,6,2024-07-31,72.50345093774172
S2219,Term3,7,2024-08-07,71.9828943818746
S2219,Term3,8,2024-08-14,74.1316529079483
S2219,Term3,9,2024-08-21,86.5995466061725
S2219,Term3,10,2024-08-28,100.0
S2219,Term3,11,2024-09-04,100.0
S2219,Term3,12,2024-09-11,57.28037679473872
S2220,Term1,1,2024-01-10,87.99648593467046
S2220,Term1,2,2024-01-17,46.444556673819726
S2220,Term1,3,2024-01-24,94.54038152542041
S2220,Term1,4,2024-01-31,98.41803297874249
S2220,Term1,5,2024-02-07,84.51706870369377
S2220,Term1,6,2024-02-14,86.00777892993706
S2220,Term1,7,2024-02-21,85.88366671528287
S2220,Term1,8,2024-02-28,75.58669697510504
S2220,Term1,9,2024-03-06,90.18046942385776
S2220,Term1,10,2024-03-13,82.22310398016091
S2220,Term1,11,2024-03-20,96.16350051147542
S2220,Term1,12,2024-03-27,83.63647678576925
S2220,Term2,1,2024-04-03,74.6677227221409
S2220,Term2,2,2024-04-10,66.56962394961388
S2220,Term2,3,2024-04-17,62.63122209933145
S2220,Term2,4,2024-04-24,100.0
S2220,Term2,5,2024-05-01,79.50652776569177
S2220,Term2,6,2024-05-08,89.06289028097979
S2220,Term2,7,2024-05-15,100.0
S2220,Term2,8,2024-05-22,78.2463480244253
S2220,Term2,9,2024-05-29,77.47027018742615
S2220,Term2,10,2024-06-05,83.41405897173611
S2220,Term2,11,2024-06-12,85.35319240503992
S2220,Term2,12,2024-06-19,100.0
S2220,Term3,1,2024-06-26,100.0
S2220,Term3,2,2024-07-03,92.45050499088097
S2220,Term3,3,2024-07-10,100.0
S2220,Term3,4,2024-07-17,82.86137184918573
S2220,Term3,5,2024-07-24,88.58997480626174
S2220,Term3,6,2024-07-31,81.38183626553567
S2220,Term3,7,2024-08-07,69.51557940904432
S2220,Term3,8,2024-08-14,99.44649690152315
S2220,Term3,9,2024-08-21,91.38038480787833
S2220,Term3,10,2024-08-28,85.21688168108396
S2220,Term3,11,2024-09-04,84.9703858082539
S2220,Term3,12,2024-09-11,66.9254215491219
S2221,Term1,1,2024-01-10,73.27029600216741
S2221,Term1,2,2024-01-17,89.0338380413683
S2221,Term1,3,2024-01-24,78.65064799270593
S2221,Term1,4,2024-01-31,82.38744350539012
S2221,Term1,5,2024-02-07,83.74412722265077
S2221,Term1,6,2024-02-14,76.81037477179467
S2221,Term1,7,2024-02-21,73.38498015971139
S2221,Term1,8,2024-02-28,65.65170842889552
S2221,Term1,9,2024-03-06,83.24178065186152
S2221,Term1,10,2024-03-13,92.4233025713234
S2221,Term1,11,2024-03-20,65.27639029336059
S2221,Term1,12,2024-03-27,84.71142609880208
S2221,Term2,1,2024-04-03,88.37371903229872
S2221,Term2,2,2024-04-10,73.12503515525026
S2221,Term2,3,2024-04-17,100.0
S2221,Term2,4,2024-04-24,80.3714155715391
S2221,Term2,5,2024-05-01,83.78488373852187
S2221,Term2,6,2024-05-08,83.06476599282425
S2221,Term2,7,2024-05-15,63.75070692890733
S2221,Term2,8,2024-05-22,97.10502486020853
S2221,Term2,9,2024-05-29,73.53377477896915
S2221,Term2,10,2024-06-05,82.16175381513116
S2221,Term2,11,2024-06-12,92.17193201533594
S2221,Term2,12,2024-06-19,100.0
S2221,Term3,1,2024-06-26,72.04081261723793
S2221,Term3,2,2024-07-03,79.64219697286687
S2221,Term3,3,2024-07-10,100.0
S2221,Term3,4,2024-07-17,90.56456655130536
S2221,Term3,5,2024-07-24,93.0540563086193
S2221,Term3,6,2024-07-31,72.38641917068598
S2221,Term3,7,2024-08-07,80.4494856408813
S2221,Term3,8,2024-08-14,82.98597481143483
S2221,Term3,9,2024-08-21,74.70526291188432
S2221,Term3,10,2024-08-28,64.90516449191311
S2221,Term3,11,2024-09-04,78.87401729483685
S2221,Term3,12,2024-09-11,100.0
S2222,Term1,1,2024-01-10,85.71008158672595
S2222,Term1,2,2024-01-17,100.0
S2222,Term1,3,2024-01-24,87.14825097075423
S2222,Term1,4,2024-01-31,75.82350724494445
S2222,Term1,5,2024-02-07,100.0
S2222,Term1,6,2024-02-14,87.54791368801479
S2222,Term1,7,2024-02-21,96.54206598912877
S2222,Term1,8,2024-02-28,72.18006194655314
S2222,Term1,9,2024-03-06,97.46507547537404
S2222,Term1,10,2024-03-13,97.82667130653039
S2222,Term1,11,2024-03-20,88.47720573227842
S2222,Term1,12,2024-03-27,75.3169349702826
S2222,Term2,1,2024-04-03,84.44789405544866
S2222,Term2,2,2024-04-10,92.33549376685893
S2222,Term2,3,2024-04-17,87.8148402392384
S2222,Term2,4,2024-04-24,92.21299285729317
S2222,Term2,5,2024-05-01,97.14695089183486
S2222,Term2,6,2024-05-08,77.21864015953695
S2222,Term2,7,2024-05-15,71.13909254847833
S2222,Term2,8,2024-05-22,84.5495343835331
S2222,Term2,9,2024-05-29,81.04308209356158
S2222,Term2,10,2024-06-05,94.4301569578738
S2222,Term2,11,2024-06-12,72.1060193240943
S2222,Term2,12,2024-06-19,97.24458249013216
S2222,Term3,1,2024-06-26,100.0
S2222,Term3,2,2024-07-03,85.00365957114748
S2222,Term3,3,2024-07-10,85.72883350697565
S2222,Term3,4,2024-07-17,75.78944198523817
S2222,Term3,5,2024-07-24,78.4880692123112
S2222,Term3,6,2024-07-31,80.0999598322518
S2222,Term3,7,2024-08-07,100.0
S2222,Term3,8,2024-08-14,84.13755057027072
S2222,Term3,9,2024-08-21,69.1339245203199
S2222,Term3,10,2024-08-28,88.06425210534404
S2222,Term3,11,2024-09-04,94.9154814954673
S2222,Term3,12,2024-09-11,84.69506356814087
S2223,Term1,1,2024-01-10,100.0
S2223,Term1,2,2024-01-17,94.33010400719078
S2223,Term1,3,2024-01-24,72.41045524134576
S2223,Term1,4,2024-01-31,78.38280625124318
S2223,Term1,5,2024-02-07,87.7147153770953
S2223,Term1,6,2024-02-14,65.00572914368071
S2223,Term1,7,2024-02-21,89.03628084964737
S2223,Term1,8,2024-02-28,63.86101087294422
S2223,Term1,9,2024-03-06,97.28120146677412
S2223,Term1,10,2024-03-13,95.88728421750051
S2223,Term1,11,2024-03-20,91.05737633098084
S2223,Term1,12,2024-03-27,76.88945962777227
S2223,Term2,1,2024-04-03,87.04243389536246
S2223,Term2,2,2024-04-10,78.83947014982421
S2223,Term2,3,2024-04-17,72.6302166705992
S2223,Term2,4,2024-04-24,80.93508385874307
S2223,Term2,5,2024-05-01,93.37918643790515
S2223,Term2,6,2024-05-08,85.52577031398113
S2223,Term2,7,2024-05-15,100.0
S2223,Term2,8,2024-05-22,94.1893664737633
S2223,Term2,9,2024-05-29,92.90428976686742
S2223,Term2,10,2024-06-05,65.69288140665276
S2223,Term2,11,2024-06-12,81.57809763813665
S2223,Term2,12,2024-06-19,72.22753107478961
S2223,Term3,1,2024-06-26,82.80396544451315
S2223,Term3,2,2024-07-03,76.68068651292212
S2223,Term3,3,2024-07-10,80.46874056330473
S2223,Term3,4,2024-07-17,97.7339527884862
S2223,Term3,5,2024-07-24,90.70299914807
S2223,Term3,6,2024-07-31,97.08537314777962
S2223,Term3,7,2024-08-07,65.79180269180817
S2223,Term3,8,2024-08-14,85.69569635938797
S2223,Term3,9,2024-08-21,96.60045977675921
S2223,Term3,10,2024-08-28,100.0
S2223,Term3,11,2024-09-04,66.42293932369009
S2223,Term3,12,2024-09-11,80.78219636606596
S2224,Term1,1,2024-01-10,97.41072008805716
S2224,Term1,2,2024-01-17,82.69266024626266
S2224,Term1,3,2024-01-24,74.07498790996331
S2224,Term1,4,2024-01-31,66.40000985804791
S2224,Term1,5,2024-02-07,73.61558158404199
S2224,Term1,6,2024-02-14,64.73317997723525
S2224,Term1,7,2024-02-21,85.70152548200831
S2224,Term1,8,2024-02-28,95.75572222934392
S2224,Term1,9,2024-03-06,69.86830289309675
S2224,Term1,10,2024-03-13,88.09275689453263
S2224,Term1,11,2024-03-20,95.1432523533504
S2224,Term1,12,2024-03-27,84.9675000778198
S2224,Term2,1,2024-04-03,65.67166846099306
S2224,Term2,2,2024-04-10,89.63453865595004
S2224,Term2,3,2024-04-17,84.34423666282636
S2224,Term2,4,2024-04-24,83.12194421678973
S2224,Term2,5,2024-05-01,78.43795305087443
S2224,Term2,6,2024-05-08,86.0414491152885
S2224,Term2,7,2024-05-15,91.11781490136352
S2224,Term2,8,2024-05-22,100.0
S2224,Term2,9,2024-05-29,86.34798482064646
S2224,Term2,10,2024-06-05,100.0
S2224,Term2,11,2024-06-12,89.29306100112252
S2224,Term2,12,2024-06-19,83.80566006822696
S2224,Term3,1,2024-06-26,86.78257033253551
S2224,Term3,2,2024-07-03,70.33916356368988
S2224,Term3,3,2024-07-10,88.67032324902445
S2224,Term3,4,2024-07-17,61.09521922214353
S2224,Term3,5,2024-07-24,74.64800370533762
S2224,Term3,6,2024-07-31,86.31811711760572
S2224,Term3,7,2024-08-07,99.32778727814613
S2224,Term3,8,2024-08-14,100.0
S2224,Term3,9,2024-08-21,82.16144104430879
S2224,Term3,10,2024-08-28,86.86860783436529
S2224,Term3,11,2024-09-04,96.81234963498433
S2224,Term3,12,2024-09-11,69.04607713368497
S2225,Term1,1,2024-01-10,89.85697006378604
S2225,Term1,2,2024-01-17,75.06528559161029
S2225,Term1,3,2024-01-24,82.93809946387938
S2225,Term1,4,2024-01-31,79.49172099406822
S2225,Term1,5,2024-02-07,90.22429752457776
S2225,Term1,6,2024-02-14,91.60364408810908
S2225,Term1,7,2024-02-21,95.69294412876877
S2225,Term1,8,2024-02-28,89.17838594157338
S2225,Term1,9,2024-03-06,87.05984523962675
S2225,Term1,10,2024-03-13,100.0
S2225,Term1,11,2024-03-20,66.70769115763387
S2225,Term1,12,2024-03-27,100.0
S2225,Term2,1,2024-04-03,81.52213709357923
S2225,Term2,2,2024-04-10,91.85069903641966
S2225,Term2,3,2024-04-17,81.09208383287678
S2225,Term2,4,2024-04-24,76.56950044538048
S2225,Term2,5,2024-05-01,90.81492631353075
S2225,Term2,6,2024-05-08,97.50553970337332
S2225,Term2,7,2024-05-15,90.67609545960886
S2225,Term2,8,2024-05-22,78.49461055980541
S2225,Term2,9,2024-05-29,100.0
S2225,Term2,10,2024-06-05,99.38288405039503
S2225,Term2,11,2024-06-12,96.20010765048703
S2225,Term2,12,2024-06-19,80.76442923109354
S2225,Term3,1,2024-06-26,77.49801054053152
S2225,Term3,2,2024-07-03,81.64193108988472
S2225,Term3,3,2024-07-10,97.9768785327098
S2225,Term3,4,2024-07-17,73.11274795509007
S2225,Term3,5,2024-07-24,72.1815540225482
S2225,Term3,6,2024-07-31,91.47457040033221
S2225,Term3,7,2024-08-07,88.83035733570544
S2225,Term3,8,2024-08-14,75.75623754530925
S2225,Term3,9,2024-08-21,71.9055570590173
S2225,Term3,10,2024-08-28,100.0
S2225,Term3,11,2024-09-04,89.28405310359474
S2225,Term3,12,2024-09-11,68.63756963526362
S2226,Term1,1,2024-01-10,69.47649356701247
S2226,Term1,2,2024-01-17,80.66185633059436
S2226,Term1,3,2024-01-24,93.7941016839716
S2226,Term1,4,2024-01-31,92.14010562529936
S2226,Term1,5,2024-02-07,98.58014244401461
S2226,Term1,6,2024-02-14,67.11580231047043
S2226,Term1,7,2024-02-21,87.68616027735588
S2226,Term1,8,2024-02-28,100.0
S2226,Term1,9,2024-03-06,100.0
S2226,Term1,10,2024-03-13,89.30691977695223
S2226,Term1,11,2024-03-20,100.0
S2226,Term1,12,2024-03-27,92.31142139699031
S2226,Term2,1,2024-04-03,97.51295959409612
S2226,Term2,2,2024-04-10,85.53337502530609
S2226,Term2,3,2024-04-17,75.62829648586856
S2226,Term2,4,2024-04-24,74.49748959065505
S2226,Term2,5,2024-05-01,87.17938257753305
S2226,Term2,6,2024-05-08,82.46197591779752
S2226,Term2,7,2024-05-15,63.77697196103823
S2226,Term2,8,2024-05-22,72.6904769808911
S2226,Term2,9,2024-05-29,81.17915711135089
S2226,Term2,10,2024-06-05,93.72735251124591
S2226,Term2,11,2024-06-12,84.8071133660551
S2226,Term2,12,2024-06-19,84.13522947399383
S2226,Term3,1,2024-06-26,73.15704847596021
S2226,Term3,2,2024-07-03,85.27799296074518
S2226,Term3,3,2024-07-10,100.0
S2226,Term3,4,2024-07-17,86.86690135310269
S2226,Term3,5,2024-07-24,66.91223702221765
S2226,Term3,6,2024-07-31,69.98172646834563
S2226,Term3,7,2024-08-07,92.06546652667784
S2226,Term3,8,2024-08-14,82.30821429732856
S2226,Term3,9,2024-08-21,84.10503723875783
S2226,Term3,10,2024-08-28,77.64718989982292
S2226,Term3,11,2024-09-04,91.04094654639896
S2226,Term3,12,2024-09-11,81.3889874410558
S2227,Term1,1,2024-01-10,82.76064133925675
S2227,Term1,2,2024-01-17,74.78531930004249
S2227,Term1,3,2024-01-24,96.06029557771323
S2227,Term1,4,2024-01-31,82.34640650060294
S2227,Term1,5,2024-02-07,92.29456399743712
S2227,Term1,6,2024-02-14,70.67690123159178
S2227,Term1,7,2024-02-21,100.0
S2227,Term1,8,2024-02-28,100.0
S2227,Term1,9,2024-03-06,62.08242796409288
S2227,Term1,10,2024-03-13,75.37675029923543
S2227,Term1,11,2024-03-20,90.73161269211862
S2227,Term1,12,2024-03-27,69.16325612621195
S2227,Term2,1,2024-04-03,83.42087101404009
S2227,Term2,2,2024-04-10,90.11958143172156
S2227,Term2,3,2024-04-17,82.7832890562462
S2227,Term2,4,2024-04-24,91.46606444244516
S2227,Term2,5,2024-05-01,76.68004114477742
S2227,Term2,6,2024-05-08,58.06982149398253
S2227,Term2,7,2024-05-15,96.78538374598072
S2227,Term2,8,2024-05-22,96.70977584323036
S2227,Term2,9,2024-05-29,100.0
S2227,Term2,10,2024-06-05,58.51376178478822
S2227,Term2,11,2024-06-12,94.00998531216179
S2227,Term2,12,2024-06-19,61.375814342999355
S2227,Term3,1,2024-06-26,100.0
S2227,Term3,2,2024-07-03,90.85440200435211
S2227,Term3,3,2024-07-10,73.57685382788496
S2227,Term3,4,2024-07-17,94.36266969521722
S2227,Term3,5,2024-07-24,78.36345990739677
S2227,Term3,6,2024-07-31,88.60499319461523
S2227,Term3,7,2024-08-07,87.47152859450901
S2227,Term3,8,2024-08-14,100.0
S2227,Term3,9,2024-08-21,100.0
S2227,Term3,10,2024-08-28,77.83281552071793
S2227,Term3,11,2024-09-04,97.69726741595244
S2227,Term3,12,2024-09-11,89.25808186684357
S2228,Term1,1,2024-01-10,68.04781519591705
S2228,Term1,2,2024-01-17,76.64525943553384
S2228,Term1,3,2024-01-24,100.0
S2228,Term1,4,2024-01-31,89.29425281325587
S2228,Term1,5,2024-02-07,96.99735495421027
S2228,Term1,6,2024-02-14,82.4554682515961
S2228,Term1,7,2024-02-21,78.5206970233679
S2228,Term1,8,2024-02-28,85.3271740916137
S2228,Term1,9,2024-03-06,81.8067513370454
S2228,Term1,10,2024-03-13,67.08096482762082
S2228,Term1,11,2024-03-20,72.96009451055161
S2228,Term1,12,2024-03-27,93.49461417294677
S2228,Term2,1,2024-04-03,80.43171173077107
S2228,Term2,2,2024-04-10,85.30845858433489
S2228,Term2,3,2024-04-17,87.81907660596653
S2228,Term2,4,2024-04-24,88.75660058582464
S2228,Term2,5,2024-05-01,98.75894873578444
S2228,Term2,6,2024-05-08,71.81565021917761
S2228,Term2,7,2024-05-15,91.8430326825235
S2228,Term2,8,2024-05-22,94.06033352223577
S2228,Term2,9,2024-05-29,96.83022134801807
S2228,Term2,10,2024-06-05,68.04498880702153
S2228,Term2,11,2024-06-12,88.05783062016398
S2228,Term2,12,2024-06-19,100.0
S2228,Term3,1,2024-06-26,83.81055377012052
S2228,Term3,2,2024-07-03,90.80193642357149
S2228,Term3,3,2024-07-10,94.36474713502221
S2228,Term3,4,2024-07-17,72.69436186722088
S2228,Term3,5,2024-07-24,100.0
S2228,Term3,6,2024-07-31,90.99400956362685
S2228,Term3,7,2024-08-07,91.23403377032112
S2228,Term3,8,2024-08-14,65.05567146387358
S2228,Term3,9,2024-08-21,94.53453757855976
S2228,Term3,10,2024-08-28,91.07692409654965
S2228,Term3,11,2024-09-04,100.0
S2228,Term3,12,2024-09-11,81.26481742834775
S2229,Term1,1,2024-01-10,73.1481000448187
S2229,Term1,2,2024-01-17,76.81313206270801
S2229,Term1,3,2024-01-24,78.94026117991241
S2229,Term1,4,2024-01-31,71.57384178242351
S2229,Term1,5,2024-02-07,100.0
S2229,Term1,6,2024-02-14,100.0
S2229,Term1,7,2024-02-21,82.65049958631934
S2229,Term1,8,2024-02-28,80.28688093498967
S2229,Term1,9,2024-03-06,63.21421704016825
S2229,Term1,10,2024-03-13,93.35153506364325
S2229,Term1,11,2024-03-20,100.0
S2229,Term1,12,2024-03-27,77.35366339288532
S2229,Term2,1,2024-04-03,83.59858569068322
S2229,Term2,2,2024-04-10,90.21149753578877
S2229,Term2,3,2024-04-17,100.0
S2229,Term2,4,2024-04-24,87.39731466202113
S2229,Term2,5,2024-05-01,87.34515899231822
S2229,Term2,6,2024-05-08,87.15182201391764
S2229,Term2,7,2024-05-15,67.89960991715591
S2229,Term2,8,2024-05-22,67.63851215404162
S2229,Term2,9,2024-05-29,75.30405797062153
S2229,Term2,10,2024-06-05,97.15468688844847
S2229,Term2,11,2024-06-12,80.97571515344808
S2229,Term2,12,2024-06-19,78.6447514143725
S2229,Term3,1,2024-06-26,78.43390475027479
S2229,Term3,2,2024-07-03,83.34811745832788
S2229,Term3,3,2024-07-10,100.0
S2229,Term3,4,2024-07-17,83.18563137163454
S2229,Term3,5,2024-07-24,75.5644311355017
S2229,Term3,6,2024-07-31,85.30294754897959
S2229,Term3,7,2024-08-07,100.0
S2229,Term3,8,2024-08-14,78.96610337277261
S2229,Term3,9,2024-08-21,70.82793989882866
S2229,Term3,10,2024-08-28,78.988104763235
S2229,Term3,11,2024-09-04,86.5451648361812
S2229,Term3,12,2024-09-11,93.25889140990408
S2230,Term1,1,2024-01-10,97.08260294418695
S2230,Term1,2,2024-01-17,72.45139271245206
S2230,Term1,3,2024-01-24,73.58985598649116
S2230,Term1,4,2024-01-31,81.12085288735013
S2230,Term1,5,2024-02-07,93.21391629636275
S2230,Term1,6,2024-02-14,69.87990522817293
S2230,Term1,7,2024-02-21,77.71207707498763
S2230,Term1,8,2024-02-28,77.88707524705663
S2230,Term1,9,2024-03-06,96.30098626437245
S2230,Term1,10,2024-03-13,91.33912912797325
S2230,Term1,11,2024-03-20,95.84462033259904
S2230,Term1,12,2024-03-27,100.0
S2230,Term2,1,2024-04-03,81.33219885893104
S2230,Term2,2,2024-04-10,70.75112614175582
S2230,Term2,3,2024-04-17,70.82843658583576
S2230,Term2,4,2024-04-24,62.94270921929392
S2230,Term2,5,2024-05-01,79.49479804400569
S2230,Term2,6,2024-05-08,80.38932862201914
S2230,Term2,7,2024-05-15,94.45064088166058
S2230,Term2,8,2024-05-22,85.20297060611925
S2230,Term2,9,2024-05-29,79.11605866788872
S2230,Term2,10,2024-06-05,83.60801528607297
S2230,Term2,11,2024-06-12,72.53231819542283
S2230,Term2,12,2024-06-19,97.30487884901544
S2230,Term3,1,2024-06-26,75.56901324628589
S2230,Term3,2,2024-07-03,71.32082473676925
S2230,Term3,3,2024-07-10,94.81458360048964
S2230,Term3,4,2024-07-17,91.88997050036622
S2230,Term3,5,2024-07-24,64.31577545729186
S2230,Term3,6,2024-07-31,95.26001961652267
S2230,Term3,7,2024-08-07,76.10088833087133
S2230,Term3,8,2024-08-14,80.51074566923296
S2230,Term3,9,2024-08-21,87.24424129232725
S2230,Term3,10,2024-08-28,92.03949859140187
S2230,Term3,11,2024-09-04,90.34575009625031
S2230,Term3,12,2024-09-11,84.40218002912798
S2231,Term1,1,2024-01-10,79.90428005300907
S2231,Term1,2,2024-01-17,89.94664832278536
S2231,Term1,3,2024-01-24,83.57934595186926
S2231,Term1,4,2024-01-31,100.0
S2231,Term1,5,2024-02-07,92.03690811963882
S2231,Term1,6,2024-02-14,73.91901250011574
S2231,Term1,7,2024-02-21,79.26880058351618
S2231,Term1,8,2024-02-28,85.57830612711795
S2231,Term1,9,2024-03-06,100.0
S2231,Term1,10,2024-03-13,100.0
S2231,Term1,11,2024-03-20,80.24638335561323
S2231,Term1,12,2024-03-27,73.79638940092669
S2231,Term2,1,2024-04-03,72.26202830552575
S2231,Term2,2,2024-04-10,88.02914508658937
S2231,Term2,3,2024-04-17,100.0
S2231,Term2,4,2024-04-24,91.46912925106123
S2231,Term2,5,2024-05-01,65.8730496797919
S2231,Term2,6,2024-05-08,76.28795076104798
S2231,Term2,7,2024-05-15,77.51302957786105
S2231,Term2,8,2024-05-22,75.1359697586211
S2231,Term2,9,2024-05-29,80.34527410078935
S2231,Term2,10,2024-06-05,89.4327383322393
S2231,Term2,11,2024-06-12,93.18377403187176
S2231,Term2,12,2024-06-19,98.10116189099972
S2231,Term3,1,2024-06-26,91.29043087656613
S2231,Term3,2,2024-07-03,61.55019711605391
S2231,Term3,3,2024-07-10,72.31234494962425
S2231,Term3,4,2024-07-17,83.10287155768971
S2231,Term3,5,2024-07-24,86.76735826920975
S2231,Term3,6,2024-07-31,95.33702031851509
S2231,Term3,7,2024-08-07,85.51821011460127
S2231,Term3,8,2024-08-14,85.60848704636409
S2231,Term3,9,2024-08-21,87.8535683576687
S2231,Term3,10,2024-08-28,81.93973913462558
S2231,Term3,11,2024-09-04,86.04262167853373
S2231,Term3,12,2024-09-11,98.50998614814101
S2232,Term1,1,2024-01-10,83.99306921459197
S2232,Term1,2,2024-01-17,84.6374472785886
S2232,Term1,3,2024-01-24,84.59697514279372
S2232,Term1,4,2024-01-31,100.0
S2232,Term1,5,2024-02-07,71.7033600780467
S2232,Term1,6,2024-02-14,100.0
S2232,Term1,7,2024-02-21,70.88341774581384
S2232,Term1,8,2024-02-28,77.14935686406689
S2232,Term1,9,2024-03-06,93.93685923658384
S2232,Term1,10,2024-03-13,97.36380034568406
S2232,Term1,11,2024-03-20,68.15801179601814
S2232,Term1,12,2024-03-27,71.88757764103497
S2232,Term2,1,2024-04-03,88.33411371366218
S2232,Term2,2,2024-04-10,100.0
S2232,Term2,3,2024-04-17,99.95515337198417
S2232,Term2,4,2024-04-24,82.02283540441827
S2232,Term2,5,2024-05-01,55.97045034309093
S2232,Term2,6,2024-05-08,85.97971281305391
S2232,Term2,7,2024-05-15,89.34756164375864
S2232,Term2,8,2024-05-22,80.40765830700636
S2232,Term2,9,2024-05-29,74.79131211344085
S2232,Term2,10,2024-06-05,86.90998312385666
S2232,Term2,11,2024-06-12,73.69286567327246
S2232,Term2,12,2024-06-19,100.0
S2232,Term3,1,2024-06-26,100.0
S2232,Term3,2,2024-07-03,92.89495157911313
S2232,Term3,3,2024-07-10,86.0765268294318
S2232,Term3,4,2024-07-17,77.07803096063728
S2232,Term3,5,2024-07-24,84.75055379330918
S2232,Term3,6,2024-07-31,100.0
S2232,Term3,7,2024-08-07,95.42384870123954
S2232,Term3,8,2024-08-14,87.44430734171752
S2232,Term3,9,2024-08-21,96.08769201001114
S2232,Term3,10,2024-08-28,91.54732796056994
S2232,Term3,11,2024-09-04,89.75533047864246
S2232,Term3,12,2024-09-11,96.76675910789842
S2233,Term1,1,2024-01-10,91.20433173789709
S2233,Term1,2,2024-01-17,95.30261764124054
S2233,Term1,3,2024-01-24,86.93664459561411
S2233,Term1,4,2024-01-31,81.95049012171876
S2233,Term1,5,2024-02-07,78.42204545271821
S2233,Term1,6,2024-02-14,76.9922847343485
S2233,Term1,7,2024-02-21,65.73795469070161
S2233,Term1,8,2024-02-28,74.05672063826003
S2233,Term1,9,2024-03-06,73.70975764501382
S2233,Term1,10,2024-03-13,78.91185764819157
S2233,Term1,11,2024-03-20,100.0
S2233,Term1,12,2024-03-27,83.10925653335467
S2233,Term2,1,2024-04-03,87.90120267861172
S2233,Term2,2,2024-04-10,88.27983573414312
S2233,Term2,3,2024-04-17,100.0
S2233,Term2,4,2024-04-24,78.09297455385651
S2233,Term2,5,2024-05-01,82.32973503690326
S2233,Term2,6,2024-05-08,83.7256075387098
S2233,Term2,7,2024-05-15,98.63841826929722
S2233,Term2,8,2024-05-22,100.0
S2233,Term2,9,2024-05-29,90.69500583632734
S2233,Term2,10,2024-06-05,99.79491248874255
S2233,Term2,11,2024-06-12,87.13193195762787
S2233,Term2,12,2024-06-19,82.92876102859813
S2233,Term3,1,2024-06-26,99.14468903902747
S2233,Term3,2,2024-07-03,90.85141210280557
S2233,Term3,3,2024-07-10,76.17363200910901
S2233,Term3,4,2024-07-17,96.96905125749221
S2233,Term3,5,2024-07-24,82.49808842775664
S2233,Term3,6,2024-07-31,81.03011772730954
S2233,Term3,7,2024-08-07,95.71605241839654
S2233,Term3,8,2024-08-14,83.93401430986104
S2233,Term3,9,2024-08-21,89.66750243248347
S2233,Term3,10,2024-08-28,92.9432750088496
S2233,Term3,11,2024-09-04,75.60468304873139
S2233,Term3,12,2024-09-11,89.61820677618643
S2234,Term1,1,2024-01-10,100.0
S2234,Term1,2,2024-01-17,73.52239427512468
S2234,Term1,3,2024-01-24,90.39890666597474
S2234,Term1,4,2024-01-31,75.04638718503655
S2234,Term1,5,2024-02-07,97.25677220608478
S2234,Term1,6,2024-02-14,97.14286700499726
S2234,Term1,7,2024-02-21,80.74813191701082
S2234,Term1,8,2024-02-28,100.0
S2234,Term1,9,2024-03-06,98.27950370964741
S2234,Term1,10,2024-03-13,93.48314782163403
S2234,Term1,11,2024-03-20,92.80733075327363
S2234,Term1,12,2024-03-27,96.80712291047469
S2234,Term2,1,2024-04-03,73.05229111307008
S2234,Term2,2,2024-04-10,87.33529118153228
S2234,Term2,3,2024-04-17,89.59828462452793
S2234,Term2,4,2024-04-24,80.19836724036928
S2234,Term2,5,2024-05-01,90.57754323332759
S2234,Term2,6,2024-05-08,99.78033160520808
S2234,Term2,7,2024-05-15,79.93877094680911
S2234,Term2,8,2024-05-22,84.34690839554433
S2234,Term2,9,2024-05-29,75.15297644975266
S2234,Term2,10,2024-06-05,63.55613188227049
S2234,Term2,11,2024-06-12,94.34718616624613
S2234,Term2,12,2024-06-19,84.69119446192903
S2234,Term3,1,2024-06-26,85.57095300583346
S2234,Term3,2,2024-07-03,73.15871658191767
S2234,Term3,3,2024-07-10,82.77395765156571
S2234,Term3,4,2024-07-17,98.15912547018547
S2234,Term3,5,2024-07-24,85.00985604135352
S2234,Term3,6,2024-07-31,85.35020509666495
S2234,Term3,7,2024-08-07,87.49033933436107
S2234,Term3,8,2024-08-14,70.16341445912252
S2234,Term3,9,2024-08-21,92.49904556922829
S2234,Term3,10,2024-08-28,69.93762262101004
S2234,Term3,11,2024-09-04,73.72461302465169
S2234,Term3,12,2024-09-11,72.40942277191402
S2235,Term1,1,2024-01-10,82.89730040043345
S2235,Term1,2,2024-01-17,80.7705675575457
S2235,Term1,3,2024-01-24,84.98529954030094
S2235,Term1,4,2024-01-31,74.13692608268268
S2235,Term1,5,2024-02-07,97.06594384367654
S2235,Term1,6,2024-02-14,95.00833082471597
S2235,Term1,7,2024-02-21,82.91423784529935
S2235,Term1,8,2024-02-28,79.25959940094475
S2235,Term1,9,2024-03-06,78.04771007985761
S2235,Term1,10,2024-03-13,81.27826005987185
S2235,Term1,11,2024-03-20,68.19705725498588
S2235,Term1,12,2024-03-27,73.48471225345791
S2235,Term2,1,2024-04-03,95.3214447038196
S2235,Term2,2,2024-04-10,88.62174983291042
S2235,Term2,3,2024-04-17,100.0
S2235,Term2,4,2024-04-24,81.40965819796814
S2235,Term2,5,2024-05-01,80.66184127471759
S2235,Term2,6,2024-05-08,80.10521290547622
S2235,Term2,7,2024-05-15,81.17002620138197
S2235,Term2,8,2024-05-22,77.08055184224082
S2235,Term2,9,2024-05-29,88.2518585762464
S2235,Term2,10,2024-06-05,85.34924880578093
S2235,Term2,11,2024-06-12,78.88102597794074
S2235,Term2,12,2024-06-19,100.0
S2235,Term3,1,2024-06-26,100.0
S2235,Term3,2,2024-07-03,98.9989264668808
S2235,Term3,3,2024-07-10,91.69748815700073
S2235,Term3,4,2024-07-17,94.14123671516529
S2235,Term3,5,2024-07-24,100.0
S2235,Term3,6,2024-07-31,94.12383178911308
S2235,Term3,7,2024-08-07,77.97776976880859
S2235,Term3,8,2024-08-14,89.70727031980658
S2235,Term3,9,2024-08-21,92.51493119275982
S2235,Term3,10,2024-08-28,73.06339271156897
S2235,Term3,11,2024-09-04,81.58083017628186
S2235,Term3,12,2024-09-11,98.2047018886656
S2236,Term1,1,2024-01-10,63.11808717940497
S2236,Term1,2,2024-01-17,69.99485745951287
S2236,Term1,3,2024-01-24,82.88311535646007
S2236,Term1,4,2024-01-31,89.24415514606845
S2236,Term1,5,2024-02-07,68.70841066061311
S2236,Term1,6,2024-02-14,83.4785289800087
S2236,Term1,7,2024-02-21,98.8452224690628
S2236,Term1,8,2024-02-28,85.8238174848914
S2236,Term1,9,2024-03-06,96.26906732357357
S2236,Term1,10,2024-03-13,77.89463054397996
S2236,Term1,11,2024-03-20,75.28099771852982
S2236,Term1,12,2024-03-27,95.18648596342057
S2236,Term2,1,2024-04-03,89.43118641587428
S2236,Term2,2,2024-04-10,70.77284790670649
S2236,Term2,3,2024-04-17,75.38990900604654
S2236,Term2,4,2024-04-24,100.0
S2236,Term2,5,2024-05-01,73.9053373663682
S2236,Term2,6,2024-05-08,96.21194496071197
S2236,Term2,7,2024-05-15,79.26175963319561
S2236,Term2,8,2024-05-22,84.96188971879442
S2236,Term2,9,2024-05-29,88.53511145132046
S2236,Term2,10,2024-06-05,59.78822547400482
S2236,Term2,11,2024-06-12,67.4473919748724
S2236,Term2,12,2024-06-19,86.03599622544596
S2236,Term3,1,2024-06-26,76.30830923459344
S2236,Term3,2,2024-07-03,96.95897554329547
S2236,Term3,3,2024-07-10,65.7265494295825
S2236,Term3,4,2024-07-17,91.78306067509584
S2236,Term3,5,2024-07-24,68.48534535514808
S2236,Term3,6,2024-07-31,80.77474007026686
S2236,Term3,7,2024-08-07,72.22746682914443
S2236,Term3,8,2024-08-14,100.0
S2236,Term3,9,2024-08-21,68.92609404435957
S2236,Term3,10,2024-08-28,83.53528365557172
S2236,Term3,11,2024-09-04,64.27796622375817
S2236,Term3,12,2024-09-11,100.0
S2237,Term1,1,2024-01-10,89.81538899412647
S2237,Term1,2,2024-01-17,86.64367707518402
S2237,Term1,3,2024-01-24,100.0
S2237,Term1,4,2024-01-31,86.76906929707135
S2237,Term1,5,2024-02-07,87.63485627369292
S2237,Term1,6,2024-02-14,86.58070345678182
S2237,Term1,7,2024-02-21,91.76361190531743
S2237,Term1,8,2024-02-28,79.09070339294485
S2237,Term1,9,2024-03-06,82.42855231164
S2237,Term1,10,2024-03-13,94.72401554148935
S2237,Term1,11,2024-03-20,88.32847541869458
S2237,Term1,12,2024-03-27,83.62907303077449
S2237,Term2,1,2024-04-03,68.19373130763145
S2237,Term2,2,2024-04-10,100.0
S2237,Term2,3,2024-04-17,77.06255068059075
S2237,Term2,4,2024-04-24,96.84684686103108
S2237,Term2,5,2024-05-01,87.10904382025703
S2237,Term2,6,2024-05-08,69.47859372724156
S2237,Term2,7,2024-05-15,100.0
S2237,Term2,8,2024-05-22,88.05448775679447
S2237,Term2,9,2024-05-29,100.0
S2237,Term2,10,2024-06-05,82.81109559116898
S2237,Term2,11,2024-06-12,93.44861475960465
S2237,Term2,12,2024-06-19,63.84967466385983
S2237,Term3,1,2024-06-26,78.99740963687492
S2237,Term3,2,2024-07-03,69.72408001322474
S2237,Term3,3,2024-07-10,80.5025937995393
S2237,Term3,4,2024-07-17,90.66174087407374
S2237,Term3,5,2024-07-24,77.74503894815025
S2237,Term3,6,2024-07-31,95.36610512366538
S2237,Term3,7,2024-08-07,74.72064827739986
S2237,Term3,8,2024-08-14,95.62283936379974
S2237,Term3,9,2024-08-21,100.0
S2237,Term3,10,2024-08-28,97.16231362109183
S2237,Term3,11,2024-09-04,80.86973137804273
S2237,Term3,12,2024-09-11,59.49455682467028
S2238,Term1,1,2024-01-10,91.98600396084818
S2238,Term1,2,2024-01-17,83.49718342341636
S2238,Term1,3,2024-01-24,73.25928471847176
S2238,Term1,4,2024-01-31,78.32465122155507
S2238,Term1,5,2024-02-07,100.0
S2238,Term1,6,2024-02-14,71.35191759267815
S2238,Term1,7,2024-02-21,90.61971010745454
S2238,Term1,8,2024-02-28,87.61549810764885
S2238,Term1,9,2024-03-06,80.71134802404121
S2238,Term1,10,2024-03-13,92.73439224775656
S2238,Term1,11,2024-03-20,100.0
S2238,Term1,12,2024-03-27,81.44834195336561
S2238,Term2,1,2024-04-03,82.08182862307478
S2238,Term2,2,2024-04-10,92.4647788598824
S2238,Term2,3,2024-04-17,96.01891385722001
S2238,Term2,4,2024-04-24,83.46751351421638
S2238,Term2,5,2024-05-01,81.33551516687622
S2238,Term2,6,2024-05-08,58.38824175136288
S2238,Term2,7,2024-05-15,75.66389305160136
S2238,Term2,8,2024-05-22,71.3282599351894
S2238,Term2,9,2024-05-29,93.2154999557427
S2238,Term2,10,2024-06-05,82.0731646167899
S2238,Term2,11,2024-06-12,81.60374073353286
S2238,Term2,12,2024-06-19,84.89132483652422
S2238,Term3,1,2024-06-26,74.5578823584952
S2238,Term3,2,2024-07-03,100.0
S2238,Term3,3,2024-07-10,100.0
S2238,Term3,4,2024-07-17,100.0
S2238,Term3,5,2024-07-24,93.2010067748667
S2238,Term3,6,2024-07-31,84.64626261973676
S2238,Term3,7,2024-08-07,100.0
S2238,Term3,8,2024-08-14,76.82839796904425
S2238,Term3,9,2024-08-21,74.54549225160385
S2238,Term3,10,2024-08-28,77.78186182276168
S2238,Term3,11,2024-09-04,91.27445520297158
S2238,Term3,12,2024-09-11,75.85473767934792
S2239,Term1,1,2024-01-10,83.13552414138401
S2239,Term1,2,2024-01-17,65.77773647338269
S2239,Term1,3,2024-01-24,90.77317198513893
S2239,Term1,4,2024-01-31,66.7947595938027
S2239,Term1,5,2024-02-07,73.81406734161565
S2239,Term1,6,2024-02-14,99.60600561875972
S2239,Term1,7,2024-02-21,99.16381980383332
S2239,Term1,8,2024-02-28,89.49175707455797
S2239,Term1,9,2024-03-06,88.30796298082277
S2239,Term1,10,2024-03-13,78.62848423414889
S2239,Term1,11,2024-03-20,75.72515603509359
S2239,Term1,12,2024-03-27,80.65309962691144
S2239,Term2,1,2024-04-03,66.83614990645219
S2239,Term2,2,2024-04-10,88.02938265944397
S2239,Term2,3,2024-04-17,85.58597349770092
S2239,Term2,4,2024-04-24,73.7989447994768
S2239,Term2,5,2024-05-01,100.0
S2239,Term2,6,2024-05-08,92.28296452344458
S2239,Term2,7,2024-05-15,93.30210164810627
S2239,Term2,8,2024-05-22,79.15192088753001
S2239,Term2,9,2024-05-29,84.98403906368412
S2239,Term2,10,2024-06-05,92.52847204224906
S2239,Term2,11,2024-06-12,86.83338840520283
S2239,Term2,12,2024-06-19,100.0
S2239,Term3,1,2024-06-26,82.55454916699898
S2239,Term3,2,2024-07-03,78.94527361316668
S2239,Term3,3,2024-07-10,92.61103451765712
S2239,Term3,4,2024-07-17,69.82423273256185
S2239,Term3,5,2024-07-24,96.09156318769735
S2239,Term3,6,2024-07-31,69.3914583928962
S2239,Term3,7,2024-08-07,92.6630159927026
S2239,Term3,8,2024-08-14,77.22071734992805
S2239,Term3,9,2024-08-21,90.71900976380071
S2239,Term3,10,2024-08-28,95.88811535273221
S2239,Term3,11,2024-09-04,86.84105434604703
S2239,Term3,12,2024-09-11,70.60454858031184
S2240,Term1,1,2024-01-10,74.23869706591418
S2240,Term1,2,2024-01-17,76.25609030759462
S2240,Term1,3,2024-01-24,62.25991727682671
S2240,Term1,4,2024-01-31,98.52973430478315
S2240,Term1,5,2024-02-07,86.32129102907595
S2240,Term1,6,2024-02-14,71.37378345773206
S2240,Term1,7,2024-02-21,100.0
S2240,Term1,8,2024-02-28,76.58406279834205
S2240,Term1,9,2024-03-06,88.00686986889846
S2240,Term1,10,2024-03-13,75.09675345764558
S2240,Term1,11,2024-03-20,60.780878160051664
S2240,Term1,12,2024-03-27,68.62671329378487
S2240,Term2,1,2024-04-03,79.61811482960283
S2240,Term2,2,2024-04-10,95.77956245447257
S2240,Term2,3,2024-04-17,89.15839776183094
S2240,Term2,4,2024-04-24,86.68246151405495
S2240,Term2,5,2024-05-01,60.87966852706142
S2240,Term2,6,2024-05-08,100.0
S2240,Term2,7,2024-05-15,87.68415635794668
S2240,Term2,8,2024-05-22,83.56698796129407
S2240,Term2,9,2024-05-29,98.58907731986675
S2240,Term2,10,2024-06-05,99.96996068281928
S2240,Term2,11,2024-06-12,98.8550829713103
S2240,Term2,12,2024-06-19,82.03496203956055
S2240,Term3,1,2024-06-26,72.95828127058965
S2240,Term3,2,2024-07-03,96.86707500570488
S2240,Term3,3,2024-07-10,68.61934668315499
S2240,Term3,4,2024-07-17,100.0
S2240,Term3,5,2024-07-24,85.33599454233476
S2240,Term3,6,2024-07-31,72.269388931605
S2240,Term3,7,2024-08-07,70.21757735012068
S2240,Term3,8,2024-08-14,69.66874211132729
S2240,Term3,9,2024-08-21,86.68435488065012
S2240,Term3,10,2024-08-28,84.92329215928255
S2240,Term3,11,2024-09-04,70.16893391788969
S2240,Term3,12,2024-09-11,80.72253056132918
S2241,Term1,1,2024-01-10,68.5847753669039
S2241,Term1,2,2024-01-17,92.07162167133006
S2241,Term1,3,2024-01-24,84.34488080664744
S2241,Term1,4,2024-01-31,80.45916992899062
S2241,Term1,5,2024-02-07,69.54267123918967
S2241,Term1,6,2024-02-14,81.39813279732681
S2241,Term1,7,2024-02-21,80.02326542384408
S2241,Term1,8,2024-02-28,88.81272041451516
S2241,Term1,9,2024-03-06,87.00421573740353
S2241,Term1,10,2024-03-13,94.5047212249521
S2241,Term1,11,2024-03-20,79.18508147793925
S2241,Term1,12,2024-03-27,62.675061973642066
S2241,Term2,1,2024-04-03,96.89311451917648
S2241,Term2,2,2024-04-10,73.76760984342184
S2241,Term2,3,2024-04-17,71.71699536381693
S2241,Term2,4,2024-04-24,84.48260145863497
S2241,Term2,5,2024-05-01,88.6272461554542
S2241,Term2,6,2024-05-08,78.6299631314238
S2241,Term2,7,2024-05-15,78.53568782238247
S2241,Term2,8,2024-05-22,80.30768418681333
S2241,Term2,9,2024-05-29,100.0
S2241,Term2,10,2024-06-05,84.96786294930241
S2241,Term2,11,2024-06-12,73.38444592645844
S2241,Term2,12,2024-06-19,73.50659971716439
S2241,Term3,1,2024-06-26,81.98938984501157
S2241,Term3,2,2024-07-03,87.85429520833608
S2241,Term3,3,2024-07-10,90.80776194359429
S2241,Term3,4,2024-07-17,86.48990324616659
S2241,Term3,5,2024-07-24,74.89751978899494
S2241,Term3,6,2024-07-31,79.9127044052706
S2241,Term3,7,2024-08-07,93.80689458237549
S2241,Term3,8,2024-08-14,71.24689647456286
S2241,Term3,9,2024-08-21,79.41095928307045
S2241,Term3,10,2024-08-28,92.16955429457623
S2241,Term3,11,2024-09-04,95.50337711962212
S2241,Term3,12,2024-09-11,82.6850155469034
S2242,Term1,1,2024-01-10,80.0655182731502
S2242,Term1,2,2024-01-17,69.13458470267511
S2242,Term1,3,2024-01-24,91.30767907272514
S2242,Term1,4,2024-01-31,100.0
S2242,Term1,5,2024-02-07,100.0
S2242,Term1,6,2024-02-14,89.63735420221656
S2242,Term1,7,2024-02-21,84.38944418027222
S2242,Term1,8,2024-02-28,73.9622726421891
S2242,Term1,9,2024-03-06,62.45371703508221
S2242,Term1,10,2024-03-13,87.123510996878
S2242,Term1,11,2024-03-20,100.0
S2242,Term1,12,2024-03-27,100.0
S2242,Term2,1,2024-04-03,98.39877122936558
S2242,Term2,2,2024-04-10,87.94723380469499
S2242,Term2,3,2024-04-17,89.31427792336386
S2242,Term2,4,2024-04-24,55.91503218066427
S2242,Term2,5,2024-05-01,94.15012696916796
S2242,Term2,6,2024-05-08,78.04791316509021
S2242,Term2,7,2024-05-15,76.57927184084936
S2242,Term2,8,2024-05-22,81.12091656341671
S2242,Term2,9,2024-05-29,80.71594612658782
S2242,Term2,10,2024-06-05,76.38837289634006
S2242,Term2,11,2024-06-12,85.16646486611171
S2242,Term2,12,2024-06-19,78.30066884550337
S2242,Term3,1,2024-06-26,86.20387546907375
S2242,Term3,2,2024-07-03,67.15386622539961
S2242,Term3,3,2024-07-10,82.4313067524158
S2242,Term3,4,2024-07-17,71.84445292376499
S2242,Term3,5,2024-07-24,77.30260817802561
S2242,Term3,6,2024-07-31,86.72078611640237
S2242,Term3,7,2024-08-07,65.7520286229405
S2242,Term3,8,2024-08-14,75.13111147273435
S2242,Term3,9,2024-08-21,91.82757261803602
S2242,Term3,10,2024-08-28,68.04186589761039
S2242,Term3,11,2024-09-04,100.0
S2242,Term3,12,2024-09-11,99.45289547356776
S2243,Term1,1,2024-01-10,79.06567498657265
S2243,Term1,2,2024-01-17,75.55348374657925
S2243,Term1,3,2024-01-24,87.42327884002579
S2243,Term1,4,2024-01-31,67.63045291567408
S2243,Term1,5,2024-02-07,60.97428730201081
S2243,Term1,6,2024-02-14,79.4879785113692
S2243,Term1,7,2024-02-21,83.39141480197371
S2243,Term1,8,2024-02-28,86.13312669224236
S2243,Term1,9,2024-03-06,77.62311260658538
S2243,Term1,10,2024-03-13,100.0
S2243,Term1,11,2024-03-20,67.0583240981934
S2243,Term1,12,2024-03-27,71.34085438050282
S2243,Term2,1,2024-04-03,90.83963147373774
S2243,Term2,2,2024-04-10,71.06023137235431
S2243,Term2,3,2024-04-17,70.59615457363219
S2243,Term2,4,2024-04-24,86.48025750648597
S2243,Term2,5,2024-05-01,72.35772855620762
S2243,Term2,6,2024-05-08,83.40298686495176
S2243,Term2,7,2024-05-15,76.60172128410692
S2243,Term2,8,2024-05-22,74.66003555952713
S2243,Term2,9,2024-05-29,59.772335303860714
S2243,Term2,10,2024-06-05,86.67475783385605
S2243,Term2,11,2024-06-12,70.03372009464485
S2243,Term2,12,2024-06-19,82.98109355763377
S2243,Term3,1,2024-06-26,78.85474121981721
S2243,Term3,2,2024-07-03,82.5219032956014
S2243,Term3,3,2024-07-10,83.20389551184087
S2243,Term3,4,2024-07-17,87.32353901101916
S2243,Term3,5,2024-07-24,76.26688838210269
S2243,Term3,6,2024-07-31,99.91235775128042
S2243,Term3,7,2024-08-07,62.83119926973308
S2243,Term3,8,2024-08-14,82.28090657767325
S2243,Term3,9,2024-08-21,95.03477171693041
S2243,Term3,10,2024-08-28,90.72127063603125
S2243,Term3,11,2024-09-04,73.30197308165684
S2243,Term3,12,2024-09-11,75.30105408414371
S2244,Term1,1,2024-01-10,72.91848928808075
S2244,Term1,2,2024-01-17,92.19073156797268
S2244,Term1,3,2024-01-24,76.12091525781389
S2244,Term1,4,2024-01-31,88.0614770574814
S2244,Term1,5,2024-02-07,88.17161696891147
S2244,Term1,6,2024-02-14,100.0
S2244,Term1,7,2024-02-21,88.75901511762044
S2244,Term1,8,2024-02-28,75.26627182299444
S2244,Term1,9,2024-03-06,67.47819685520321
S2244,Term1,10,2024-03-13,81.68976742434705
S2244,Term1,11,2024-03-20,83.57096989087218
S2244,Term1,12,2024-03-27,58.471605671313334
S2244,Term2,1,2024-04-03,76.43375007648385
S2244,Term2,2,2024-04-10,88.56823051393063
S2244,Term2,3,2024-04-17,78.6117319568059
S2244,Term2,4,2024-04-24,96.62348542847005
S2244,Term2,5,2024-05-01,66.29972266335376
S2244,Term2,6,2024-05-08,93.12259384183861
S2244,Term2,7,2024-05-15,95.96667689831143
S2244,Term2,8,2024-05-22,96.47795771009844
S2244,Term2,9,2024-05-29,66.20972338414745
S2244,Term2,10,2024-06-05,88.77463355028861
S2244,Term2,11,2024-06-12,76.97495057774182
S2244,Term2,12,2024-06-19,68.12629069620519
S2244,Term3,1,2024-06-26,80.0335873003155
S2244,Term3,2,2024-07-03,74.14026409719028
S2244,Term3,3,2024-07-10,96.04900561796643
S2244,Term3,4,2024-07-17,91.15676011616283
S2244,Term3,5,2024-07-24,71.17066638269358
S2244,Term3,6,2024-07-31,76.30934423402886
S2244,Term3,7,2024-08-07,80.43163089260051
S2244,Term3,8,2024-08-14,84.13113823218524
S2244,Term3,9,2024-08-21,97.07653929764537
S2244,Term3,10,2024-08-28,93.2893879177676
S2244,Term3,11,2024-09-04,85.61670362769809
S2244,Term3,12,2024-09-11,81.87221380126094
S2245,Term1,1,2024-01-10,63.71975158471034
S2245,Term1,2,2024-01-17,100.0
S2245,Term1,3,2024-01-24,79.63484082561212
S2245,Term1,4,2024-01-31,100.0
S2245,Term1,5,2024-02-07,87.35331150558203
S2245,Term1,6,2024-02-14,100.0
S2245,Term1,7,2024-02-21,92.27585840039579
S2245,Term1,8,2024-02-28,67.81576442534946
S2245,Term1,9,2024-03-06,77.62701423686545
S2245,Term1,10,2024-03-13,82.97038047193642
S2245,Term1,11,2024-03-20,74.51460535470011
S2245,Term1,12,2024-03-27,80.47527019381548
S2245,Term2,1,2024-04-03,68.59673009701469
S2245,Term2,2,2024-04-10,85.06865537318947
S2245,Term2,3,2024-04-17,87.84894338813127
S2245,Term2,4,2024-04-24,72.95068711352657
S2245,Term2,5,2024-05-01,100.0
S2245,Term2,6,2024-05-08,85.76215913536551
S2245,Term2,7,2024-05-15,75.19910960652506
S2245,Term2,8,2024-05-22,65.4455284004174
S2245,Term2,9,2024-05-29,85.71931467276602
S2245,Term2,10,2024-06-05,81.87413760623977
S2245,Term2,11,2024-06-12,94.39649088743732
S2245,Term2,12,2024-06-19,83.27955682033638
S2245,Term3,1,2024-06-26,70.67537461277527
S2245,Term3,2,2024-07-03,100.0
S2245,Term3,3,2024-07-10,90.22749855408622
S2245,Term3,4,2024-07-17,81.9506954608197
S2245,Term3,5,2024-07-24,86.97566237739686
S2245,Term3,6,2024-07-31,90.6885034787399
S2245,Term3,7,2024-08-07,67.85372063327878
S2245,Term3,8,2024-08-14,86.89233063955372
S2245,Term3,9,2024-08-21,79.5985183204733
S2245,Term3,10,2024-08-28,91.08759982755701
S2245,Term3,11,2024-09-04,76.11781690472466
S2245,Term3,12,2024-09-11,77.74357773883501
S2246,Term1,1,2024-01-10,100.0
S2246,Term1,2,2024-01-17,99.77094509058563
S2246,Term1,3,2024-01-24,45.4532658403923
S2246,Term1,4,2024-01-31,98.88114378957174
S2246,Term1,5,2024-02-07,84.11617568490692
S2246,Term1,6,2024-02-14,76.50181524521186
S2246,Term1,7,2024-02-21,72.9139031715082
S2246,Term1,8,2024-02-28,73.61058846064014
S2246,Term1,9,2024-03-06,76.84076866289902
S2246,Term1,10,2024-03-13,71.47440899581788
S2246,Term1,11,2024-03-20,68.74480406712829
S2246,Term1,12,2024-03-27,72.51543818987307
S2246,Term2,1,2024-04-03,88.88072626078825
S2246,Term2,2,2024-04-10,85.60108178284956
S2246,Term2,3,2024-04-17,91.67027741862228
S2246,Term2,4,2024-04-24,84.20356192947935
S2246,Term2,5,2024-05-01,69.3198480322625
S2246,Term2,6,2024-05-08,90.93329108192327
S2246,Term2,7,2024-05-15,72.94372865350103
S2246,Term2,8,2024-05-22,92.75937162386721
S2246,Term2,9,2024-05-29,71.00895996451646
S2246,Term2,10,2024-06-05,76.7502804831577
S2246,Term2,11,2024-06-12,80.66330031318502
S2246,Term2,12,2024-06-19,93.09285761268339
S2246,Term3,1,2024-06-26,87.11196702552874
S2246,Term3,2,2024-07-03,85.24001586581109
S2246,Term3,3,2024-07-10,100.0
S2246,Term3,4,2024-07-17,62.95620206529826
S2246,Term3,5,2024-07-24,72.5394682875934
S2246,Term3,6,2024-07-31,72.0257382635321
S2246,Term3,7,2024-08-07,63.75217228093271
S2246,Term3,8,2024-08-14,76.36576584536768
S2246,Term3,9,2024-08-21,93.25322996556048
S2246,Term3,10,2024-08-28,77.90023121781098
S2246,Term3,11,2024-09-04,81.00396433616429
S2246,Term3,12,2024-09-11,64.32934206543662
S2247,Term1,1,2024-01-10,75.44169309807583
S2247,Term1,2,2024-01-17,79.45961541294899
S2247,Term1,3,2024-01-24,92.70880507056538
S2247,Term1,4,2024-01-31,64.90100322498134
S2247,Term1,5,2024-02-07,79.53989505134635
S2247,Term1,6,2024-02-14,98.04181636082669
S2247,Term1,7,2024-02-21,79.65900057252084
S2247,Term1,8,2024-02-28,59.61326303057585
S2247,Term1,9,2024-03-06,100.0
S2247,Term1,10,2024-03-13,93.81876331046
S2247,Term1,11,2024-03-20,95.43276610094549
S2247,Term1,12,2024-03-27,64.07459623905527
S2247,Term2,1,2024-04-03,100.0
S2247,Term2,2,2024-04-10,75.72068697866563
S2247,Term2,3,2024-04-17,78.88673266935723
S2247,Term2,4,2024-04-24,76.56667400809596
S2247,Term2,5,2024-05-01,96.36324618346248
S2247,Term2,6,2024-05-08,82.84241976993646
S2247,Term2,7,2024-05-15,90.78089239105151
S2247,Term2,8,2024-05-22,85.91081227461241
S2247,Term2,9,2024-05-29,83.85949595568495
S2247,Term2,10,2024-06-05,73.63859123504565
S2247,Term2,11,2024-06-12,100.0
S2247,Term2,12,2024-06-19,67.43927645793725
S2247,Term3,1,2024-06-26,89.9470476884162
S2247,Term3,2,2024-07-03,89.51987910528734
S2247,Term3,3,2024-07-10,98.8522754338291
S2247,Term3,4,2024-07-17,100.0
S2247,Term3,5,2024-07-24,83.35133680699869
S2247,Term3,6,2024-07-31,91.36473167109703
S2247,Term3,7,2024-08-07,100.0
S2247,Term3,8,2024-08-14,84.21787879693298
S2247,Term3,9,2024-08-21,72.20279829921787
S2247,Term3,10,2024-08-28,80.38638264760695
S2247,Term3,11,2024-09-04,69.3442480166264
S2247,Term3,12,2024-09-11,89.46180173193667
S2248,Term1,1,2024-01-10,97.77347449768763
S2248,Term1,2,2024-01-17,83.54750209518954
S2248,Term1,3,2024-01-24,65.54847940655631
S2248,Term1,4,2024-01-31,97.25981002069213
S2248,Term1,5,2024-02-07,63.684412461210655
S2248,Term1,6,2024-02-14,66.44854266492351
S2248,Term1,7,2024-02-21,82.85993935006337
S2248,Term1,8,2024-02-28,88.021422948106
S2248,Term1,9,2024-03-06,90.06696998510024
S2248,Term1,10,2024-03-13,84.20632537544232
S2248,Term1,11,2024-03-20,100.0
S2248,Term1,12,2024-03-27,85.78202009299842
S2248,Term2,1,2024-04-03,97.41601722103523
S2248,Term2,2,2024-04-10,94.44345476913638
S2248,Term2,3,2024-04-17,69.48551521354564
S2248,Term2,4,2024-04-24,82.96323415257375
S2248,Term2,5,2024-05-01,100.0
S2248,Term2,6,2024-05-08,78.94778975271691
S2248,Term2,7,2024-05-15,76.90455370771971
S2248,Term2,8,2024-05-22,87.04690697772426
S2248,Term2,9,2024-05-29,79.37776084887938
S2248,Term2,10,2024-06-05,75.47554504597313
S2248,Term2,11,2024-06-12,79.20059926842896
S2248,Term2,12,2024-06-19,100.0
S2248,Term3,1,2024-06-26,83.36057570226913
S2248,Term3,2,2024-07-03,69.06309960694345
S2248,Term3,3,2024-07-10,66.85904154294204
S2248,Term3,4,2024-07-17,100.0
S2248,Term3,5,2024-07-24,82.31998756679077
S2248,Term3,6,2024-07-31,90.21494201158502
S2248,Term3,7,2024-08-07,75.74347328392469
S2248,Term3,8,2024-08-14,88.85183163125699
S2248,Term3,9,2024-08-21,100.0
S2248,Term3,10,2024-08-28,77.17284179507494
S2248,Term3,11,2024-09-04,90.50304135938299
S2248,Term3,12,2024-09-11,68.13104468931535
S2249,Term1,1,2024-01-10,100.0
S2249,Term1,2,2024-01-17,88.2224311629349
S2249,Term1,3,2024-01-24,80.04647386777249
S2249,Term1,4,2024-01-31,81.42551052056604
S2249,Term1,5,2024-02-07,78.87954190582798
S2249,Term1,6,2024-02-14,79.49313803051808
S2249,Term1,7,2024-02-21,55.630058291804076
S2249,Term1,8,2024-02-28,83.82441121483893
S2249,Term1,9,2024-03-06,83.32145583273146
S2249,Term1,10,2024-03-13,90.86393844712572
S2249,Term1,11,2024-03-20,78.72227504270168
S2249,Term1,12,2024-03-27,75.74756423030773
S2249,Term2,1,2024-04-03,84.9067006665643
S2249,Term2,2,2024-04-10,65.65158258291419
S2249,Term2,3,2024-04-17,86.721078250415
S2249,Term2,4,2024-04-24,62.65816888573935
S2249,Term2,5,2024-05-01,98.44982378596956
S2249,Term2,6,2024-05-08,93.2112394679293
S2249,Term2,7,2024-05-15,73.88576948291184
S2249,Term2,8,2024-05-22,92.93365616005644
S2249,Term2,9,2024-05-29,86.33817069104657
S2249,Term2,10,2024-06-05,72.89187722698168
S2249,Term2,11,2024-06-12,60.72548611325092
S2249,Term2,12,2024-06-19,88.79722820111742
S2249,Term3,1,2024-06-26,75.46861783437959
S2249,Term3,2,2024-07-03,98.13963483635295
S2249,Term3,3,2024-07-10,85.16840480658222
S2249,Term3,4,2024-07-17,76.60500764203219
S2249,Term3,5,2024-07-24,100.0
S2249,Term3,6,2024-07-31,91.91735791123607
S2249,Term3,7,2024-08-07,41.13896181875073
S2249,Term3,8,2024-08-14,79.1632987745096
S2249,Term3,9,2024-08-21,68.39093209585093
S2249,Term3,10,2024-08-28,75.40242474735629
S2249,Term3,11,2024-09-04,83.26321121297757
S2249,Term3,12,2024-09-11,89.24858210305055
S2250,Term1,1,2024-01-10,88.13638890536288
S2250,Term1,2,2024-01-17,97.93447691877762
S2250,Term1,3,2024-01-24,92.639180530104
S2250,Term1,4,2024-01-31,91.89696314950606
S2250,Term1,5,2024-02-07,87.41790787759929
S2250,Term1,6,2024-02-14,100.0
S2250,Term1,7,2024-02-21,81.20468148170899
S2250,Term1,8,2024-02-28,81.51636077517772
S2250,Term1,9,2024-03-06,62.133119764329635
S2250,Term1,10,2024-03-13,97.67396852572043
S2250,Term1,11,2024-03-20,84.07689093065015
S2250,Term1,12,2024-03-27,100.0
S2250,Term2,1,2024-04-03,80.13360769885051
S2250,Term2,2,2024-04-10,86.06293755300082
S2250,Term2,3,2024-04-17,91.55805944330096
S2250,Term2,4,2024-04-24,71.77720032413545
S2250,Term2,5,2024-05-01,89.30257256655074
S2250,Term2,6,2024-05-08,85.41593718468623
S2250,Term2,7,2024-05-15,81.35574172387795
S2250,Term2,8,2024-05-22,99.07124750491607
S2250,Term2,9,2024-05-29,74.15501538507213
S2250,Term2,10,2024-06-05,88.29882535698665
S2250,Term2,11,2024-06-12,100.0
S2250,Term2,12,2024-06-19,76.52053892852442
S2250,Term3,1,2024-06-26,81.43736820769242
S2250,Term3,2,2024-07-03,100.0
S2250,Term3,3,2024-07-10,90.69269278187268
S2250,Term3,4,2024-07-17,78.92563028028859
S2250,Term3,5,2024-07-24,94.63149712094173
S2250,Term3,6,2024-07-31,78.18287738090768
S2250,Term3,7,2024-08-07,66.22100891007915
S2250,Term3,8,2024-08-14,100.0
S2250,Term3,9,2024-08-21,71.76328883042783
S2250,Term3,10,2024-08-28,100.0
S2250,Term3,11,2024-09-04,79.12801149445353
S2250,Term3,12,2024-09-11,100.0
S2251,Term1,1,2024-01-10,68.5759471777593
S2251,Term1,2,2024-01-17,97.30592303519504
S2251,Term1,3,2024-01-24,90.9967152758158
S2251,Term1,4,2024-01-31,95.05295470666182
S2251,Term1,5,2024-02-07,96.61627248011513
S2251,Term1,6,2024-02-14,79.02705829262594
S2251,Term1,7,2024-02-21,69.29387389596403
S2251,Term1,8,2024-02-28,84.38898723592939
S2251,Term1,9,2024-03-06,87.67636309102161
S2251,Term1,10,2024-03-13,79.33786454613394
S2251,Term1,11,2024-03-20,88.33064764191835
S2251,Term1,12,2024-03-27,88.95550637409688
S2251,Term2,1,2024-04-03,74.07968264147361
S2251,Term2,2,2024-04-10,89.73965538028558
S2251,Term2,3,2024-04-17,81.79345571566425
S2251,Term2,4,2024-04-24,76.60022919755954
S2251,Term2,5,2024-05-01,94.44850165868792
S2251,Term2,6,2024-05-08,75.67610545967747
S2251,Term2,7,2024-05-15,79.51998892114328
S2251,Term2,8,2024-05-22,85.86461020223987
S2251,Term2,9,2024-05-29,100.0
S2251,Term2,10,2024-06-05,87.31340893269157
S2251,Term2,11,2024-06-12,91.33945998969601
S2251,Term2,12,2024-06-19,81.42828956804205
S2251,Term3,1,2024-06-26,84.05812450748391
S2251,Term3,2,2024-07-03,84.41347319776487
S2251,Term3,3,2024-07-10,88.5196748322043
S2251,Term3,4,2024-07-17,81.44838912342088
S2251,Term3,5,2024-07-24,100.0
S2251,Term3,6,2024-07-31,80.5220051379743
S2251,Term3,7,2024-08-07,64.51310637753559
S2251,Term3,8,2024-08-14,100.0
S2251,Term3,9,2024-08-21,81.07157570867497
S2251,Term3,10,2024-08-28,100.0
S2251,Term3,11,2024-09-04,100.0
S2251,Term3,12,2024-09-11,96.34257174700458
S2252,Term1,1,2024-01-10,82.62367336483118
S2252,Term1,2,2024-01-17,88.44021783849212
S2252,Term1,3,2024-01-24,69.70587748834087
S2252,Term1,4,2024-01-31,100.0
S2252,Term1,5,2024-02-07,74.77832802180797
S2252,Term1,6,2024-02-14,81.9531884471095
S2252,Term1,7,2024-02-21,86.18783784448301
S2252,Term1,8,2024-02-28,83.71072294195648
S2252,Term1,9,2024-03-06,77.11752061247927
S2252,Term1,10,2024-03-13,100.0
S2252,Term1,11,2024-03-20,96.40335140185935
S2252,Term1,12,2024-03-27,88.86456645190832
S2252,Term2,1,2024-04-03,80.205363328039
S2252,Term2,2,2024-04-10,97.77131046213364
S2252,Term2,3,2024-04-17,79.42637640666922
S2252,Term2,4,2024-04-24,100.0
S2252,Term2,5,2024-05-01,86.33465098580113
S2252,Term2,6,2024-05-08,99.75737832367258
S2252,Term2,7,2024-05-15,83.634156085797
S2252,Term2,8,2024-05-22,85.85839818449134
S2252,Term2,9,2024-05-29,99.70505273750399
S2252,Term2,10,2024-06-05,100.0
S2252,Term2,11,2024-06-12,100.0
S2252,Term2,12,2024-06-19,95.5256154325342
S2252,Term3,1,2024-06-26,92.07140119549116
S2252,Term3,2,2024-07-03,78.9166157168845
S2252,Term3,3,2024-07-10,88.54275689326519
S2252,Term3,4,2024-07-17,74.04340979203921
S2252,Term3,5,2024-07-24,89.50938560421729
S2252,Term3,6,2024-07-31,90.28060792832288
S2252,Term3,7,2024-08-07,61.4698583023817
S2252,Term3,8,2024-08-14,85.46486331030049
S2252,Term3,9,2024-08-21,89.97849878906926
S2252,Term3,10,2024-08-28,83.99548171433173
S2252,Term3,11,2024-09-04,89.29658606627885
S2252,Term3,12,2024-09-11,68.89933307972423
S2253,Term1,1,2024-01-10,75.6896283332769
S2253,Term1,2,2024-01-17,97.41925795796719
S2253,Term1,3,2024-01-24,85.00685998774932
S2253,Term1,4,2024-01-31,89.0785477757789
S2253,Term1,5,2024-02-07,78.44174607149705
S2253,Term1,6,2024-02-14,85.23392827932227
S2253,Term1,7,2024-02-21,57.375853838377616
S2253,Term1,8,2024-02-28,95.15214326104919
S2253,Term1,9,2024-03-06,100.0
S2253,Term1,10,2024-03-13,72.21978940942431
S2253,Term1,11,2024-03-20,73.71601374988518
S2253,Term1,12,2024-03-27,90.29055877884979
S2253,Term2,1,2024-04-03,100.0
S2253,Term2,2,2024-04-10,84.97483219140466
S2253,Term2,3,2024-04-17,70.24818375024995
S2253,Term2,4,2024-04-24,82.49659316034553
S2253,Term2,5,2024-05-01,72.64081503625849
S2253,Term2,6,2024-05-08,76.97384448557469
S2253,Term2,7,2024-05-15,81.3515068101602
S2253,Term2,8,2024-05-22,73.84810494110047
S2253,Term2,9,2024-05-29,75.66513130990522
S2253,Term2,10,2024-06-05,85.89440800266692
S2253,Term2,11,2024-06-12,87.58042974564675
S2253,Term2,12,2024-06-19,67.9122359941484
S2253,Term3,1,2024-06-26,89.75658067011204
S2253,Term3,2,2024-07-03,80.41679364242323
S2253,Term3,3,2024-07-10,93.6431382826313
S2253,Term3,4,2024-07-17,94.36597024825431
S2253,Term3,5,2024-07-24,78.46550582853942
S2253,Term3,6,2024-07-31,92.3697723284528
S2253,Term3,7,2024-08-07,74.95652752361404
S2253,Term3,8,2024-08-14,100.0
S2253,Term3,9,2024-08-21,75.41036558972242
S2253,Term3,10,2024-08-28,89.23299530350616
S2253,Term3,11,2024-09-04,82.74869026426865
S2253,Term3,12,2024-09-11,72.79726582914878
S2254,Term1,1,2024-01-10,95.8109891414237
S2254,Term1,2,2024-01-17,77.63041829359851
S2254,Term1,3,2024-01-24,64.59913402026032
S2254,Term1,4,2024-01-31,50.41583964198364
S2254,Term1,5,2024-02-07,74.49946366686436
S2254,Term1,6,2024-02-14,100.0
S2254,Term1,7,2024-02-21,100.0
S2254,Term1,8,2024-02-28,76.37681917182962
S2254,Term1,9,2024-03-06,80.50654102358345
S2254,Term1,10,2024-03-13,79.42104309332773
S2254,Term1,11,2024-03-20,68.99881425460518
S2254,Term1,12,2024-03-27,73.61401754051988
S2254,Term2,1,2024-04-03,96.77379423280942
S2254,Term2,2,2024-04-10,91.0466544565528
S2254,Term2,3,2024-04-17,88.27706630235866
S2254,Term2,4,2024-04-24,68.9782406600697
S2254,Term2,5,2024-05-01,86.20843856840773
S2254,Term2,6,2024-05-08,57.35386036614374
S2254,Term2,7,2024-05-15,95.1136322951264
S2254,Term2,8,2024-05-22,88.1028988088457
S2254,Term2,9,2024-05-29,68.85721057480204
S2254,Term2,10,2024-06-05,100.0
S2254,Term2,11,2024-06-12,63.44602408997702
S2254,Term2,12,2024-06-19,91.36367418699523
S2254,Term3,1,2024-06-26,91.66206122774395
S2254,Term3,2,2024-07-03,70.12395472777024
S2254,Term3,3,2024-07-10,84.54579171027859
S2254,Term3,4,2024-07-17,65.35806589416565
S2254,Term3,5,2024-07-24,50.84350820407823
S2254,Term3,6,2024-07-31,72.18548527682009
S2254,Term3,7,2024-08-07,77.60050069285603
S2254,Term3,8,2024-08-14,92.7310741697295
S2254,Term3,9,2024-08-21,85.80889702072983
S2254,Term3,10,2024-08-28,86.12254551263375
S2254,Term3,11,2024-09-04,72.82694052059698
S2254,Term3,12,2024-09-11,78.63986435150336
S2255,Term1,1,2024-01-10,73.84088068157007
S2255,Term1,2,2024-01-17,70.3003119156423
S2255,Term1,3,2024-01-24,77.87560687615291
S2255,Term1,4,2024-01-31,85.894148621156
S2255,Term1,5,2024-02-07,78.12833776690957
S2255,Term1,6,2024-02-14,81.11796796690032
S2255,Term1,7,2024-02-21,93.33897773093668
S2255,Term1,8,2024-02-28,78.99094697571155
S2255,Term1,9,2024-03-06,68.9924004281453
S2255,Term1,10,2024-03-13,91.76144225921487
S2255,Term1,11,2024-03-20,88.19019578209941
S2255,Term1,12,2024-03-27,88.94391397806777
S2255,Term2,1,2024-04-03,92.51006389042851
S2255,Term2,2,2024-04-10,90.47969832769535
S2255,Term2,3,2024-04-17,85.34474430965565
S2255,Term2,4,2024-04-24,100.0
S2255,Term2,5,2024-05-01,69.58037504437655
S2255,Term2,6,2024-05-08,77.9629926581373
S2255,Term2,7,2024-05-15,96.608012376138
S2255,Term2,8,2024-05-22,86.7110355051469
S2255,Term2,9,2024-05-29,94.09507640813486
S2255,Term2,10,2024-06-05,87.03707715444246
S2255,Term2,11,2024-06-12,100.0
S2255,Term2,12,2024-06-19,72.90986973240105
S2255,Term3,1,2024-06-26,100.0
S2255,Term3,2,2024-07-03,99.0519579184512
S2255,Term3,3,2024-07-10,70.47653062923544
S2255,Term3,4,2024-07-17,92.56798491865207
S2255,Term3,5,2024-07-24,84.48352081316092
S2255,Term3,6,2024-07-31,77.72101577057123
S2255,Term3,7,2024-08-07,62.33656972338736
S2255,Term3,8,2024-08-14,72.8702359465922
S2255,Term3,9,2024-08-21,93.49734568221507
S2255,Term3,10,2024-08-28,94.76609523112668
S2255,Term3,11,2024-09-04,82.47147423308594
S2255,Term3,12,2024-09-11,94.80382171771942
S2256,Term1,1,2024-01-10,96.34312093472965
S2256,Term1,2,2024-01-17,86.85567950351617
S2256,Term1,3,2024-01-24,76.33199651379755
S2256,Term1,4,2024-01-31,90.29264935378774
S2256,Term1,5,2024-02-07,90.84381649190635
S2256,Term1,6,2024-02-14,93.08733268420372
S2256,Term1,7,2024-02-21,95.38483924002688
S2256,Term1,8,2024-02-28,68.65402513694534
S2256,Term1,9,2024-03-06,78.8808490556111
S2256,Term1,10,2024-03-13,62.21654385174617
S2256,Term1,11,2024-03-20,93.96395246026417
S2256,Term1,12,2024-03-27,82.452262624235
S2256,Term2,1,2024-04-03,90.16976884836897
S2256,Term2,2,2024-04-10,67.2918550217181
S2256,Term2,3,2024-04-17,100.0
S2256,Term2,4,2024-04-24,70.6679300245687
S2256,Term2,5,2024-05-01,94.2947596525895
S2256,Term2,6,2024-05-08,86.4154020507105
S2256,Term2,7,2024-05-15,82.72668666968585
S2256,Term2,8,2024-05-22,81.75807872065391
S2256,Term2,9,2024-05-29,77.34324388820644
S2256,Term2,10,2024-06-05,100.0
S2256,Term2,11,2024-06-12,85.15135401222692
S2256,Term2,12,2024-06-19,69.76934163576135
S2256,Term3,1,2024-06-26,80.39247757558192
S2256,Term3,2,2024-07-03,86.54006832643526
S2256,Term3,3,2024-07-10,95.77366337734391
S2256,Term3,4,2024-07-17,77.74456335379351
S2256,Term3,5,2024-07-24,78.54668133034542
S2256,Term3,6,2024-07-31,85.28118552576886
S2256,Term3,7,2024-08-07,95.4810978393679
S2256,Term3,8,2024-08-14,68.57494557284764
S2256,Term3,9,2024-08-21,91.06425557190094
S2256,Term3,10,2024-08-28,79.43124963845612
S2256,Term3,11,2024-09-04,81.10680901901816
S2256,Term3,12,2024-09-11,100.0
S2257,Term1,1,2024-01-10,82.64236930538169
S2257,Term1,2,2024-01-17,94.05632500370297
S2257,Term1,3,2024-01-24,93.62696604644019
S2257,Term1,4,2024-01-31,70.83971303081792
S2257,Term1,5,2024-02-07,62.85526809732515
S2257,Term1,6,2024-02-14,94.85178510900293
S2257,Term1,7,2024-02-21,71.99744569061778
S2257,Term1,8,2024-02-28,65.02980454514767
S2257,Term1,9,2024-03-06,97.31394657813037
S2257,Term1,10,2024-03-13,72.76687919469289
S2257,Term1,11,2024-03-20,75.72979029178727
S2257,Term1,12,2024-03-27,100.0
S2257,Term2,1,2024-04-03,65.08317566342114
S2257,Term2,2,2024-04-10,69.92456750311689
S2257,Term2,3,2024-04-17,79.48362229031295
S2257,Term2,4,2024-04-24,82.11691792198694
S2257,Term2,5,2024-05-01,74.27505661458817
S2257,Term2,6,2024-05-08,71.096138832125
S2257,Term2,7,2024-05-15,100.0
S2257,Term2,8,2024-05-22,88.1558334892566
S2257,Term2,9,2024-05-29,92.02202493051026
S2257,Term2,10,2024-06-05,83.35329788129756
S2257,Term2,11,2024-06-12,88.47345938630964
S2257,Term2,12,2024-06-19,96.19481993331509
S2257,Term3,1,2024-06-26,73.04441182545598
S2257,Term3,2,2024-07-03,88.17803195821578
S2257,Term3,3,2024-07-10,93.3525077608947
S2257,Term3,4,2024-07-17,100.0
S2257,Term3,5,2024-07-24,100.0
S2257,Term3,6,2024-07-31,85.83831756378113
S2257,Term3,7,2024-08-07,98.66366739624561
S2257,Term3,8,2024-08-14,52.957984799541435
S2257,Term3,9,2024-08-21,100.0
S2257,Term3,10,2024-08-28,76.28939605935035
S2257,Term3,11,2024-09-04,82.10683061214532
S2257,Term3,12,2024-09-11,90.29325381240426
S2258,Term1,1,2024-01-10,83.15869159221384
S2258,Term1,2,2024-01-17,87.35744055481761
S2258,Term1,3,2024-01-24,100.0
S2258,Term1,4,2024-01-31,80.38935945584835
S2258,Term1,5,2024-02-07,71.95691420199336
S2258,Term1,6,2024-02-14,100.0
S2258,Term1,7,2024-02-21,91.32117060405614
S2258,Term1,8,2024-02-28,100.0
S2258,Term1,9,2024-03-06,95.36355892694685
S2258,Term1,10,2024-03-13,69.11686729583876
S2258,Term1,11,2024-03-20,92.74461606108258
S2258,Term1,12,2024-03-27,73.19262320940935
S2258,Term2,1,2024-04-03,85.089181629276
S2258,Term2,2,2024-04-10,84.0914271567069
S2258,Term2,3,2024-04-17,65.58803434440333
S2258,Term2,4,2024-04-24,75.24627412525857
S2258,Term2,5,2024-05-01,100.0
S2258,Term2,6,2024-05-08,87.86052885809397
S2258,Term2,7,2024-05-15,82.89284638404457
S2258,Term2,8,2024-05-22,100.0
S2258,Term2,9,2024-05-29,80.24517627916998
S2258,Term2,10,2024-06-05,83.90295565637057
S2258,Term2,11,2024-06-12,96.8896342734742
S2258,Term2,12,2024-06-19,80.1911704166038
S2258,Term3,1,2024-06-26,76.04175112776998
S2258,Term3,2,2024-07-03,57.95492301567139
S2258,Term3,3,2024-07-10,73.76202023940687
S2258,Term3,4,2024-07-17,73.64766704812465
S2258,Term3,5,2024-07-24,86.90280034562332
S2258,Term3,6,2024-07-31,77.67450081126668
S2258,Term3,7,2024-08-07,100.0
S2258,Term3,8,2024-08-14,72.30845283718233
S2258,Term3,9,2024-08-21,100.0
S2258,Term3,10,2024-08-28,87.63703546153059
S2258,Term3,11,2024-09-04,94.68128842854867
S2258,Term3,12,2024-09-11,93.95223513683044
S2259,Term1,1,2024-01-10,58.381173636251
S2259,Term1,2,2024-01-17,84.86136785228132
S2259,Term1,3,2024-01-24,81.85326235319401
S2259,Term1,4,2024-01-31,71.40426286370479
S2259,Term1,5,2024-02-07,90.51551244659042
S2259,Term1,6,2024-02-14,100.0
S2259,Term1,7,2024-02-21,52.923956273391205
S2259,Term1,8,2024-02-28,78.58636388989935
S2259,Term1,9,2024-03-06,70.05080603063652
S2259,Term1,10,2024-03-13,85.86133391485232
S2259,Term1,11,2024-03-20,81.09254460220005
S2259,Term1,12,2024-03-27,77.73187344691387
S2259,Term2,1,2024-04-03,93.2740819399487
S2259,Term2,2,2024-04-10,100.0
S2259,Term2,3,2024-04-17,100.0
S2259,Term2,4,2024-04-24,76.12445141837695
S2259,Term2,5,2024-05-01,63.149493378183166
S2259,Term2,6,2024-05-08,91.71035720894008
S2259,Term2,7,2024-05-15,100.0
S2259,Term2,8,2024-05-22,94.76427960448873
S2259,Term2,9,2024-05-29,100.0
S2259,Term2,10,2024-06-05,82.29415995277456
S2259,Term2,11,2024-06-12,77.68510672272247
S2259,Term2,12,2024-06-19,86.38523088881574
S2259,Term3,1,2024-06-26,81.03336175159734
S2259,Term3,2,2024-07-03,92.95712825608413
S2259,Term3,3,2024-07-10,96.6372133360419
S2259,Term3,4,2024-07-17,97.57700397486263
S2259,Term3,5,2024-07-24,91.12711204965268
S2259,Term3,6,2024-07-31,87.9498679201036
S2259,Term3,7,2024-08-07,94.53312027101018
S2259,Term3,8,2024-08-14,61.44409710816734
S2259,Term3,9,2024-08-21,87.5268490280073
S2259,Term3,10,2024-08-28,85.6297366860454
S2259,Term3,11,2024-09-04,87.55696475165865
S2259,Term3,12,2024-09-11,83.94851744494923
S2260,Term1,1,2024-01-10,90.1822659215394
S2260,Term1,2,2024-01-17,78.10476494159181
S2260,Term1,3,2024-01-24,98.55428115344355
S2260,Term1,4,2024-01-31,90.68379732896169
S2260,Term1,5,2024-02-07,86.80823029460633
S2260,Term1,6,2024-02-14,76.62980115236655
S2260,Term1,7,2024-02-21,94.78380262249486
S2260,Term1,8,2024-02-28,87.47991638193389
S2260,Term1,9,2024-03-06,75.934199277557
S2260,Term1,10,2024-03-13,84.32006149104114
S2260,Term1,11,2024-03-20,92.54899143089487
S2260,Term1,12,2024-03-27,91.6188824658379
S2260,Term2,1,2024-04-03,90.84410761369786
S2260,Term2,2,2024-04-10,86.11037670089293
S2260,Term2,3,2024-04-17,97.30983439962276
S2260,Term2,4,2024-04-24,99.85355804573932
S2260,Term2,5,2024-05-01,93.84787138810648
S2260,Term2,6,2024-05-08,77.95058470173151
S2260,Term2,7,2024-05-15,72.3032593925138
S2260,Term2,8,2024-05-22,78.47272279634088
S2260,Term2,9,2024-05-29,100.0
S2260,Term2,10,2024-06-05,88.38035096592824
S2260,Term2,11,2024-06-12,100.0
S2260,Term2,12,2024-06-19,83.55761987695077
S2260,Term3,1,2024-06-26,81.89423595408495
S2260,Term3,2,2024-07-03,84.11132156027112
S2260,Term3,3,2024-07-10,83.89391103936036
S2260,Term3,4,2024-07-17,75.71618905758731
S2260,Term3,5,2024-07-24,71.21382078199987
S2260,Term3,6,2024-07-31,91.01603952617036
S2260,Term3,7,2024-08-07,97.65880861116835
S2260,Term3,8,2024-08-14,100.0
S2260,Term3,9,2024-08-21,79.79544511970774
S2260,Term3,10,2024-08-28,80.7681341576311
S2260,Term3,11,2024-09-04,75.7452484665878
S2260,Term3,12,2024-09-11,98.5087291524828
S2261,Term1,1,2024-01-10,94.77984945755517
S2261,Term1,2,2024-01-17,74.47678501750568
S2261,Term1,3,2024-01-24,74.17362295632468
S2261,Term1,4,2024-01-31,96.43017710315077
S2261,Term1,5,2024-02-07,89.5983538145009
S2261,Term1,6,2024-02-14,94.10066455613372
S2261,Term1,7,2024-02-21,74.40677825993305
S2261,Term1,8,2024-02-28,62.46730163307752
S2261,Term1,9,2024-03-06,74.50041979983796
S2261,Term1,10,2024-03-13,93.25320076013472
S2261,Term1,11,2024-03-20,100.0
S2261,Term1,12,2024-03-27,79.8464321256687
S2261,Term2,1,2024-04-03,100.0
S2261,Term2,2,2024-04-10,94.95783720990026
S2261,Term2,3,2024-04-17,68.28361237949409
S2261,Term2,4,2024-04-24,87.56840605373237
S2261,Term2,5,2024-05-01,95.36769134094233
S2261,Term2,6,2024-05-08,55.89420521736776
S2261,Term2,7,2024-05-15,92.73341389496059
S2261,Term2,8,2024-05-22,99.07265415787735
S2261,Term2,9,2024-05-29,89.78641748957372
S2261,Term2,10,2024-06-05,84.25934547182293
S2261,Term2,11,2024-06-12,82.92488100398312
S2261,Term2,12,2024-06-19,82.22413206769814
S2261,Term3,1,2024-06-26,70.88824235479468
S2261,Term3,2,2024-07-03,76.74971401714039
S2261,Term3,3,2024-07-10,80.00087145217408
S2261,Term3,4,2024-07-17,86.36193215470891
S2261,Term3,5,2024-07-24,78.3182229081152
S2261,Term3,6,2024-07-31,74.57044909002484
S2261,Term3,7,2024-08-07,94.11725030951014
S2261,Term3,8,2024-08-14,89.44736766337427
S2261,Term3,9,2024-08-21,78.52924555852519
S2261,Term3,10,2024-08-28,91.07534165785106
S2261,Term3,11,2024-09-04,79.56210527576879
S2261,Term3,12,2024-09-11,85.75678035385744
S2262,Term1,1,2024-01-10,96.70052865667441
S2262,Term1,2,2024-01-17,77.75510688200484
S2262,Term1,3,2024-01-24,70.93106070599508
S2262,Term1,4,2024-01-31,83.2583850037439
S2262,Term1,5,2024-02-07,68.63841980577445
S2262,Term1,6,2024-02-14,81.6706178877883
S2262,Term1,7,2024-02-21,81.63235024823852
S2262,Term1,8,2024-02-28,55.43579051313324
S2262,Term1,9,2024-03-06,91.36762196493412
S2262,Term1,10,2024-03-13,82.80772279982415
S2262,Term1,11,2024-03-20,99.18275743326323
S2262,Term1,12,2024-03-27,87.58638375752899
S2262,Term2,1,2024-04-03,93.82730284378658
S2262,Term2,2,2024-04-10,99.28046503848452
S2262,Term2,3,2024-04-17,83.41939500675105
S2262,Term2,4,2024-04-24,84.99012173363317
S2262,Term2,5,2024-05-01,66.11748131931722
S2262,Term2,6,2024-05-08,99.87445294281089
S2262,Term2,7,2024-05-15,83.25163120334135
S2262,Term2,8,2024-05-22,72.93123339582422
S2262,Term2,9,2024-05-29,93.87666983784914
S2262,Term2,10,2024-06-05,58.84262569642898
S2262,Term2,11,2024-06-12,79.84870932552187
S2262,Term2,12,2024-06-19,95.89973249454209
S2262,Term3,1,2024-06-26,79.74733777640914
S2262,Term3,2,2024-07-03,76.38493658861702
S2262,Term3,3,2024-07-10,80.0061424346446
S2262,Term3,4,2024-07-17,60.88084882637712
S2262,Term3,5,2024-07-24,93.5857411813964
S2262,Term3,6,2024-07-31,83.52536749627704
S2262,Term3,7,2024-08-07,81.73210468006286
S2262,Term3,8,2024-08-14,81.77597660309151
S2262,Term3,9,2024-08-21,85.16895758157501
S2262,Term3,10,2024-08-28,92.8412484480648
S2262,Term3,11,2024-09-04,84.37523750560901
S2262,Term3,12,2024-09-11,68.66036142184225
S2263,Term1,1,2024-01-10,91.9061934585288
S2263,Term1,2,2024-01-17,90.98283629205072
S2263,Term1,3,2024-01-24,87.46632397859753
S2263,Term1,4,2024-01-31,97.90289568353583
S2263,Term1,5,2024-02-07,85.3645441169555
S2263,Term1,6,2024-02-14,98.33651306787107
S2263,Term1,7,2024-02-21,100.0
S2263,Term1,8,2024-02-28,91.98775462629379
S2263,Term1,9,2024-03-06,76.02479653746475
S2263,Term1,10,2024-03-13,83.43057137797071
S2263,Term1,11,2024-03-20,99.86627240870048
S2263,Term1,12,2024-03-27,67.02846560716591
S2263,Term2,1,2024-04-03,80.2965559818567
S2263,Term2,2,2024-04-10,80.88442196263907
S2263,Term2,3,2024-04-17,74.61747279575519
S2263,Term2,4,2024-04-24,95.47454739902544
S2263,Term2,5,2024-05-01,89.52178085248933
S2263,Term2,6,2024-05-08,76.4672997207941
S2263,Term2,7,2024-05-15,92.26615504283008
S2263,Term2,8,2024-05-22,83.09900518398139
S2263,Term2,9,2024-05-29,74.31766512133188
S2263,Term2,10,2024-06-05,76.44497907708559
S2263,Term2,11,2024-06-12,90.23261289731128
S2263,Term2,12,2024-06-19,96.26811854226206
S2263,Term3,1,2024-06-26,79.15878120454256
S2263,Term3,2,2024-07-03,91.53329600402814
S2263,Term3,3,2024-07-10,100.0
S2263,Term3,4,2024-07-17,69.89355332355697
S2263,Term3,5,2024-07-24,89.26803847406349
S2263,Term3,6,2024-07-31,94.9678682955449
S2263,Term3,7,2024-08-07,83.85820220081403
S2263,Term3,8,2024-08-14,99.85939853026777
S2263,Term3,9,2024-08-21,100.0
S2263,Term3,10,2024-08-28,89.12026418063563
S2263,Term3,11,2024-09-04,82.19692321266402
S2263,Term3,12,2024-09-11,96.72379369194348
S2264,Term1,1,2024-01-10,95.10482632453481
S2264,Term1,2,2024-01-17,54.77402854098179
S2264,Term1,3,2024-01-24,84.96717332690663
S2264,Term1,4,2024-01-31,80.26480639913063
S2264,Term1,5,2024-02-07,89.760468298167
S2264,Term1,6,2024-02-14,82.67610063647452
S2264,Term1,7,2024-02-21,83.97788689274797
S2264,Term1,8,2024-02-28,74.64144688646702
S2264,Term1,9,2024-03-06,93.81435062109385
S2264,Term1,10,2024-03-13,100.0
S2264,Term1,11,2024-03-20,74.82793660941958
S2264,Term1,12,2024-03-27,68.23533972223632
S2264,Term2,1,2024-04-03,85.24003863792957
S2264,Term2,2,2024-04-10,84.65613206757683
S2264,Term2,3,2024-04-17,99.05119343344433
S2264,Term2,4,2024-04-24,70.24966057145761
S2264,Term2,5,2024-05-01,78.54453789971083
S2264,Term2,6,2024-05-08,59.22756112879777
S2264,Term2,7,2024-05-15,100.0
S2264,Term2,8,2024-05-22,88.00653553988036
S2264,Term2,9,2024-05-29,79.43880503223045
S2264,Term2,10,2024-06-05,69.13274225690589
S2264,Term2,11,2024-06-12,70.234287301873
S2264,Term2,12,2024-06-19,89.9712027974967
S2264,Term3,1,2024-06-26,71.71089945279148
S2264,Term3,2,2024-07-03,86.24806507778283
S2264,Term3,3,2024-07-10,100.0
S2264,Term3,4,2024-07-17,80.82894852466215
S2264,Term3,5,2024-07-24,73.46266667230745
S2264,Term3,6,2024-07-31,89.58408646543316
S2264,Term3,7,2024-08-07,70.29049911061927
S2264,Term3,8,2024-08-14,100.0
S2264,Term3,9,2024-08-21,100.0
S2264,Term3,10,2024-08-28,83.02994057255627
S2264,Term3,11,2024-09-04,74.23248182290936
S2264,Term3,12,2024-09-11,79.89076152669567
S2265,Term1,1,2024-01-10,81.45201265497487
S2265,Term1,2,2024-01-17,89.60280558048478
S2265,Term1,3,2024-01-24,97.47558795161339
S2265,Term1,4,2024-01-31,72.56184843089692
S2265,Term1,5,2024-02-07,97.13091478411293
S2265,Term1,6,2024-02-14,92.41222735373557
S2265,Term1,7,2024-02-21,78.90652611032073
S2265,Term1,8,2024-02-28,71.95945725187588
S2265,Term1,9,2024-03-06,86.39479260751081
S2265,Term1,10,2024-03-13,72.284938195575
S2265,Term1,11,2024-03-20,97.28417018995127
S2265,Term1,12,2024-03-27,71.51340673441354
S2265,Term2,1,2024-04-03,91.57247431795773
S2265,Term2,2,2024-04-10,84.03260362221901
S2265,Term2,3,2024-04-17,78.27250138749758
S2265,Term2,4,2024-04-24,83.76602192416851
S2265,Term2,5,2024-05-01,97.95979803561042
S2265,Term2,6,2024-05-08,70.69291109207452
S2265,Term2,7,2024-05-15,80.0541213376982
S2265,Term2,8,2024-05-22,75.97907722375375
S2265,Term2,9,2024-05-29,84.53659439741543
S2265,Term2,10,2024-06-05,76.78382928984814
S2265,Term2,11,2024-06-12,63.78302509136063
S2265,Term2,12,2024-06-19,72.33834943681165
S2265,Term3,1,2024-06-26,100.0
S2265,Term3,2,2024-07-03,87.96073853543527
S2265,Term3,3,2024-07-10,87.54834464569693
S2265,Term3,4,2024-07-17,81.60865131989634
S2265,Term3,5,2024-07-24,84.38049491068996
S2265,Term3,6,2024-07-31,79.84225692602344
S2265,Term3,7,2024-08-07,91.32314237249278
S2265,Term3,8,2024-08-14,86.20970625111248
S2265,Term3,9,2024-08-21,70.94478147809662
S2265,Term3,10,2024-08-28,88.04469403725031
S2265,Term3,11,2024-09-04,55.49509692074139
S2265,Term3,12,2024-09-11,89.96631039613342
S2266,Term1,1,2024-01-10,68.08771771796174
S2266,Term1,2,2024-01-17,83.84733896595908
S2266,Term1,3,2024-01-24,70.66446876164574
S2266,Term1,4,2024-01-31,85.03387839439716
S2266,Term1,5,2024-02-07,91.93934223131467
S2266,Term1,6,2024-02-14,100.0
S2266,Term1,7,2024-02-21,66.50370813986225
S2266,Term1,8,2024-02-28,96.70567546805361
S2266,Term1,9,2024-03-06,86.57383246452966
S2266,Term1,10,2024-03-13,79.59199416610451
S2266,Term1,11,2024-03-20,94.11827806071352
S2266,Term1,12,2024-03-27,82.16890178697751
S2266,Term2,1,2024-04-03,93.61036619680814
S2266,Term2,2,2024-04-10,73.09276344246406
S2266,Term2,3,2024-04-17,77.40403561244449
S2266,Term2,4,2024-04-24,96.3232006335352
S2266,Term2,5,2024-05-01,100.0
S2266,Term2,6,2024-05-08,84.57961721016581
S2266,Term2,7,2024-05-15,51.552532895730636
S2266,Term2,8,2024-05-22,82.61140860869854
S2266,Term2,9,2024-05-29,85.38911341386915
S2266,Term2,10,2024-06-05,82.20671947968194
S2266,Term2,11,2024-06-12,89.03606273998638
S2266,Term2,12,2024-06-19,79.27708086883214
S2266,Term3,1,2024-06-26,95.06645032813633
S2266,Term3,2,2024-07-03,70.9994407272275
S2266,Term3,3,2024-07-10,99.8421844882497
S2266,Term3,4,2024-07-17,100.0
S2266,Term3,5,2024-07-24,74.04328314327631
S2266,Term3,6,2024-07-31,74.03680209276325
S2266,Term3,7,2024-08-07,89.92834376533034
S2266,Term3,8,2024-08-14,70.75335508308532
S2266,Term3,9,2024-08-21,79.08876554677215
S2266,Term3,10,2024-08-28,98.23032347747217
S2266,Term3,11,2024-09-04,93.85128117372355
S2266,Term3,12,2024-09-11,100.0
S2267,Term1,1,2024-01-10,87.04940977120249
S2267,Term1,2,2024-01-17,77.66994397266177
S2267,Term1,3,2024-01-24,85.61492213983625
S2267,Term1,4,2024-01-31,83.19293992709639
S2267,Term1,5,2024-02-07,83.36131468956238
S2267,Term1,6,2024-02-14,84.7143555028512
S2267,Term1,7,2024-02-21,73.81879949384516
S2267,Term1,8,2024-02-28,88.38661305964771
S2267,Term1,9,2024-03-06,68.0960407868969
S2267,Term1,10,2024-03-13,76.39808070510263
S2267,Term1,11,2024-03-20,83.57345484232219
S2267,Term1,12,2024-03-27,57.8853602481329
S2267,Term2,1,2024-04-03,94.22789843613901
S2267,Term2,2,2024-04-10,60.36214588182994
S2267,Term2,3,2024-04-17,93.03505229077814
S2267,Term2,4,2024-04-24,69.48628852086205
S2267,Term2,5,2024-05-01,80.14097571155801
S2267,Term2,6,2024-05-08,91.22956776339315
S2267,Term2,7,2024-05-15,100.0
S2267,Term2,8,2024-05-22,86.39742373248819
S2267,Term2,9,2024-05-29,61.2084840616059
S2267,Term2,10,2024-06-05,96.44434159162928
S2267,Term2,11,2024-06-12,82.21697914169178
S2267,Term2,12,2024-06-19,85.83887985350589
S2267,Term3,1,2024-06-26,91.69435635865138
S2267,Term3,2,2024-07-03,58.29546451713143
S2267,Term3,3,2024-07-10,85.07844217282235
S2267,Term3,4,2024-07-17,80.08367332056766
S2267,Term3,5,2024-07-24,99.66201887206623
S2267,Term3,6,2024-07-31,93.72536516006491
S2267,Term3,7,2024-08-07,65.47597692662143
S2267,Term3,8,2024-08-14,100.0
S2267,Term3,9,2024-08-21,90.39430105792253
S2267,Term3,10,2024-08-28,66.43310083056139
S2267,Term3,11,2024-09-04,85.66903724191327
S2267,Term3,12,2024-09-11,97.41791336627026
S2268,Term1,1,2024-01-10,70.43147352911927
S2268,Term1,2,2024-01-17,100.0
S2268,Term1,3,2024-01-24,66.8484547104697
S2268,Term1,4,2024-01-31,75.50527388023619
S2268,Term1,5,2024-02-07,73.6855499753237
S2268,Term1,6,2024-02-14,100.0
S2268,Term1,7,2024-02-21,79.10780636140964
S2268,Term1,8,2024-02-28,71.04619596806802
S2268,Term1,9,2024-03-06,90.34253054696875
S2268,Term1,10,2024-03-13,92.93417188711263
S2268,Term1,11,2024-03-20,93.01043313752957
S2268,Term1,12,2024-03-27,81.74393001728788
S2268,Term2,1,2024-04-03,88.05441161244337
S2268,Term2,2,2024-04-10,77.19720296524858
S2268,Term2,3,2024-04-17,100.0
S2268,Term2,4,2024-04-24,98.73046190389518
S2268,Term2,5,2024-05-01,97.9954819484881
S2268,Term2,6,2024-05-08,94.52939121488255
S2268,Term2,7,2024-05-15,91.23679967194002
S2268,Term2,8,2024-05-22,70.06765019020254
S2268,Term2,9,2024-05-29,92.59961483506778
S2268,Term2,10,2024-06-05,86.37118276075984
S2268,Term2,11,2024-06-12,100.0
S2268,Term2,12,2024-06-19,94.68903018858914
S2268,Term3,1,2024-06-26,91.60456564183626
S2268,Term3,2,2024-07-03,64.78930242963813
S2268,Term3,3,2024-07-10,83.93199356069836
S2268,Term3,4,2024-07-17,78.30529288115612
S2268,Term3,5,2024-07-24,88.02839109019688
S2268,Term3,6,2024-07-31,80.01342074268828
S2268,Term3,7,2024-08-07,81.68865068688032
S2268,Term3,8,2024-08-14,90.50840685888045
S2268,Term3,9,2024-08-21,79.81434263717469
S2268,Term3,10,2024-08-28,86.45909847488815
S2268,Term3,11,2024-09-04,66.76705730950832
S2268,Term3,12,2024-09-11,75.01118227887929
S2269,Term1,1,2024-01-10,92.87252280643553
S2269,Term1,2,2024-01-17,70.23769459964231
S2269,Term1,3,2024-01-24,99.94870093123596
S2269,Term1,4,2024-01-31,96.69279226361584
S2269,Term1,5,2024-02-07,81.78124077592256
S2269,Term1,6,2024-02-14,100.0
S2269,Term1,7,2024-02-21,99.91724293417951
S2269,Term1,8,2024-02-28,73.60864591953118
S2269,Term1,9,2024-03-06,93.95408864440057
S2269,Term1,10,2024-03-13,85.79035679583708
S2269,Term1,11,2024-03-20,75.67945490968707
S2269,Term1,12,2024-03-27,72.16109028200549
S2269,Term2,1,2024-04-03,96.93872001866055
S2269,Term2,2,2024-04-10,77.8246544245104
S2269,Term2,3,2024-04-17,83.77748373955538
S2269,Term2,4,2024-04-24,73.94768886128166
S2269,Term2,5,2024-05-01,76.02210475241691
S2269,Term2,6,2024-05-08,83.47684959914234
S2269,Term2,7,2024-05-15,89.65818751268982
S2269,Term2,8,2024-05-22,53.93969003738262
S2269,Term2,9,2024-05-29,85.203037590001
S2269,Term2,10,2024-06-05,76.04654784897957
S2269,Term2,11,2024-06-12,100.0
S2269,Term2,12,2024-06-19,100.0
S2269,Term3,1,2024-06-26,80.68865158055542
S2269,Term3,2,2024-07-03,64.33325727144167
S2269,Term3,3,2024-07-10,86.4025236390228
S2269,Term3,4,2024-07-17,82.53484804608154
S2269,Term3,5,2024-07-24,100.0
S2269,Term3,6,2024-07-31,100.0
S2269,Term3,7,2024-08-07,95.38449964715878
S2269,Term3,8,2024-08-14,77.9596710254481
S2269,Term3,9,2024-08-21,93.13319879416964
S2269,Term3,10,2024-08-28,88.18007630881965
S2269,Term3,11,2024-09-04,87.89587843959269
S2269,Term3,12,2024-09-11,66.30124181718556
S2270,Term1,1,2024-01-10,97.74154406144376
S2270,Term1,2,2024-01-17,86.29369993973482
S2270,Term1,3,2024-01-24,83.7899038294651
S2270,Term1,4,2024-01-31,77.79812205989407
S2270,Term1,5,2024-02-07,75.47660200415947
S2270,Term1,6,2024-02-14,88.80710297534779
S2270,Term1,7,2024-02-21,64.01004637770302
S2270,Term1,8,2024-02-28,94.4739851158005
S2270,Term1,9,2024-03-06,72.35073475605178
S2270,Term1,10,2024-03-13,60.2958317655365
S2270,Term1,11,2024-03-20,100.0
S2270,Term1,12,2024-03-27,74.70295540785305
S2270,Term2,1,2024-04-03,76.33409006173966
S2270,Term2,2,2024-04-10,98.6144599720969
S2270,Term2,3,2024-04-17,100.0
S2270,Term2,4,2024-04-24,66.60398105675884
S2270,Term2,5,2024-05-01,73.52598327699197
S2270,Term2,6,2024-05-08,74.40785413407283
S2270,Term2,7,2024-05-15,96.21761995234786
S2270,Term2,8,2024-05-22,100.0
S2270,Term2,9,2024-05-29,72.03696926106305
S2270,Term2,10,2024-06-05,100.0
S2270,Term2,11,2024-06-12,76.49159066165558
S2270,Term2,12,2024-06-19,89.03347483534687
S2270,Term3,1,2024-06-26,69.74255560686619
S2270,Term3,2,2024-07-03,83.53683503701602
S2270,Term3,3,2024-07-10,83.6666474311274
S2270,Term3,4,2024-07-17,81.21810032421672
S2270,Term3,5,2024-07-24,89.61965177583636
S2270,Term3,6,2024-07-31,72.91562962176968
S2270,Term3,7,2024-08-07,74.3953204217579
S2270,Term3,8,2024-08-14,90.25446573939226
S2270,Term3,9,2024-08-21,100.0
S2270,Term3,10,2024-08-28,84.72623567142493
S2270,Term3,11,2024-09-04,91.04404928154607
S2270,Term3,12,2024-09-11,94.09696012356808
S2271,Term1,1,2024-01-10,94.9660622636019
S2271,Term1,2,2024-01-17,73.55770328996034
S2271,Term1,3,2024-01-24,75.67587723754116
S2271,Term1,4,2024-01-31,76.71910487267758
S2271,Term1,5,2024-02-07,100.0
S2271,Term1,6,2024-02-14,91.09831527006284
S2271,Term1,7,2024-02-21,90.5597886446202
S2271,Term1,8,2024-02-28,89.39482903820486
S2271,Term1,9,2024-03-06,69.150479156566
S2271,Term1,10,2024-03-13,100.0
S2271,Term1,11,2024-03-20,90.75025036944353
S2271,Term1,12,2024-03-27,93.67792135185942
S2271,Term2,1,2024-04-03,63.81374453301038
S2271,Term2,2,2024-04-10,94.35572622833821
S2271,Term2,3,2024-04-17,80.72545059846848
S2271,Term2,4,2024-04-24,69.12660430328515
S2271,Term2,5,2024-05-01,73.55483600953843
S2271,Term2,6,2024-05-08,69.8212694985596
S2271,Term2,7,2024-05-15,69.61858965862467
S2271,Term2,8,2024-05-22,85.72657384437052
S2271,Term2,9,2024-05-29,80.35884653522018
S2271,Term2,10,2024-06-05,89.00883234593665
S2271,Term2,11,2024-06-12,100.0
S2271,Term2,12,2024-06-19,83.44595543647195
S2271,Term3,1,2024-06-26,58.06132847249887
S2271,Term3,2,2024-07-03,82.0965014614262
S2271,Term3,3,2024-07-10,99.32073323677446
S2271,Term3,4,2024-07-17,83.96872633003804
S2271,Term3,5,2024-07-24,100.0
S2271,Term3,6,2024-07-31,90.43529911765383
S2271,Term3,7,2024-08-07,62.94076318723133
S2271,Term3,8,2024-08-14,86.3149870052603
S2271,Term3,9,2024-08-21,88.56401553117675
S2271,Term3,10,2024-08-28,97.96426961528373
S2271,Term3,11,2024-09-04,100.0
S2271,Term3,12,2024-09-11,95.89270623650438
S2272,Term1,1,2024-01-10,90.2857575686466
S2272,Term1,2,2024-01-17,93.11425925894015
S2272,Term1,3,2024-01-24,82.98391832260519
S2272,Term1,4,2024-01-31,67.44546595831085
S2272,Term1,5,2024-02-07,85.49795303467432
S2272,Term1,6,2024-02-14,89.38348392950687
S2272,Term1,7,2024-02-21,70.55610848905692
S2272,Term1,8,2024-02-28,100.0
S2272,Term1,9,2024-03-06,97.06493218578917
S2272,Term1,10,2024-03-13,68.53886301654558
S2272,Term1,11,2024-03-20,100.0
S2272,Term1,12,2024-03-27,81.30022756948183
S2272,Term2,1,2024-04-03,75.65810121857982
S2272,Term2,2,2024-04-10,97.95133231295831
S2272,Term2,3,2024-04-17,84.3873470468793
S2272,Term2,4,2024-04-24,100.0
S2272,Term2,5,2024-05-01,74.765343473359
S2272,Term2,6,2024-05-08,64.22010971232814
S2272,Term2,7,2024-05-15,81.6347406260063
S2272,Term2,8,2024-05-22,94.47066998872567
S2272,Term2,9,2024-05-29,73.87428417357349
S2272,Term2,10,2024-06-05,69.03879540640145
S2272,Term2,11,2024-06-12,87.74712883243305
S2272,Term2,12,2024-06-19,67.4357534779898
S2272,Term3,1,2024-06-26,88.68031239536097
S2272,Term3,2,2024-07-03,80.91252338526188
S2272,Term3,3,2024-07-10,90.93359786022847
S2272,Term3,4,2024-07-17,68.39405435290477
S2272,Term3,5,2024-07-24,100.0
S2272,Term3,6,2024-07-31,82.80358618007573
S2272,Term3,7,2024-08-07,94.16227201485788
S2272,Term3,8,2024-08-14,96.51850553541867
S2272,Term3,9,2024-08-21,71.11066057160853
S2272,Term3,10,2024-08-28,95.58709011529692
S2272,Term3,11,2024-09-04,67.8991986982681
S2272,Term3,12,2024-09-11,68.55834708688128
S2273,Term1,1,2024-01-10,100.0
S2273,Term1,2,2024-01-17,98.3422404255595
S2273,Term1,3,2024-01-24,100.0
S2273,Term1,4,2024-01-31,80.55743163270508
S2273,Term1,5,2024-02-07,86.2291439689361
S2273,Term1,6,2024-02-14,91.32825696102836
S2273,Term1,7,2024-02-21,84.85365320087327
S2273,Term1,8,2024-02-28,76.04636775164914
S2273,Term1,9,2024-03-06,74.24698362543941
S2273,Term1,10,2024-03-13,87.56634679394739
S2273,Term1,11,2024-03-20,72.19768190005234
S2273,Term1,12,2024-03-27,71.86163809159777
S2273,Term2,1,2024-04-03,89.72286413385511
S2273,Term2,2,2024-04-10,83.85808778217262
S2273,Term2,3,2024-04-17,96.24647524698022
S2273,Term2,4,2024-04-24,79.9010630790059
S2273,Term2,5,2024-05-01,78.02492860029358
S2273,Term2,6,2024-05-08,90.08264075242565
S2273,Term2,7,2024-05-15,75.25570150535407
S2273,Term2,8,2024-05-22,77.10246729331978
S2273,Term2,9,2024-05-29,77.57854731544703
S2273,Term2,10,2024-06-05,82.48357472445336
S2273,Term2,11,2024-06-12,100.0
S2273,Term2,12,2024-06-19,68.47853410051411
S2273,Term3,1,2024-06-26,100.0
S2273,Term3,2,2024-07-03,93.853441075479
S2273,Term3,3,2024-07-10,100.0
S2273,Term3,4,2024-07-17,100.0
S2273,Term3,5,2024-07-24,100.0
S2273,Term3,6,2024-07-31,96.10800337489434
S2273,Term3,7,2024-08-07,69.2500437804998
S2273,Term3,8,2024-08-14,70.76533286186749
S2273,Term3,9,2024-08-21,89.32228221238266
S2273,Term3,10,2024-08-28,64.62308622496522
S2273,Term3,11,2024-09-04,92.38527101549462
S2273,Term3,12,2024-09-11,59.380937310867864
S2274,Term1,1,2024-01-10,98.8268006267754
S2274,Term1,2,2024-01-17,81.13959625679682
S2274,Term1,3,2024-01-24,86.51916334564227
S2274,Term1,4,2024-01-31,76.01953244295422
S2274,Term1,5,2024-02-07,62.217683077329134
S2274,Term1,6,2024-02-14,99.81634335033114
S2274,Term1,7,2024-02-21,100.0
S2274,Term1,8,2024-02-28,80.78214681755563
S2274,Term1,9,2024-03-06,92.94315477680809
S2274,Term1,10,2024-03-13,80.30930295747515
S2274,Term1,11,2024-03-20,88.46187813119495
S2274,Term1,12,2024-03-27,94.10967038704132
S2274,Term2,1,2024-04-03,91.66101909488648
S2274,Term2,2,2024-04-10,100.0
S2274,Term2,3,2024-04-17,91.22656810846402
S2274,Term2,4,2024-04-24,85.33701540446314
S2274,Term2,5,2024-05-01,75.86297238547094
S2274,Term2,6,2024-05-08,79.25793543611294
S2274,Term2,7,2024-05-15,94.7206167607002
S2274,Term2,8,2024-05-22,66.97808177303057
S2274,Term2,9,2024-05-29,98.26968764095355
S2274,Term2,10,2024-06-05,81.6262752878256
S2274,Term2,11,2024-06-12,75.17672914710532
S2274,Term2,12,2024-06-19,71.8153098786224
S2274,Term3,1,2024-06-26,93.09241342778064
S2274,Term3,2,2024-07-03,84.82430375436019
S2274,Term3,3,2024-07-10,100.0
S2274,Term3,4,2024-07-17,69.84309219368895
S2274,Term3,5,2024-07-24,78.06203652325765
S2274,Term3,6,2024-07-31,83.89334610247104
S2274,Term3,7,2024-08-07,75.9777190723608
S2274,Term3,8,2024-08-14,85.07342396970164
S2274,Term3,9,2024-08-21,88.83400919698623
S2274,Term3,10,2024-08-28,90.81381086955687
S2274,Term3,11,2024-09-04,100.0
S2274,Term3,12,2024-09-11,69.35833085462103
S2275,Term1,1,2024-01-10,89.05312383922373
S2275,Term1,2,2024-01-17,77.236686164942
S2275,Term1,3,2024-01-24,90.16016056028302
S2275,Term1,4,2024-01-31,90.17598623623657
S2275,Term1,5,2024-02-07,73.15696740121203
S2275,Term1,6,2024-02-14,74.18617188839094
S2275,Term1,7,2024-02-21,91.1397167616349
S2275,Term1,8,2024-02-28,85.28085412892956
S2275,Term1,9,2024-03-06,82.36453791122075
S2275,Term1,10,2024-03-13,92.89584195729968
S2275,Term1,11,2024-03-20,93.78062171034559
S2275,Term1,12,2024-03-27,78.64443864757956
S2275,Term2,1,2024-04-03,74.77536234829
S2275,Term2,2,2024-04-10,69.8569722779483
S2275,Term2,3,2024-04-17,85.40144944241781
S2275,Term2,4,2024-04-24,67.92207667421722
S2275,Term2,5,2024-05-01,86.1931414987484
S2275,Term2,6,2024-05-08,99.60204149709327
S2275,Term2,7,2024-05-15,80.75848275656459
S2275,Term2,8,2024-05-22,78.56554863351803
S2275,Term2,9,2024-05-29,100.0
S2275,Term2,10,2024-06-05,100.0
S2275,Term2,11,2024-06-12,75.82482555333503
S2275,Term2,12,2024-06-19,86.6681581727077
S2275,Term3,1,2024-06-26,88.944138908177
S2275,Term3,2,2024-07-03,87.44392507271414
S2275,Term3,3,2024-07-10,100.0
S2275,Term3,4,2024-07-17,86.04675870903304
S2275,Term3,5,2024-07-24,87.84681850757221
S2275,Term3,6,2024-07-31,93.26394754175699
S2275,Term3,7,2024-08-07,99.27903659257201
S2275,Term3,8,2024-08-14,96.24279033164927
S2275,Term3,9,2024-08-21,91.45701743573967
S2275,Term3,10,2024-08-28,66.2956023352731
S2275,Term3,11,2024-09-04,79.14234731129889
S2275,Term3,12,2024-09-11,94.83305448646325
S2276,Term1,1,2024-01-10,88.00478436735166
S2276,Term1,2,2024-01-17,94.91354360587542
S2276,Term1,3,2024-01-24,100.0
S2276,Term1,4,2024-01-31,70.87644153928811
S2276,Term1,5,2024-02-07,98.654922097655
S2276,Term1,6,2024-02-14,81.03563845007643
S2276,Term1,7,2024-02-21,96.22419783129679
S2276,Term1,8,2024-02-28,84.5053510795826
S2276,Term1,9,2024-03-06,100.0
S2276,Term1,10,2024-03-13,86.56104323514086
S2276,Term1,11,2024-03-20,77.31382930772824
S2276,Term1,12,2024-03-27,90.03849547350121
S2276,Term2,1,2024-04-03,88.88731336861923
S2276,Term2,2,2024-04-10,98.65716512932538
S2276,Term2,3,2024-04-17,90.3766335832591
S2276,Term2,4,2024-04-24,100.0
S2276,Term2,5,2024-05-01,83.66315037517273
S2276,Term2,6,2024-05-08,83.80456060263431
S2276,Term2,7,2024-05-15,77.75336739936336
S2276,Term2,8,2024-05-22,86.02802006025013
S2276,Term2,9,2024-05-29,87.77270945299544
S2276,Term2,10,2024-06-05,88.37452635947054
S2276,Term2,11,2024-06-12,85.806252105928
S2276,Term2,12,2024-06-19,77.68214539927241
S2276,Term3,1,2024-06-26,74.42001846301174
S2276,Term3,2,2024-07-03,80.49791530197332
S2276,Term3,3,2024-07-10,98.69845192282136
S2276,Term3,4,2024-07-17,100.0
S2276,Term3,5,2024-07-24,84.07642556271477
S2276,Term3,6,2024-07-31,73.70100440239091
S2276,Term3,7,2024-08-07,84.0259166761985
S2276,Term3,8,2024-08-14,100.0
S2276,Term3,9,2024-08-21,96.98761402379945
S2276,Term3,10,2024-08-28,91.60891229839056
S2276,Term3,11,2024-09-04,96.55221900463083
S2276,Term3,12,2024-09-11,100.0
S2277,Term1,1,2024-01-10,71.16560558143456
S2277,Term1,2,2024-01-17,80.29552157563452
S2277,Term1,3,2024-01-24,78.65534040595821
S2277,Term1,4,2024-01-31,92.0453727648518
S2277,Term1,5,2024-02-07,86.92133068767517
S2277,Term1,6,2024-02-14,94.0757354882729
S2277,Term1,7,2024-02-21,78.91735180159333
S2277,Term1,8,2024-02-28,100.0
S2277,Term1,9,2024-03-06,84.16799550220838
S2277,Term1,10,2024-03-13,93.3345466234982
S2277,Term1,11,2024-03-20,99.34487798707528
S2277,Term1,12,2024-03-27,98.38149178593962
S2277,Term2,1,2024-04-03,89.32994090082155
S2277,Term2,2,2024-04-10,94.83216287659054
S2277,Term2,3,2024-04-17,100.0
S2277,Term2,4,2024-04-24,91.16321480769635
S2277,Term2,5,2024-05-01,76.24424317526103
S2277,Term2,6,2024-05-08,91.99660877156663
S2277,Term2,7,2024-05-15,84.55262538376492
S2277,Term2,8,2024-05-22,56.82398638714787
S2277,Term2,9,2024-05-29,90.54397628443711
S2277,Term2,10,2024-06-05,86.39980780018729
S2277,Term2,11,2024-06-12,98.87701325796925
S2277,Term2,12,2024-06-19,75.99887611014032
S2277,Term3,1,2024-06-26,66.93148405144831
S2277,Term3,2,2024-07-03,87.02417031292612
S2277,Term3,3,2024-07-10,89.56212865126535
S2277,Term3,4,2024-07-17,86.12599534462683
S2277,Term3,5,2024-07-24,85.24850420422484
S2277,Term3,6,2024-07-31,72.17527654952409
S2277,Term3,7,2024-08-07,83.33299435630092
S2277,Term3,8,2024-08-14,80.81913004594702
S2277,Term3,9,2024-08-21,97.87250488920928
S2277,Term3,10,2024-08-28,89.55190436836737
S2277,Term3,11,2024-09-04,81.66403453905767
S2277,Term3,12,2024-09-11,100.0
S2278,Term1,1,2024-01-10,81.77310788541989
S2278,Term1,2,2024-01-17,91.69344068663396
S2278,Term1,3,2024-01-24,82.99694399692861
S2278,Term1,4,2024-01-31,100.0
S2278,Term1,5,2024-02-07,86.04231730976333
S2278,Term1,6,2024-02-14,86.39697073468808
S2278,Term1,7,2024-02-21,83.32155569472744
S2278,Term1,8,2024-02-28,87.35814311201457
S2278,Term1,9,2024-03-06,99.39445406377492
S2278,Term1,10,2024-03-13,95.15012613621626
S2278,Term1,11,2024-03-20,85.33691417339405
S2278,Term1,12,2024-03-27,100.0
S2278,Term2,1,2024-04-03,95.47582769611083
S2278,Term2,2,2024-04-10,79.74182656963181
S2278,Term2,3,2024-04-17,68.43581975519274
S2278,Term2,4,2024-04-24,80.01983437844116
S2278,Term2,5,2024-05-01,89.96018534260304
S2278,Term2,6,2024-05-08,92.16640444757712
S2278,Term2,7,2024-05-15,100.0
S2278,Term2,8,2024-05-22,71.865448298572
S2278,Term2,9,2024-05-29,79.73013599263828
S2278,Term2,10,2024-06-05,70.86828796150584
S2278,Term2,11,2024-06-12,68.93440946104666
S2278,Term2,12,2024-06-19,77.46617504856017
S2278,Term3,1,2024-06-26,89.39934693152826
S2278,Term3,2,2024-07-03,94.25673321868379
S2278,Term3,3,2024-07-10,73.61975072053991
S2278,Term3,4,2024-07-17,75.28868896735312
S2278,Term3,5,2024-07-24,63.642121896118795
S2278,Term3,6,2024-07-31,87.57222649932395
S2278,Term3,7,2024-08-07,76.21433317635115
S2278,Term3,8,2024-08-14,100.0
S2278,Term3,9,2024-08-21,89.91770559579514
S2278,Term3,10,2024-08-28,82.9426510785187
S2278,Term3,11,2024-09-04,77.30665086946657
S2278,Term3,12,2024-09-11,67.06395735766925
S2279,Term1,1,2024-01-10,68.58553867665483
S2279,Term1,2,2024-01-17,77.53430854513438
S2279,Term1,3,2024-01-24,76.61316541570834
S2279,Term1,4,2024-01-31,73.00993788584807
S2279,Term1,5,2024-02-07,89.52513672930813
S2279,Term1,6,2024-02-14,91.17118710897832
S2279,Term1,7,2024-02-21,79.49641123237926
S2279,Term1,8,2024-02-28,100.0
S2279,Term1,9,2024-03-06,64.03924760180689
S2279,Term1,10,2024-03-13,85.69796678766716
S2279,Term1,11,2024-03-20,82.37703755094489
S2279,Term1,12,2024-03-27,78.39158941639292
S2279,Term2,1,2024-04-03,76.62804584784328
S2279,Term2,2,2024-04-10,84.9164814050517
S2279,Term2,3,2024-04-17,82.29366607213926
S2279,Term2,4,2024-04-24,80.29748167464929
S2279,Term2,5,2024-05-01,69.4153643801275
S2279,Term2,6,2024-05-08,65.58265818627402
S2279,Term2,7,2024-05-15,81.53780229765322
S2279,Term2,8,2024-05-22,80.17484674604164
S2279,Term2,9,2024-05-29,82.63555767667806
S2279,Term2,10,2024-06-05,83.6965384253259
S2279,Term2,11,2024-06-12,78.72997189740619
S2279,Term2,12,2024-06-19,82.45111091418153
S2279,Term3,1,2024-06-26,74.75766030275807
S2279,Term3,2,2024-07-03,100.0
S2279,Term3,3,2024-07-10,75.40311822220038
S2279,Term3,4,2024-07-17,80.54823148641592
S2279,Term3,5,2024-07-24,76.31453453063344
S2279,Term3,6,2024-07-31,76.11302151754117
S2279,Term3,7,2024-08-07,85.29569879965536
S2279,Term3,8,2024-08-14,83.77318948140386
S2279,Term3,9,2024-08-21,79.48647531549747
S2279,Term3,10,2024-08-28,81.59828810134826
S2279,Term3,11,2024-09-04,76.36223738808076
S2279,Term3,12,2024-09-11,89.82070765271392
S2280,Term1,1,2024-01-10,100.0
S2280,Term1,2,2024-01-17,74.50190467320138
S2280,Term1,3,2024-01-24,89.72755868481525
S2280,Term1,4,2024-01-31,85.53938748424852
S2280,Term1,5,2024-02-07,93.02355709759108
S2280,Term1,6,2024-02-14,93.36151552595285
S2280,Term1,7,2024-02-21,87.46495236662393
S2280,Term1,8,2024-02-28,84.5221530866188
S2280,Term1,9,2024-03-06,79.78659760421864
S2280,Term1,10,2024-03-13,75.82047576269638
S2280,Term1,11,2024-03-20,83.83785206857858
S2280,Term1,12,2024-03-27,69.58493402298784
S2280,Term2,1,2024-04-03,77.87372811859038
S2280,Term2,2,2024-04-10,98.28224349367082
S2280,Term2,3,2024-04-17,86.18214665295629
S2280,Term2,4,2024-04-24,95.71197302722659
S2280,Term2,5,2024-05-01,100.0
S2280,Term2,6,2024-05-08,82.87564652902219
S2280,Term2,7,2024-05-15,87.4879100103237
S2280,Term2,8,2024-05-22,81.37784927016693
S2280,Term2,9,2024-05-29,75.24873087429273
S2280,Term2,10,2024-06-05,73.56438088801114
S2280,Term2,11,2024-06-12,95.1178044711579
S2280,Term2,12,2024-06-19,87.50352736582778
S2280,Term3,1,2024-06-26,100.0
S2280,Term3,2,2024-07-03,96.6646241550867
S2280,Term3,3,2024-07-10,76.22544412556358
S2280,Term3,4,2024-07-17,95.08410616272126
S2280,Term3,5,2024-07-24,81.33909353077294
S2280,Term3,6,2024-07-31,99.60231650954802
S2280,Term3,7,2024-08-07,79.16399347308376
S2280,Term3,8,2024-08-14,72.37088847708793
S2280,Term3,9,2024-08-21,75.45093907526308
S2280,Term3,10,2024-08-28,76.06402117102104
S2280,Term3,11,2024-09-04,74.91697882457603
S2280,Term3,12,2024-09-11,78.12870069273872
S2281,Term1,1,2024-01-10,95.28030244390285
S2281,Term1,2,2024-01-17,100.0
S2281,Term1,3,2024-01-24,69.03772581335795
S2281,Term1,4,2024-01-31,100.0
S2281,Term1,5,2024-02-07,79.26755540830686
S2281,Term1,6,2024-02-14,89.17459037442681
S2281,Term1,7,2024-02-21,65.15024763312043
S2281,Term1,8,2024-02-28,91.28842020813828
S2281,Term1,9,2024-03-06,60.93625123820725
S2281,Term1,10,2024-03-13,88.76722086772199
S2281,Term1,11,2024-03-20,88.08707256435204
S2281,Term1,12,2024-03-27,87.2920916115456
S2281,Term2,1,2024-04-03,76.18107819240484
S2281,Term2,2,2024-04-10,91.59432009315573
S2281,Term2,3,2024-04-17,89.6929781130006
S2281,Term2,4,2024-04-24,82.48056659630656
S2281,Term2,5,2024-05-01,93.06220368610232
S2281,Term2,6,2024-05-08,83.85275024121394
S2281,Term2,7,2024-05-15,91.34532590690515
S2281,Term2,8,2024-05-22,83.48944807127091
S2281,Term2,9,2024-05-29,87.60042389331448
S2281,Term2,10,2024-06-05,91.89667529290314
S2281,Term2,11,2024-06-12,80.22504911658358
S2281,Term2,12,2024-06-19,70.19396096494965
S2281,Term3,1,2024-06-26,88.31294806657786
S2281,Term3,2,2024-07-03,99.27269654335515
S2281,Term3,3,2024-07-10,88.58981167548936
S2281,Term3,4,2024-07-17,88.81770777635647
S2281,Term3,5,2024-07-24,84.49388672204032
S2281,Term3,6,2024-07-31,93.8694238332784
S2281,Term3,7,2024-08-07,82.76877500634475
S2281,Term3,8,2024-08-14,79.55321462647765
S2281,Term3,9,2024-08-21,98.26357903449839
S2281,Term3,10,2024-08-28,78.63354018048781
S2281,Term3,11,2024-09-04,95.673651357421
S2281,Term3,12,2024-09-11,98.2712255434925
S2282,Term1,1,2024-01-10,91.80180318474473
S2282,Term1,2,2024-01-17,70.00917376512841
S2282,Term1,3,2024-01-24,85.32585891066996
S2282,Term1,4,2024-01-31,82.57600003529659
S2282,Term1,5,2024-02-07,79.04800893597624
S2282,Term1,6,2024-02-14,86.71301904815714
S2282,Term1,7,2024-02-21,94.23047616997057
S2282,Term1,8,2024-02-28,79.49736807842562
S2282,Term1,9,2024-03-06,82.94340790871591
S2282,Term1,10,2024-03-13,82.10729279401615
S2282,Term1,11,2024-03-20,98.96645254653174
S2282,Term1,12,2024-03-27,81.91479258627297
S2282,Term2,1,2024-04-03,70.18713210685905
S2282,Term2,2,2024-04-10,66.11878193211383
S2282,Term2,3,2024-04-17,89.35275479879164
S2282,Term2,4,2024-04-24,75.87181912136917
S2282,Term2,5,2024-05-01,93.02469406326975
S2282,Term2,6,2024-05-08,69.02536013791442
S2282,Term2,7,2024-05-15,78.5330540006727
S2282,Term2,8,2024-05-22,69.03317380575822
S2282,Term2,9,2024-05-29,90.21532858658708
S2282,Term2,10,2024-06-05,92.78617048749581
S2282,Term2,11,2024-06-12,89.0635018916392
S2282,Term2,12,2024-06-19,71.96876415515389
S2282,Term3,1,2024-06-26,76.05083507067201
S2282,Term3,2,2024-07-03,87.81176786333864
S2282,Term3,3,2024-07-10,64.74710310250762
S2282,Term3,4,2024-07-17,82.10638066734516
S2282,Term3,5,2024-07-24,100.0
S2282,Term3,6,2024-07-31,82.8405334098355
S2282,Term3,7,2024-08-07,67.13746433161658
S2282,Term3,8,2024-08-14,77.71108902788637
S2282,Term3,9,2024-08-21,77.4316920918691
S2282,Term3,10,2024-08-28,100.0
S2282,Term3,11,2024-09-04,100.0
S2282,Term3,12,2024-09-11,93.77122520921894
S2283,Term1,1,2024-01-10,80.88308883110322
S2283,Term1,2,2024-01-17,99.40755593175668
S2283,Term1,3,2024-01-24,71.3984843313945
S2283,Term1,4,2024-01-31,97.91890378293111
S2283,Term1,5,2024-02-07,96.13568244904053
S2283,Term1,6,2024-02-14,83.18385118420863
S2283,Term1,7,2024-02-21,98.67023576020927
S2283,Term1,8,2024-02-28,79.6333464464338
S2283,Term1,9,2024-03-06,69.8189728228212
S2283,Term1,10,2024-03-13,96.73558015599906
S2283,Term1,11,2024-03-20,83.97708485032649
S2283,Term1,12,2024-03-27,92.22136723958401
S2283,Term2,1,2024-04-03,100.0
S2283,Term2,2,2024-04-10,76.33295113124444
S2283,Term2,3,2024-04-17,83.2794459419203
S2283,Term2,4,2024-04-24,100.0
S2283,Term2,5,2024-05-01,93.0247807702634
S2283,Term2,6,2024-05-08,76.60260706954485
S2283,Term2,7,2024-05-15,73.53978755752625
S2283,Term2,8,2024-05-22,78.66303231875985
S2283,Term2,9,2024-05-29,76.13902354236546
S2283,Term2,10,2024-06-05,87.84817743387437
S2283,Term2,11,2024-06-12,85.94121408637119
S2283,Term2,12,2024-06-19,88.35085305130421
S2283,Term3,1,2024-06-26,74.9102463812826
S2283,Term3,2,2024-07-03,84.14999310969694
S2283,Term3,3,2024-07-10,60.3316027125254
S2283,Term3,4,2024-07-17,86.7400758083364
S2283,Term3,5,2024-07-24,99.10528773947038
S2283,Term3,6,2024-07-31,67.90304908784583
S2283,Term3,7,2024-08-07,90.80113876776953
S2283,Term3,8,2024-08-14,77.66782777887325
S2283,Term3,9,2024-08-21,94.63001384432043
S2283,Term3,10,2024-08-28,86.90376941454734
S2283,Term3,11,2024-09-04,89.85644935192529
S2283,Term3,12,2024-09-11,85.77788678506529
S2284,Term1,1,2024-01-10,100.0
S2284,Term1,2,2024-01-17,89.16892573234122
S2284,Term1,3,2024-01-24,76.53491543197059
S2284,Term1,4,2024-01-31,86.18458062785204
S2284,Term1,5,2024-02-07,80.5734274844074
S2284,Term1,6,2024-02-14,86.94879887823507
S2284,Term1,7,2024-02-21,79.96276345159825
S2284,Term1,8,2024-02-28,76.87827117344422
S2284,Term1,9,2024-03-06,87.39126655298135
S2284,Term1,10,2024-03-13,85.66947554339865
S2284,Term1,11,2024-03-20,97.76747014055017
S2284,Term1,12,2024-03-27,80.02052945040624
S2284,Term2,1,2024-04-03,61.22975383005631
S2284,Term2,2,2024-04-10,80.63355041844025
S2284,Term2,3,2024-04-17,65.48283089300108
S2284,Term2,4,2024-04-24,89.9880636891589
S2284,Term2,5,2024-05-01,64.91322485981455
S2284,Term2,6,2024-05-08,73.13954725103078
S2284,Term2,7,2024-05-15,80.65198650070164
S2284,Term2,8,2024-05-22,100.0
S2284,Term2,9,2024-05-29,72.125318611421
S2284,Term2,10,2024-06-05,85.14885979775903
S2284,Term2,11,2024-06-12,91.9597189234871
S2284,Term2,12,2024-06-19,100.0
S2284,Term3,1,2024-06-26,94.33353702065692
S2284,Term3,2,2024-07-03,98.12688341958959
S2284,Term3,3,2024-07-10,95.3716847062185
S2284,Term3,4,2024-07-17,70.49052434324634
S2284,Term3,5,2024-07-24,89.31630525180456
S2284,Term3,6,2024-07-31,95.18393142606668
S2284,Term3,7,2024-08-07,73.52199652391177
S2284,Term3,8,2024-08-14,78.04288147931173
S2284,Term3,9,2024-08-21,75.36169245847532
S2284,Term3,10,2024-08-28,94.2714758316164
S2284,Term3,11,2024-09-04,84.16862655605041
S2284,Term3,12,2024-09-11,81.14984926797884
S2285,Term1,1,2024-01-10,69.61996100016415
S2285,Term1,2,2024-01-17,84.1912689616745
S2285,Term1,3,2024-01-24,78.18893974018302
S2285,Term1,4,2024-01-31,87.92007478316995
S2285,Term1,5,2024-02-07,71.28439361625459
S2285,Term1,6,2024-02-14,87.1348751140744
S2285,Term1,7,2024-02-21,79.73259075401415
S2285,Term1,8,2024-02-28,70.00843689117823
S2285,Term1,9,2024-03-06,69.07259154546225
S2285,Term1,10,2024-03-13,70.87575534372768
S2285,Term1,11,2024-03-20,82.52321131071349
S2285,Term1,12,2024-03-27,86.451945212362
S2285,Term2,1,2024-04-03,88.23788358852617
S2285,Term2,2,2024-04-10,88.69063501274137
S2285,Term2,3,2024-04-17,75.89772086824959
S2285,Term2,4,2024-04-24,97.7008348971421
S2285,Term2,5,2024-05-01,79.69329368790217
S2285,Term2,6,2024-05-08,90.40179712071678
S2285,Term2,7,2024-05-15,83.0301347980742
S2285,Term2,8,2024-05-22,89.5074547804365
S2285,Term2,9,2024-05-29,82.42806320626103
S2285,Term2,10,2024-06-05,89.7236185188948
S2285,Term2,11,2024-06-12,84.91133356143612
S2285,Term2,12,2024-06-19,94.76608684780827
S2285,Term3,1,2024-06-26,75.17577948146563
S2285,Term3,2,2024-07-03,63.76130396931306
S2285,Term3,3,2024-07-10,73.31971096679084
S2285,Term3,4,2024-07-17,97.82702098285641
S2285,Term3,5,2024-07-24,83.14529416134712
S2285,Term3,6,2024-07-31,86.10474754655874
S2285,Term3,7,2024-08-07,72.35636063144335
S2285,Term3,8,2024-08-14,85.78664470180334
S2285,Term3,9,2024-08-21,72.72624827112764
S2285,Term3,10,2024-08-28,74.49062469936695
S2285,Term3,11,2024-09-04,80.17019580611344
S2285,Term3,12,2024-09-11,90.34116709410574
S2286,Term1,1,2024-01-10,91.62217096771012
S2286,Term1,2,2024-01-17,91.94853877525404
S2286,Term1,3,2024-01-24,65.94299061946751
S2286,Term1,4,2024-01-31,84.92002599531686
S2286,Term1,5,2024-02-07,82.63861799940717
S2286,Term1,6,2024-02-14,66.61381100702253
S2286,Term1,7,2024-02-21,85.19180520066638
S2286,Term1,8,2024-02-28,81.99487339075887
S2286,Term1,9,2024-03-06,91.13830806541465
S2286,Term1,10,2024-03-13,85.97496491487763
S2286,Term1,11,2024-03-20,78.40815363660096
S2286,Term1,12,2024-03-27,96.10914940548373
S2286,Term2,1,2024-04-03,58.34519799069851
S2286,Term2,2,2024-04-10,84.22881845884467
S2286,Term2,3,2024-04-17,63.84098881609677
S2286,Term2,4,2024-04-24,74.05368074552656
S2286,Term2,5,2024-05-01,91.29776443611219
S2286,Term2,6,2024-05-08,69.70963023471036
S2286,Term2,7,2024-05-15,67.91538617555278
S2286,Term2,8,2024-05-22,100.0
S2286,Term2,9,2024-05-29,68.68853138295802
S2286,Term2,10,2024-06-05,100.0
S2286,Term2,11,2024-06-12,82.93357402504887
S2286,Term2,12,2024-06-19,78.7020505427323
S2286,Term3,1,2024-06-26,91.80143668705846
S2286,Term3,2,2024-07-03,100.0
S2286,Term3,3,2024-07-10,71.24718469470005
S2286,Term3,4,2024-07-17,78.87700252325763
S2286,Term3,5,2024-07-24,95.16243681621103
S2286,Term3,6,2024-07-31,88.455931749124
S2286,Term3,7,2024-08-07,98.22301396769659
S2286,Term3,8,2024-08-14,91.18134345318136
S2286,Term3,9,2024-08-21,100.0
S2286,Term3,10,2024-08-28,87.1430631860038
S2286,Term3,11,2024-09-04,87.66173377997154
S2286,Term3,12,2024-09-11,88.86065646418959
S2287,Term1,1,2024-01-10,83.2901337792813
S2287,Term1,2,2024-01-17,95.1770459056111
S2287,Term1,3,2024-01-24,87.84449468635631
S2287,Term1,4,2024-01-31,94.45816010974173
S2287,Term1,5,2024-02-07,96.33399824348992
S2287,Term1,6,2024-02-14,90.14145617872393
S2287,Term1,7,2024-02-21,91.02059589081036
S2287,Term1,8,2024-02-28,72.8760425488416
S2287,Term1,9,2024-03-06,78.39575694616215
S2287,Term1,10,2024-03-13,95.12060143588877
S2287,Term1,11,2024-03-20,100.0
S2287,Term1,12,2024-03-27,61.71483729389968
S2287,Term2,1,2024-04-03,78.18564223298303
S2287,Term2,2,2024-04-10,85.2834472289758
S2287,Term2,3,2024-04-17,74.44870645503187
S2287,Term2,4,2024-04-24,75.1297642698198
S2287,Term2,5,2024-05-01,90.69903848552566
S2287,Term2,6,2024-05-08,100.0
S2287,Term2,7,2024-05-15,60.61811732413431
S2287,Term2,8,2024-05-22,82.95428621221964
S2287,Term2,9,2024-05-29,90.55936410148466
S2287,Term2,10,2024-06-05,94.3625676664029
S2287,Term2,11,2024-06-12,88.82952811682846
S2287,Term2,12,2024-06-19,100.0
S2287,Term3,1,2024-06-26,85.34687911990953
S2287,Term3,2,2024-07-03,100.0
S2287,Term3,3,2024-07-10,77.24358795584837
S2287,Term3,4,2024-07-17,85.6957953590662
S2287,Term3,5,2024-07-24,70.44741909041379
S2287,Term3,6,2024-07-31,95.81037328658793
S2287,Term3,7,2024-08-07,83.55468564830588
S2287,Term3,8,2024-08-14,89.29385275023877
S2287,Term3,9,2024-08-21,81.23957642457911
S2287,Term3,10,2024-08-28,92.03714201990819
S2287,Term3,11,2024-09-04,89.76920768626903
S2287,Term3,12,2024-09-11,73.06418284034552
S2288,Term1,1,2024-01-10,73.75879080900387
S2288,Term1,2,2024-01-17,84.66677523590378
S2288,Term1,3,2024-01-24,92.91488748887988
S2288,Term1,4,2024-01-31,100.0
S2288,Term1,5,2024-02-07,88.63589027998874
S2288,Term1,6,2024-02-14,97.09037682986248
S2288,Term1,7,2024-02-21,65.64578878282998
S2288,Term1,8,2024-02-28,100.0
S2288,Term1,9,2024-03-06,92.26823453355031
S2288,Term1,10,2024-03-13,84.40474586609464
S2288,Term1,11,2024-03-20,83.0236474305049
S2288,Term1,12,2024-03-27,71.71360242569202
S2288,Term2,1,2024-04-03,75.14455845135795
S2288,Term2,2,2024-04-10,100.0
S2288,Term2,3,2024-04-17,73.13194674056786
S2288,Term2,4,2024-04-24,72.90078690560387
S2288,Term2,5,2024-05-01,76.57335416709304
S2288,Term2,6,2024-05-08,70.62183096446472
S2288,Term2,7,2024-05-15,85.18367889814613
S2288,Term2,8,2024-05-22,98.06692615198287
S2288,Term2,9,2024-05-29,77.6740920847356
S2288,Term2,10,2024-06-05,68.52010864287014
S2288,Term2,11,2024-06-12,88.50233575617584
S2288,Term2,12,2024-06-19,84.33070794784224
S2288,Term3,1,2024-06-26,97.0326946009795
S2288,Term3,2,2024-07-03,79.54590040837276
S2288,Term3,3,2024-07-10,81.8781186444799
S2288,Term3,4,2024-07-17,83.20563562548077
S2288,Term3,5,2024-07-24,86.06804932664178
S2288,Term3,6,2024-07-31,80.28925987170892
S2288,Term3,7,2024-08-07,78.34427070344789
S2288,Term3,8,2024-08-14,62.795467781417905
S2288,Term3,9,2024-08-21,78.2153534905586
S2288,Term3,10,2024-08-28,93.58267921698102
S2288,Term3,11,2024-09-04,95.20294623242663
S2288,Term3,12,2024-09-11,79.3466437169044
S2289,Term1,1,2024-01-10,100.0
S2289,Term1,2,2024-01-17,84.65555113959574
S2289,Term1,3,2024-01-24,68.94584353820862
S2289,Term1,4,2024-01-31,65.17139132254893
S2289,Term1,5,2024-02-07,99.61909507143672
S2289,Term1,6,2024-02-14,80.52395529686711
S2289,Term1,7,2024-02-21,70.43122572312905
S2289,Term1,8,2024-02-28,57.88868594277358
S2289,Term1,9,2024-03-06,80.25140666949828
S2289,Term1,10,2024-03-13,89.85701030795633
S2289,Term1,11,2024-03-20,76.62770627144555
S2289,Term1,12,2024-03-27,72.36105807839354
S2289,Term2,1,2024-04-03,78.40749077671927
S2289,Term2,2,2024-04-10,99.91830422973827
S2289,Term2,3,2024-04-17,68.28422058789772
S2289,Term2,4,2024-04-24,77.2995876349298
S2289,Term2,5,2024-05-01,99.5290928754111
S2289,Term2,6,2024-05-08,90.93011547308504
S2289,Term2,7,2024-05-15,87.14953376534747
S2289,Term2,8,2024-05-22,77.21864637500502
S2289,Term2,9,2024-05-29,85.36605777400513
S2289,Term2,10,2024-06-05,78.54605117856039
S2289,Term2,11,2024-06-12,74.68736642715099
S2289,Term2,12,2024-06-19,72.03931029637911
S2289,Term3,1,2024-06-26,94.40914715646998
S2289,Term3,2,2024-07-03,84.27512641340637
S2289,Term3,3,2024-07-10,88.77416492563235
S2289,Term3,4,2024-07-17,86.82007822961684
S2289,Term3,5,2024-07-24,90.29102593370031
S2289,Term3,6,2024-07-31,81.9433745201693
S2289,Term3,7,2024-08-07,79.2201105873451
S2289,Term3,8,2024-08-14,75.21663604730654
S2289,Term3,9,2024-08-21,68.03237039911464
S2289,Term3,10,2024-08-28,71.535601952525
S2289,Term3,11,2024-09-04,80.61498734679734
S2289,Term3,12,2024-09-11,65.76352618677426
S2290,Term1,1,2024-01-10,68.41256915036763
S2290,Term1,2,2024-01-17,97.50567871162212
S2290,Term1,3,2024-01-24,87.6901538182455
S2290,Term1,4,2024-01-31,79.57795926155775
S2290,Term1,5,2024-02-07,100.0
S2290,Term1,6,2024-02-14,65.22100337544366
S2290,Term1,7,2024-02-21,96.70733531754186
S2290,Term1,8,2024-02-28,83.662407006647
S2290,Term1,9,2024-03-06,94.42056427495375
S2290,Term1,10,2024-03-13,86.30744460724968
S2290,Term1,11,2024-03-20,62.533059253056905
S2290,Term1,12,2024-03-27,86.14552561070595
S2290,Term2,1,2024-04-03,89.02667025567517
S2290,Term2,2,2024-04-10,58.696176417707036
S2290,Term2,3,2024-04-17,100.0
S2290,Term2,4,2024-04-24,88.73449113007327
S2290,Term2,5,2024-05-01,93.06385288163794
S2290,Term2,6,2024-05-08,71.01364732508426
S2290,Term2,7,2024-05-15,93.28741026574741
S2290,Term2,8,2024-05-22,98.07405351475667
S2290,Term2,9,2024-05-29,88.04281873765414
S2290,Term2,10,2024-06-05,84.88754129775083
S2290,Term2,11,2024-06-12,74.276942501219
S2290,Term2,12,2024-06-19,82.40551698660009
S2290,Term3,1,2024-06-26,78.85564582888864
S2290,Term3,2,2024-07-03,91.86394764871221
S2290,Term3,3,2024-07-10,74.80148889859117
S2290,Term3,4,2024-07-17,91.77580865804269
S2290,Term3,5,2024-07-24,74.93217324724412
S2290,Term3,6,2024-07-31,81.85176935007978
S2290,Term3,7,2024-08-07,92.3925327641538
S2290,Term3,8,2024-08-14,76.55443936016748
S2290,Term3,9,2024-08-21,92.80643786773122
S2290,Term3,10,2024-08-28,91.63592989205642
S2290,Term3,11,2024-09-04,81.74859191947668
S2290,Term3,12,2024-09-11,98.94139841626946
S2291,Term1,1,2024-01-10,85.93341210372537
S2291,Term1,2,2024-01-17,98.22731831902419
S2291,Term1,3,2024-01-24,100.0
S2291,Term1,4,2024-01-31,82.10438773958427
S2291,Term1,5,2024-02-07,92.73945980832876
S2291,Term1,6,2024-02-14,77.3491848961255
S2291,Term1,7,2024-02-21,72.60622708590162
S2291,Term1,8,2024-02-28,82.65448411136286
S2291,Term1,9,2024-03-06,68.64879664300645
S2291,Term1,10,2024-03-13,73.74870664423229
S2291,Term1,11,2024-03-20,92.09719119185281
S2291,Term1,12,2024-03-27,78.83621181461393
S2291,Term2,1,2024-04-03,93.52616904546234
S2291,Term2,2,2024-04-10,88.59294325620985
S2291,Term2,3,2024-04-17,100.0
S2291,Term2,4,2024-04-24,91.29204742691255
S2291,Term2,5,2024-05-01,98.37061684335177
S2291,Term2,6,2024-05-08,89.82261595753056
S2291,Term2,7,2024-05-15,88.73672201293687
S2291,Term2,8,2024-05-22,98.97679650535979
S2291,Term2,9,2024-05-29,93.02556959038317
S2291,Term2,10,2024-06-05,87.52076335548914
S2291,Term2,11,2024-06-12,87.46785599115661
S2291,Term2,12,2024-06-19,91.45875174196499
S2291,Term3,1,2024-06-26,76.94351776648138
S2291,Term3,2,2024-07-03,76.43440640633563
S2291,Term3,3,2024-07-10,100.0
S2291,Term3,4,2024-07-17,100.0
S2291,Term3,5,2024-07-24,73.85341049907801
S2291,Term3,6,2024-07-31,76.97206681072355
S2291,Term3,7,2024-08-07,98.71027383404973
S2291,Term3,8,2024-08-14,91.40223991770876
S2291,Term3,9,2024-08-21,93.11713726385106
S2291,Term3,10,2024-08-28,95.75921553823669
S2291,Term3,11,2024-09-04,82.11121405907109
S2291,Term3,12,2024-09-11,88.95963909988224
S2292,Term1,1,2024-01-10,88.0263058083771
S2292,Term1,2,2024-01-17,74.69810079705448
S2292,Term1,3,2024-01-24,88.78109131858845
S2292,Term1,4,2024-01-31,99.85252835379602
S2292,Term1,5,2024-02-07,80.99040113387966
S2292,Term1,6,2024-02-14,86.83083098489121
S2292,Term1,7,2024-02-21,87.48050699213027
S2292,Term1,8,2024-02-28,81.58402539477675
S2292,Term1,9,2024-03-06,93.1228148523323
S2292,Term1,10,2024-03-13,76.83921242494014
S2292,Term1,11,2024-03-20,100.0
S2292,Term1,12,2024-03-27,92.51446673958695
S2292,Term2,1,2024-04-03,73.75877679192527
S2292,Term2,2,2024-04-10,100.0
S2292,Term2,3,2024-04-17,87.01721753513914
S2292,Term2,4,2024-04-24,76.32462979317938
S2292,Term2,5,2024-05-01,98.2546542998943
S2292,Term2,6,2024-05-08,90.9360582333763
S2292,Term2,7,2024-05-15,63.73648354919154
S2292,Term2,8,2024-05-22,78.69207619307376
S2292,Term2,9,2024-05-29,88.34916804665852
S2292,Term2,10,2024-06-05,59.08519986828809
S2292,Term2,11,2024-06-12,86.02084102464873
S2292,Term2,12,2024-06-19,86.89575247246312
S2292,Term3,1,2024-06-26,70.79809741149013
S2292,Term3,2,2024-07-03,88.24773863511956
S2292,Term3,3,2024-07-10,85.0895660695004
S2292,Term3,4,2024-07-17,70.70447072937982
S2292,Term3,5,2024-07-24,96.03472656235391
S2292,Term3,6,2024-07-31,95.05424553721366
S2292,Term3,7,2024-08-07,81.52315495777167
S2292,Term3,8,2024-08-14,82.61702411929811
S2292,Term3,9,2024-08-21,93.71516725114415
S2292,Term3,10,2024-08-28,82.59204228265833
S2292,Term3,11,2024-09-04,61.829101593758146
S2292,Term3,12,2024-09-11,90.84323868879913
S2293,Term1,1,2024-01-10,75.2408881511379
S2293,Term1,2,2024-01-17,80.32188334698887
S2293,Term1,3,2024-01-24,100.0
S2293,Term1,4,2024-01-31,83.39225831189442
S2293,Term1,5,2024-02-07,85.02081923048648
S2293,Term1,6,2024-02-14,91.11600730556317
S2293,Term1,7,2024-02-21,91.0640073264884
S2293,Term1,8,2024-02-28,73.9696267914666
S2293,Term1,9,2024-03-06,84.2764178135875
S2293,Term1,10,2024-03-13,85.43383033510993
S2293,Term1,11,2024-03-20,88.26432275954592
S2293,Term1,12,2024-03-27,88.47066329099943
S2293,Term2,1,2024-04-03,100.0
S2293,Term2,2,2024-04-10,70.88968275295306
S2293,Term2,3,2024-04-17,96.76109944237547
S2293,Term2,4,2024-04-24,99.2005096699967
S2293,Term2,5,2024-05-01,90.91340768708233
S2293,Term2,6,2024-05-08,77.19621526152311
S2293,Term2,7,2024-05-15,100.0
S2293,Term2,8,2024-05-22,58.69620562311762
S2293,Term2,9,2024-05-29,76.80079963338608
S2293,Term2,10,2024-06-05,99.06018636667373
S2293,Term2,11,2024-06-12,80.55866075892979
S2293,Term2,12,2024-06-19,100.0
S2293,Term3,1,2024-06-26,66.8583430638592
S2293,Term3,2,2024-07-03,71.6547772726239
S2293,Term3,3,2024-07-10,78.6203419584763
S2293,Term3,4,2024-07-17,90.00879133043834
S2293,Term3,5,2024-07-24,82.33575819543972
S2293,Term3,6,2024-07-31,79.11520896925094
S2293,Term3,7,2024-08-07,100.0
S2293,Term3,8,2024-08-14,100.0
S2293,Term3,9,2024-08-21,80.02744281150933
S2293,Term3,10,2024-08-28,64.48278631204406
S2293,Term3,11,2024-09-04,59.11019404975144
S2293,Term3,12,2024-09-11,87.87148137736428
S2294,Term1,1,2024-01-10,92.87146746662557
S2294,Term1,2,2024-01-17,85.75597342694255
S2294,Term1,3,2024-01-24,84.14910271503089
S2294,Term1,4,2024-01-31,75.345488623671
S2294,Term1,5,2024-02-07,92.85975752696606
S2294,Term1,6,2024-02-14,100.0
S2294,Term1,7,2024-02-21,58.39746787197333
S2294,Term1,8,2024-02-28,84.06998573454742
S2294,Term1,9,2024-03-06,73.3558198070368
S2294,Term1,10,2024-03-13,67.11440807135378
S2294,Term1,11,2024-03-20,71.44028955058701
S2294,Term1,12,2024-03-27,89.55607426821285
S2294,Term2,1,2024-04-03,89.859546371094
S2294,Term2,2,2024-04-10,100.0
S2294,Term2,3,2024-04-17,85.10537856574554
S2294,Term2,4,2024-04-24,63.901340441565054
S2294,Term2,5,2024-05-01,82.14196549148834
S2294,Term2,6,2024-05-08,68.36345113341059
S2294,Term2,7,2024-05-15,70.51844936293594
S2294,Term2,8,2024-05-22,91.96670870087794
S2294,Term2,9,2024-05-29,87.33017086713303
S2294,Term2,10,2024-06-05,92.05078714522396
S2294,Term2,11,2024-06-12,80.71008583273927
S2294,Term2,12,2024-06-19,94.48635476110427
S2294,Term3,1,2024-06-26,80.03916522051867
S2294,Term3,2,2024-07-03,98.40019399290696
S2294,Term3,3,2024-07-10,89.13566727365851
S2294,Term3,4,2024-07-17,82.51603755418459
S2294,Term3,5,2024-07-24,87.54511653011316
S2294,Term3,6,2024-07-31,84.78567158830099
S2294,Term3,7,2024-08-07,100.0
S2294,Term3,8,2024-08-14,87.94525147094546
S2294,Term3,9,2024-08-21,84.98064793126589
S2294,Term3,10,2024-08-28,82.13810971539041
S2294,Term3,11,2024-09-04,95.11821063094013
S2294,Term3,12,2024-09-11,93.49496006864206
S2295,Term1,1,2024-01-10,81.71390043624847
S2295,Term1,2,2024-01-17,71.1323018245263
S2295,Term1,3,2024-01-24,74.17638233945976
S2295,Term1,4,2024-01-31,82.79004952549364
S2295,Term1,5,2024-02-07,100.0
S2295,Term1,6,2024-02-14,81.99788044903704
S2295,Term1,7,2024-02-21,77.87051668041323
S2295,Term1,8,2024-02-28,63.87136824101624
S2295,Term1,9,2024-03-06,100.0
S2295,Term1,10,2024-03-13,91.82833775177752
S2295,Term1,11,2024-03-20,94.55211964007029
S2295,Term1,12,2024-03-27,96.5402566231525
S2295,Term2,1,2024-04-03,83.02323725489244
S2295,Term2,2,2024-04-10,86.01508760497042
S2295,Term2,3,2024-04-17,100.0
S2295,Term2,4,2024-04-24,87.15497067182964
S2295,Term2,5,2024-05-01,92.05030348076794
S2295,Term2,6,2024-05-08,95.44660860640613
S2295,Term2,7,2024-05-15,92.71517598907172
S2295,Term2,8,2024-05-22,83.46196995680208
S2295,Term2,9,2024-05-29,84.59339388623296
S2295,Term2,10,2024-06-05,94.3316852557113
S2295,Term2,11,2024-06-12,94.31203431921672
S2295,Term2,12,2024-06-19,99.01879118823354
S2295,Term3,1,2024-06-26,91.61316379971807
S2295,Term3,2,2024-07-03,92.15926736310466
S2295,Term3,3,2024-07-10,79.64519959858664
S2295,Term3,4,2024-07-17,78.02620586713718
S2295,Term3,5,2024-07-24,94.36756809221794
S2295,Term3,6,2024-07-31,78.1097791838035
S2295,Term3,7,2024-08-07,84.75158796259765
S2295,Term3,8,2024-08-14,100.0
S2295,Term3,9,2024-08-21,99.64684350814107
S2295,Term3,10,2024-08-28,88.6214659695662
S2295,Term3,11,2024-09-04,81.44632504199548
S2295,Term3,12,2024-09-11,83.51945307587795
S2296,Term1,1,2024-01-10,95.41192169266738
S2296,Term1,2,2024-01-17,84.56200867064601
S2296,Term1,3,2024-01-24,78.30061128387683
S2296,Term1,4,2024-01-31,99.58929707689569
S2296,Term1,5,2024-02-07,87.17920166955138
S2296,Term1,6,2024-02-14,78.07293014809905
S2296,Term1,7,2024-02-21,90.74728226719157
S2296,Term1,8,2024-02-28,96.65462095831009
S2296,Term1,9,2024-03-06,72.90792322254687
S2296,Term1,10,2024-03-13,82.59455303976479
S2296,Term1,11,2024-03-20,82.03979958893905
S2296,Term1,12,2024-03-27,90.42744598940172
S2296,Term2,1,2024-04-03,92.5840998743183
S2296,Term2,2,2024-04-10,78.38231306464617
S2296,Term2,3,2024-04-17,67.0869858891277
S2296,Term2,4,2024-04-24,97.3815850551928
S2296,Term2,5,2024-05-01,71.56065675307345
S2296,Term2,6,2024-05-08,88.25421046052652
S2296,Term2,7,2024-05-15,83.41622921523181
S2296,Term2,8,2024-05-22,86.9493268624489
S2296,Term2,9,2024-05-29,100.0
S2296,Term2,10,2024-06-05,100.0
S2296,Term2,11,2024-06-12,65.3987510632167
S2296,Term2,12,2024-06-19,96.80687386399508
S2296,Term3,1,2024-06-26,83.12502672786825
S2296,Term3,2,2024-07-03,97.57425416455062
S2296,Term3,3,2024-07-10,96.48715691414996
S2296,Term3,4,2024-07-17,100.0
S2296,Term3,5,2024-07-24,88.41957898195237
S2296,Term3,6,2024-07-31,74.32508218053971
S2296,Term3,7,2024-08-07,96.13179386451544
S2296,Term3,8,2024-08-14,86.41597091372877
S2296,Term3,9,2024-08-21,82.1938814183904
S2296,Term3,10,2024-08-28,79.28531343154046
S2296,Term3,11,2024-09-04,97.07602682926155
S2296,Term3,12,2024-09-11,100.0
S2297,Term1,1,2024-01-10,70.65576929560439
S2297,Term1,2,2024-01-17,92.46342690974717
S2297,Term1,3,2024-01-24,80.53135377492826
S2297,Term1,4,2024-01-31,67.39273122169463
S2297,Term1,5,2024-02-07,86.7724698491561
S2297,Term1,6,2024-02-14,75.00234663772527
S2297,Term1,7,2024-02-21,66.06696126639763
S2297,Term1,8,2024-02-28,75.61911433330559
S2297,Term1,9,2024-03-06,72.66671298503375
S2297,Term1,10,2024-03-13,77.23975776323931
S2297,Term1,11,2024-03-20,69.08939107655573
S2297,Term1,12,2024-03-27,80.25831869648543
S2297,Term2,1,2024-04-03,76.44101046299232
S2297,Term2,2,2024-04-10,89.50736652574788
S2297,Term2,3,2024-04-17,92.12246783677979
S2297,Term2,4,2024-04-24,88.1217829213413
S2297,Term2,5,2024-05-01,82.17466650551789
S2297,Term2,6,2024-05-08,81.85086885169223
S2297,Term2,7,2024-05-15,74.95510015106362
S2297,Term2,8,2024-05-22,75.24406408708076
S2297,Term2,9,2024-05-29,93.44324641694483
S2297,Term2,10,2024-06-05,63.883568816194426
S2297,Term2,11,2024-06-12,84.03130074024469
S2297,Term2,12,2024-06-19,81.11765126126559
S2297,Term3,1,2024-06-26,92.18958521649871
S2297,Term3,2,2024-07-03,67.89985619893179
S2297,Term3,3,2024-07-10,85.14976846583127
S2297,Term3,4,2024-07-17,89.11581209630928
S2297,Term3,5,2024-07-24,62.14322537651206
S2297,Term3,6,2024-07-31,72.10806432565916
S2297,Term3,7,2024-08-07,83.89852183824651
S2297,Term3,8,2024-08-14,91.16976289161165
S2297,Term3,9,2024-08-21,87.1899917333524
S2297,Term3,10,2024-08-28,91.72545103539768
S2297,Term3,11,2024-09-04,72.04752984831214
S2297,Term3,12,2024-09-11,65.93499580326369
S2298,Term1,1,2024-01-10,86.01406966908148
S2298,Term1,2,2024-01-17,70.24776114143063
S2298,Term1,3,2024-01-24,74.61613208742637
S2298,Term1,4,2024-01-31,96.18734025791647
S2298,Term1,5,2024-02-07,87.26919468120221
S2298,Term1,6,2024-02-14,78.18226113693503
S2298,Term1,7,2024-02-21,76.62362194430844
S2298,Term1,8,2024-02-28,92.45105868266998
S2298,Term1,9,2024-03-06,87.5436512277998
S2298,Term1,10,2024-03-13,70.42532029212771
S2298,Term1,11,2024-03-20,61.62611520278863
S2298,Term1,12,2024-03-27,100.0
S2298,Term2,1,2024-04-03,70.33024929618931
S2298,Term2,2,2024-04-10,91.33235803960147
S2298,Term2,3,2024-04-17,100.0
S2298,Term2,4,2024-04-24,86.77117082599787
S2298,Term2,5,2024-05-01,77.79475988239355
S2298,Term2,6,2024-05-08,67.88741149965145
S2298,Term2,7,2024-05-15,67.71987356415963
S2298,Term2,8,2024-05-22,89.52033818411664
S2298,Term2,9,2024-05-29,100.0
S2298,Term2,10,2024-06-05,80.25449083954565
S2298,Term2,11,2024-06-12,78.33135445420763
S2298,Term2,12,2024-06-19,93.36977308973424
S2298,Term3,1,2024-06-26,76.76863295314304
S2298,Term3,2,2024-07-03,88.29379489154105
S2298,Term3,3,2024-07-10,85.50161740102615
S2298,Term3,4,2024-07-17,80.08638329706334
S2298,Term3,5,2024-07-24,84.81354209516175
S2298,Term3,6,2024-07-31,100.0
S2298,Term3,7,2024-08-07,92.25439532921148
S2298,Term3,8,2024-08-14,98.11000965107175
S2298,Term3,9,2024-08-21,73.97566766895926
S2298,Term3,10,2024-08-28,98.15123377129089
S2298,Term3,11,2024-09-04,92.66824570562783
S2298,Term3,12,2024-09-11,67.00484684128759
S2299,Term1,1,2024-01-10,91.4774888004532
S2299,Term1,2,2024-01-17,78.84071035846387
S2299,Term1,3,2024-01-24,66.4503558840926
S2299,Term1,4,2024-01-31,86.55730878793143
S2299,Term1,5,2024-02-07,91.46851109275131
S2299,Term1,6,2024-02-14,86.81929682373476
S2299,Term1,7,2024-02-21,83.69033698185093
S2299,Term1,8,2024-02-28,81.03297593850002
S2299,Term1,9,2024-03-06,100.0
S2299,Term1,10,2024-03-13,70.80916733765625
S2299,Term1,11,2024-03-20,95.47506378828643
S2299,Term1,12,2024-03-27,85.1850756506678
S2299,Term2,1,2024-04-03,74.74640192479562
S2299,Term2,2,2024-04-10,84.41921139245706
S2299,Term2,3,2024-04-17,68.2848083489366
S2299,Term2,4,2024-04-24,77.85411511831775
S2299,Term2,5,2024-05-01,84.43678808997274
S2299,Term2,6,2024-05-08,66.38659529681044
S2299,Term2,7,2024-05-15,91.0765904618567
S2299,Term2,8,2024-05-22,73.43486750906162
S2299,Term2,9,2024-05-29,67.57934850383737
S2299,Term2,10,2024-06-05,72.03498717005955
S2299,Term2,11,2024-06-12,100.0
S2299,Term2,12,2024-06-19,61.26323029757393
S2299,Term3,1,2024-06-26,90.23347706523748
S2299,Term3,2,2024-07-03,75.98036474776856
S2299,Term3,3,2024-07-10,80.79846194178926
S2299,Term3,4,2024-07-17,92.24717114416399
S2299,Term3,5,2024-07-24,91.65782457806705
S2299,Term3,6,2024-07-31,76.83164297005851
S2299,Term3,7,2024-08-07,68.70611192040047
S2299,Term3,8,2024-08-14,92.46569168440767
S2299,Term3,9,2024-08-21,91.62852631611213
S2299,Term3,10,2024-08-28,81.58036589454174
S2299,Term3,11,2024-09-04,90.30333260570053
S2299,Term3,12,2024-09-11,79.65004622829358
